path,label,label_index,predicted_index,predicted_label,confidence,is_correct
/kaggle/input/datasets/ravirajsinh45/real-life-industrial-dataset-of-casting-product/casting_data/casting_data/test/def_front/cast_def_0_1059.jpeg,def_front,0,0,def_front,0.998511,True
/kaggle/input/datasets/ravirajsinh45/real-life-industrial-dataset-of-casting-product/casting_data/casting_data/test/def_front/cast_def_0_1063.jpeg,def_front,0,0,def_front,0.99978536,True
/kaggle/input/datasets/ravirajsinh45/real-life-industrial-dataset-of-casting-product/casting_data/casting_data/test/def_front/cast_def_0_108.jpeg,def_front,0,0,def_front,1.0,True
/kaggle/input/datasets/ravirajsinh45/real-life-industrial-dataset-of-casting-product/casting_data/casting_data/test/def_front/cast_def_0_1096.jpeg,def_front,0,0,def_front,0.99864596,True
/kaggle/input/datasets/ravirajsinh45/real-life-industrial-dataset-of-casting-product/casting_data/casting_data/test/def_front/cast_def_0_112.jpeg,def_front,0,0,def_front,1.0,True
/kaggle/input/datasets/ravirajsinh45/real-life-industrial-dataset-of-casting-product/casting_data/casting_data/test/def_front/cast_def_0_1134.jpeg,def_front,0,0,def_front,0.9999999,True
/kaggle/input/datasets/ravirajsinh45/real-life-industrial-dataset-of-casting-product/casting_data/casting_data/test/def_front/cast_def_0_1136.jpeg,def_front,0,0,def_front,0.9999957,True
/kaggle/input/datasets/ravirajsinh45/real-life-industrial-dataset-of-casting-product/casting_data/casting_data/test/def_front/cast_def_0_1137.jpeg,def_front,0,0,def_front,0.9999989,True
/kaggle/input/datasets/ravirajsinh45/real-life-industrial-dataset-of-casting-product/casting_data/casting_data/test/def_front/cast_def_0_1153.jpeg,def_front,0,0,def_front,0.99992156,True
/kaggle/input/datasets/ravirajsinh45/real-life-industrial-dataset-of-casting-product/casting_data/casting_data/test/def_front/cast_def_0_1171.jpeg,def_front,0,0,def_front,0.9995528,True
/kaggle/input/datasets/ravirajsinh45/real-life-industrial-dataset-of-casting-product/casting_data/casting_data/test/def_front/cast_def_0_1172.jpeg,def_front,0,0,def_front,1.0,True
/kaggle/input/datasets/ravirajsinh45/real-life-industrial-dataset-of-casting-product/casting_data/casting_data/test/def_front/cast_def_0_1174.jpeg,def_front,0,0,def_front,0.9999999,True
/kaggle/input/datasets/ravirajsinh45/real-life-industrial-dataset-of-casting-product/casting_data/casting_data/test/def_front/cast_def_0_118.jpeg,def_front,0,0,def_front,0.99999785,True
/kaggle/input/datasets/ravirajsinh45/real-life-industrial-dataset-of-casting-product/casting_data/casting_data/test/def_front/cast_def_0_1186.jpeg,def_front,0,0,def_front,0.99999964,True
/kaggle/input/datasets/ravirajsinh45/real-life-industrial-dataset-of-casting-product/casting_data/casting_data/test/def_front/cast_def_0_1189.jpeg,def_front,0,0,def_front,1.0,True
/kaggle/input/datasets/ravirajsinh45/real-life-industrial-dataset-of-casting-product/casting_data/casting_data/test/def_front/cast_def_0_1191.jpeg,def_front,0,0,def_front,0.99999285,True
/kaggle/input/datasets/ravirajsinh45/real-life-industrial-dataset-of-casting-product/casting_data/casting_data/test/def_front/cast_def_0_1203.jpeg,def_front,0,0,def_front,0.9999503,True
/kaggle/input/datasets/ravirajsinh45/real-life-industrial-dataset-of-casting-product/casting_data/casting_data/test/def_front/cast_def_0_1211.jpeg,def_front,0,0,def_front,1.0,True
/kaggle/input/datasets/ravirajsinh45/real-life-industrial-dataset-of-casting-product/casting_data/casting_data/test/def_front/cast_def_0_1215.jpeg,def_front,0,0,def_front,0.9999776,True
/kaggle/input/datasets/ravirajsinh45/real-life-industrial-dataset-of-casting-product/casting_data/casting_data/test/def_front/cast_def_0_1231.jpeg,def_front,0,1,ok_front,0.63577193,False
/kaggle/input/datasets/ravirajsinh45/real-life-industrial-dataset-of-casting-product/casting_data/casting_data/test/def_front/cast_def_0_1233.jpeg,def_front,0,0,def_front,0.99923027,True
/kaggle/input/datasets/ravirajsinh45/real-life-industrial-dataset-of-casting-product/casting_data/casting_data/test/def_front/cast_def_0_1238.jpeg,def_front,0,0,def_front,1.0,True
/kaggle/input/datasets/ravirajsinh45/real-life-industrial-dataset-of-casting-product/casting_data/casting_data/test/def_front/cast_def_0_1239.jpeg,def_front,0,0,def_front,0.99984956,True
/kaggle/input/datasets/ravirajsinh45/real-life-industrial-dataset-of-casting-product/casting_data/casting_data/test/def_front/cast_def_0_1258.jpeg,def_front,0,1,ok_front,0.59513867,False
/kaggle/input/datasets/ravirajsinh45/real-life-industrial-dataset-of-casting-product/casting_data/casting_data/test/def_front/cast_def_0_1260.jpeg,def_front,0,0,def_front,1.0,True
/kaggle/input/datasets/ravirajsinh45/real-life-industrial-dataset-of-casting-product/casting_data/casting_data/test/def_front/cast_def_0_1264.jpeg,def_front,0,0,def_front,0.9997633,True
/kaggle/input/datasets/ravirajsinh45/real-life-industrial-dataset-of-casting-product/casting_data/casting_data/test/def_front/cast_def_0_1269.jpeg,def_front,0,0,def_front,0.9994511,True
/kaggle/input/datasets/ravirajsinh45/real-life-industrial-dataset-of-casting-product/casting_data/casting_data/test/def_front/cast_def_0_1291.jpeg,def_front,0,1,ok_front,0.5697658,False
/kaggle/input/datasets/ravirajsinh45/real-life-industrial-dataset-of-casting-product/casting_data/casting_data/test/def_front/cast_def_0_1292.jpeg,def_front,0,0,def_front,1.0,True
/kaggle/input/datasets/ravirajsinh45/real-life-industrial-dataset-of-casting-product/casting_data/casting_data/test/def_front/cast_def_0_1294.jpeg,def_front,0,0,def_front,1.0,True
/kaggle/input/datasets/ravirajsinh45/real-life-industrial-dataset-of-casting-product/casting_data/casting_data/test/def_front/cast_def_0_1298.jpeg,def_front,0,0,def_front,0.9999987,True
/kaggle/input/datasets/ravirajsinh45/real-life-industrial-dataset-of-casting-product/casting_data/casting_data/test/def_front/cast_def_0_1320.jpeg,def_front,0,1,ok_front,0.57098156,False
/kaggle/input/datasets/ravirajsinh45/real-life-industrial-dataset-of-casting-product/casting_data/casting_data/test/def_front/cast_def_0_1323.jpeg,def_front,0,0,def_front,0.9998646,True
/kaggle/input/datasets/ravirajsinh45/real-life-industrial-dataset-of-casting-product/casting_data/casting_data/test/def_front/cast_def_0_1324.jpeg,def_front,0,0,def_front,0.9999964,True
/kaggle/input/datasets/ravirajsinh45/real-life-industrial-dataset-of-casting-product/casting_data/casting_data/test/def_front/cast_def_0_1351.jpeg,def_front,0,0,def_front,1.0,True
/kaggle/input/datasets/ravirajsinh45/real-life-industrial-dataset-of-casting-product/casting_data/casting_data/test/def_front/cast_def_0_1352.jpeg,def_front,0,0,def_front,0.99918956,True
/kaggle/input/datasets/ravirajsinh45/real-life-industrial-dataset-of-casting-product/casting_data/casting_data/test/def_front/cast_def_0_1358.jpeg,def_front,0,0,def_front,0.99613357,True
/kaggle/input/datasets/ravirajsinh45/real-life-industrial-dataset-of-casting-product/casting_data/casting_data/test/def_front/cast_def_0_1359.jpeg,def_front,0,0,def_front,0.9999784,True
/kaggle/input/datasets/ravirajsinh45/real-life-industrial-dataset-of-casting-product/casting_data/casting_data/test/def_front/cast_def_0_1376.jpeg,def_front,0,0,def_front,1.0,True
/kaggle/input/datasets/ravirajsinh45/real-life-industrial-dataset-of-casting-product/casting_data/casting_data/test/def_front/cast_def_0_1379.jpeg,def_front,0,0,def_front,0.9995498,True
/kaggle/input/datasets/ravirajsinh45/real-life-industrial-dataset-of-casting-product/casting_data/casting_data/test/def_front/cast_def_0_138.jpeg,def_front,0,0,def_front,1.0,True
/kaggle/input/datasets/ravirajsinh45/real-life-industrial-dataset-of-casting-product/casting_data/casting_data/test/def_front/cast_def_0_1381.jpeg,def_front,0,0,def_front,1.0,True
/kaggle/input/datasets/ravirajsinh45/real-life-industrial-dataset-of-casting-product/casting_data/casting_data/test/def_front/cast_def_0_1388.jpeg,def_front,0,0,def_front,0.99997604,True
/kaggle/input/datasets/ravirajsinh45/real-life-industrial-dataset-of-casting-product/casting_data/casting_data/test/def_front/cast_def_0_1392.jpeg,def_front,0,0,def_front,1.0,True
/kaggle/input/datasets/ravirajsinh45/real-life-industrial-dataset-of-casting-product/casting_data/casting_data/test/def_front/cast_def_0_1394.jpeg,def_front,0,0,def_front,1.0,True
/kaggle/input/datasets/ravirajsinh45/real-life-industrial-dataset-of-casting-product/casting_data/casting_data/test/def_front/cast_def_0_1397.jpeg,def_front,0,0,def_front,1.0,True
/kaggle/input/datasets/ravirajsinh45/real-life-industrial-dataset-of-casting-product/casting_data/casting_data/test/def_front/cast_def_0_1399.jpeg,def_front,0,0,def_front,0.9999552,True
/kaggle/input/datasets/ravirajsinh45/real-life-industrial-dataset-of-casting-product/casting_data/casting_data/test/def_front/cast_def_0_1400.jpeg,def_front,0,0,def_front,0.9998406,True
/kaggle/input/datasets/ravirajsinh45/real-life-industrial-dataset-of-casting-product/casting_data/casting_data/test/def_front/cast_def_0_1411.jpeg,def_front,0,0,def_front,0.9999498,True
/kaggle/input/datasets/ravirajsinh45/real-life-industrial-dataset-of-casting-product/casting_data/casting_data/test/def_front/cast_def_0_1412.jpeg,def_front,0,0,def_front,0.9999939,True
/kaggle/input/datasets/ravirajsinh45/real-life-industrial-dataset-of-casting-product/casting_data/casting_data/test/def_front/cast_def_0_1413.jpeg,def_front,0,1,ok_front,0.6209576,False
/kaggle/input/datasets/ravirajsinh45/real-life-industrial-dataset-of-casting-product/casting_data/casting_data/test/def_front/cast_def_0_1414.jpeg,def_front,0,0,def_front,1.0,True
/kaggle/input/datasets/ravirajsinh45/real-life-industrial-dataset-of-casting-product/casting_data/casting_data/test/def_front/cast_def_0_1418.jpeg,def_front,0,0,def_front,1.0,True
/kaggle/input/datasets/ravirajsinh45/real-life-industrial-dataset-of-casting-product/casting_data/casting_data/test/def_front/cast_def_0_1421.jpeg,def_front,0,0,def_front,1.0,True
/kaggle/input/datasets/ravirajsinh45/real-life-industrial-dataset-of-casting-product/casting_data/casting_data/test/def_front/cast_def_0_1422.jpeg,def_front,0,0,def_front,0.9941759,True
/kaggle/input/datasets/ravirajsinh45/real-life-industrial-dataset-of-casting-product/casting_data/casting_data/test/def_front/cast_def_0_1424.jpeg,def_front,0,0,def_front,0.9999229,True
/kaggle/input/datasets/ravirajsinh45/real-life-industrial-dataset-of-casting-product/casting_data/casting_data/test/def_front/cast_def_0_1425.jpeg,def_front,0,0,def_front,0.99998534,True
/kaggle/input/datasets/ravirajsinh45/real-life-industrial-dataset-of-casting-product/casting_data/casting_data/test/def_front/cast_def_0_143.jpeg,def_front,0,0,def_front,0.99862754,True
/kaggle/input/datasets/ravirajsinh45/real-life-industrial-dataset-of-casting-product/casting_data/casting_data/test/def_front/cast_def_0_144.jpeg,def_front,0,0,def_front,0.99999917,True
/kaggle/input/datasets/ravirajsinh45/real-life-industrial-dataset-of-casting-product/casting_data/casting_data/test/def_front/cast_def_0_1443.jpeg,def_front,0,0,def_front,0.99931526,True
/kaggle/input/datasets/ravirajsinh45/real-life-industrial-dataset-of-casting-product/casting_data/casting_data/test/def_front/cast_def_0_1447.jpeg,def_front,0,0,def_front,0.9999995,True
/kaggle/input/datasets/ravirajsinh45/real-life-industrial-dataset-of-casting-product/casting_data/casting_data/test/def_front/cast_def_0_1453.jpeg,def_front,0,0,def_front,1.0,True
/kaggle/input/datasets/ravirajsinh45/real-life-industrial-dataset-of-casting-product/casting_data/casting_data/test/def_front/cast_def_0_1462.jpeg,def_front,0,0,def_front,0.99968004,True
/kaggle/input/datasets/ravirajsinh45/real-life-industrial-dataset-of-casting-product/casting_data/casting_data/test/def_front/cast_def_0_1466.jpeg,def_front,0,0,def_front,1.0,True
/kaggle/input/datasets/ravirajsinh45/real-life-industrial-dataset-of-casting-product/casting_data/casting_data/test/def_front/cast_def_0_1467.jpeg,def_front,0,0,def_front,1.0,True
/kaggle/input/datasets/ravirajsinh45/real-life-industrial-dataset-of-casting-product/casting_data/casting_data/test/def_front/cast_def_0_147.jpeg,def_front,0,0,def_front,0.9976253,True
/kaggle/input/datasets/ravirajsinh45/real-life-industrial-dataset-of-casting-product/casting_data/casting_data/test/def_front/cast_def_0_1471.jpeg,def_front,0,0,def_front,0.99364203,True
/kaggle/input/datasets/ravirajsinh45/real-life-industrial-dataset-of-casting-product/casting_data/casting_data/test/def_front/cast_def_0_1474.jpeg,def_front,0,0,def_front,1.0,True
/kaggle/input/datasets/ravirajsinh45/real-life-industrial-dataset-of-casting-product/casting_data/casting_data/test/def_front/cast_def_0_1476.jpeg,def_front,0,0,def_front,0.9998217,True
/kaggle/input/datasets/ravirajsinh45/real-life-industrial-dataset-of-casting-product/casting_data/casting_data/test/def_front/cast_def_0_1477.jpeg,def_front,0,0,def_front,0.993721,True
/kaggle/input/datasets/ravirajsinh45/real-life-industrial-dataset-of-casting-product/casting_data/casting_data/test/def_front/cast_def_0_148.jpeg,def_front,0,0,def_front,0.9999999,True
/kaggle/input/datasets/ravirajsinh45/real-life-industrial-dataset-of-casting-product/casting_data/casting_data/test/def_front/cast_def_0_1480.jpeg,def_front,0,0,def_front,0.99992776,True
/kaggle/input/datasets/ravirajsinh45/real-life-industrial-dataset-of-casting-product/casting_data/casting_data/test/def_front/cast_def_0_1486.jpeg,def_front,0,0,def_front,0.999129,True
/kaggle/input/datasets/ravirajsinh45/real-life-industrial-dataset-of-casting-product/casting_data/casting_data/test/def_front/cast_def_0_1488.jpeg,def_front,0,0,def_front,0.9995541,True
/kaggle/input/datasets/ravirajsinh45/real-life-industrial-dataset-of-casting-product/casting_data/casting_data/test/def_front/cast_def_0_149.jpeg,def_front,0,0,def_front,0.9999428,True
/kaggle/input/datasets/ravirajsinh45/real-life-industrial-dataset-of-casting-product/casting_data/casting_data/test/def_front/cast_def_0_1492.jpeg,def_front,0,0,def_front,0.9937342,True
/kaggle/input/datasets/ravirajsinh45/real-life-industrial-dataset-of-casting-product/casting_data/casting_data/test/def_front/cast_def_0_1493.jpeg,def_front,0,0,def_front,0.99991107,True
/kaggle/input/datasets/ravirajsinh45/real-life-industrial-dataset-of-casting-product/casting_data/casting_data/test/def_front/cast_def_0_1497.jpeg,def_front,0,0,def_front,0.99999225,True
/kaggle/input/datasets/ravirajsinh45/real-life-industrial-dataset-of-casting-product/casting_data/casting_data/test/def_front/cast_def_0_1499.jpeg,def_front,0,0,def_front,1.0,True
/kaggle/input/datasets/ravirajsinh45/real-life-industrial-dataset-of-casting-product/casting_data/casting_data/test/def_front/cast_def_0_15.jpeg,def_front,0,1,ok_front,0.6102138,False
/kaggle/input/datasets/ravirajsinh45/real-life-industrial-dataset-of-casting-product/casting_data/casting_data/test/def_front/cast_def_0_150.jpeg,def_front,0,1,ok_front,0.98688334,False
/kaggle/input/datasets/ravirajsinh45/real-life-industrial-dataset-of-casting-product/casting_data/casting_data/test/def_front/cast_def_0_1500.jpeg,def_front,0,0,def_front,0.9999858,True
/kaggle/input/datasets/ravirajsinh45/real-life-industrial-dataset-of-casting-product/casting_data/casting_data/test/def_front/cast_def_0_1505.jpeg,def_front,0,0,def_front,0.99999714,True
/kaggle/input/datasets/ravirajsinh45/real-life-industrial-dataset-of-casting-product/casting_data/casting_data/test/def_front/cast_def_0_1506.jpeg,def_front,0,0,def_front,0.9999529,True
/kaggle/input/datasets/ravirajsinh45/real-life-industrial-dataset-of-casting-product/casting_data/casting_data/test/def_front/cast_def_0_1507.jpeg,def_front,0,0,def_front,1.0,True
/kaggle/input/datasets/ravirajsinh45/real-life-industrial-dataset-of-casting-product/casting_data/casting_data/test/def_front/cast_def_0_1509.jpeg,def_front,0,1,ok_front,0.6142372,False
/kaggle/input/datasets/ravirajsinh45/real-life-industrial-dataset-of-casting-product/casting_data/casting_data/test/def_front/cast_def_0_151.jpeg,def_front,0,0,def_front,1.0,True
/kaggle/input/datasets/ravirajsinh45/real-life-industrial-dataset-of-casting-product/casting_data/casting_data/test/def_front/cast_def_0_1510.jpeg,def_front,0,0,def_front,1.0,True
/kaggle/input/datasets/ravirajsinh45/real-life-industrial-dataset-of-casting-product/casting_data/casting_data/test/def_front/cast_def_0_1511.jpeg,def_front,0,0,def_front,0.9999994,True
/kaggle/input/datasets/ravirajsinh45/real-life-industrial-dataset-of-casting-product/casting_data/casting_data/test/def_front/cast_def_0_1517.jpeg,def_front,0,0,def_front,0.99417096,True
/kaggle/input/datasets/ravirajsinh45/real-life-industrial-dataset-of-casting-product/casting_data/casting_data/test/def_front/cast_def_0_1518.jpeg,def_front,0,0,def_front,1.0,True
/kaggle/input/datasets/ravirajsinh45/real-life-industrial-dataset-of-casting-product/casting_data/casting_data/test/def_front/cast_def_0_1519.jpeg,def_front,0,0,def_front,0.99649554,True
/kaggle/input/datasets/ravirajsinh45/real-life-industrial-dataset-of-casting-product/casting_data/casting_data/test/def_front/cast_def_0_1528.jpeg,def_front,0,0,def_front,0.99963605,True
/kaggle/input/datasets/ravirajsinh45/real-life-industrial-dataset-of-casting-product/casting_data/casting_data/test/def_front/cast_def_0_1529.jpeg,def_front,0,0,def_front,0.9999999,True
/kaggle/input/datasets/ravirajsinh45/real-life-industrial-dataset-of-casting-product/casting_data/casting_data/test/def_front/cast_def_0_1535.jpeg,def_front,0,1,ok_front,0.62000406,False
/kaggle/input/datasets/ravirajsinh45/real-life-industrial-dataset-of-casting-product/casting_data/casting_data/test/def_front/cast_def_0_1536.jpeg,def_front,0,1,ok_front,0.6192233,False
/kaggle/input/datasets/ravirajsinh45/real-life-industrial-dataset-of-casting-product/casting_data/casting_data/test/def_front/cast_def_0_1539.jpeg,def_front,0,0,def_front,0.99545693,True
/kaggle/input/datasets/ravirajsinh45/real-life-industrial-dataset-of-casting-product/casting_data/casting_data/test/def_front/cast_def_0_154.jpeg,def_front,0,0,def_front,1.0,True
/kaggle/input/datasets/ravirajsinh45/real-life-industrial-dataset-of-casting-product/casting_data/casting_data/test/def_front/cast_def_0_1544.jpeg,def_front,0,0,def_front,0.9993349,True
/kaggle/input/datasets/ravirajsinh45/real-life-industrial-dataset-of-casting-product/casting_data/casting_data/test/def_front/cast_def_0_1546.jpeg,def_front,0,0,def_front,1.0,True
/kaggle/input/datasets/ravirajsinh45/real-life-industrial-dataset-of-casting-product/casting_data/casting_data/test/def_front/cast_def_0_1547.jpeg,def_front,0,0,def_front,1.0,True
/kaggle/input/datasets/ravirajsinh45/real-life-industrial-dataset-of-casting-product/casting_data/casting_data/test/def_front/cast_def_0_1553.jpeg,def_front,0,0,def_front,1.0,True
/kaggle/input/datasets/ravirajsinh45/real-life-industrial-dataset-of-casting-product/casting_data/casting_data/test/def_front/cast_def_0_1555.jpeg,def_front,0,0,def_front,1.0,True
/kaggle/input/datasets/ravirajsinh45/real-life-industrial-dataset-of-casting-product/casting_data/casting_data/test/def_front/cast_def_0_1556.jpeg,def_front,0,0,def_front,1.0,True
/kaggle/input/datasets/ravirajsinh45/real-life-industrial-dataset-of-casting-product/casting_data/casting_data/test/def_front/cast_def_0_1560.jpeg,def_front,0,0,def_front,1.0,True
/kaggle/input/datasets/ravirajsinh45/real-life-industrial-dataset-of-casting-product/casting_data/casting_data/test/def_front/cast_def_0_1565.jpeg,def_front,0,0,def_front,1.0,True
/kaggle/input/datasets/ravirajsinh45/real-life-industrial-dataset-of-casting-product/casting_data/casting_data/test/def_front/cast_def_0_1567.jpeg,def_front,0,0,def_front,0.9994137,True
/kaggle/input/datasets/ravirajsinh45/real-life-industrial-dataset-of-casting-product/casting_data/casting_data/test/def_front/cast_def_0_1568.jpeg,def_front,0,0,def_front,1.0,True
/kaggle/input/datasets/ravirajsinh45/real-life-industrial-dataset-of-casting-product/casting_data/casting_data/test/def_front/cast_def_0_1569.jpeg,def_front,0,0,def_front,1.0,True
/kaggle/input/datasets/ravirajsinh45/real-life-industrial-dataset-of-casting-product/casting_data/casting_data/test/def_front/cast_def_0_157.jpeg,def_front,0,0,def_front,1.0,True
/kaggle/input/datasets/ravirajsinh45/real-life-industrial-dataset-of-casting-product/casting_data/casting_data/test/def_front/cast_def_0_1570.jpeg,def_front,0,0,def_front,0.99911505,True
/kaggle/input/datasets/ravirajsinh45/real-life-industrial-dataset-of-casting-product/casting_data/casting_data/test/def_front/cast_def_0_1571.jpeg,def_front,0,0,def_front,0.9999976,True
/kaggle/input/datasets/ravirajsinh45/real-life-industrial-dataset-of-casting-product/casting_data/casting_data/test/def_front/cast_def_0_1573.jpeg,def_front,0,0,def_front,0.9997249,True
/kaggle/input/datasets/ravirajsinh45/real-life-industrial-dataset-of-casting-product/casting_data/casting_data/test/def_front/cast_def_0_1574.jpeg,def_front,0,0,def_front,1.0,True
/kaggle/input/datasets/ravirajsinh45/real-life-industrial-dataset-of-casting-product/casting_data/casting_data/test/def_front/cast_def_0_1576.jpeg,def_front,0,0,def_front,0.9999908,True
/kaggle/input/datasets/ravirajsinh45/real-life-industrial-dataset-of-casting-product/casting_data/casting_data/test/def_front/cast_def_0_158.jpeg,def_front,0,0,def_front,0.99993837,True
/kaggle/input/datasets/ravirajsinh45/real-life-industrial-dataset-of-casting-product/casting_data/casting_data/test/def_front/cast_def_0_1583.jpeg,def_front,0,0,def_front,1.0,True
/kaggle/input/datasets/ravirajsinh45/real-life-industrial-dataset-of-casting-product/casting_data/casting_data/test/def_front/cast_def_0_1585.jpeg,def_front,0,0,def_front,0.9970264,True
/kaggle/input/datasets/ravirajsinh45/real-life-industrial-dataset-of-casting-product/casting_data/casting_data/test/def_front/cast_def_0_1586.jpeg,def_front,0,0,def_front,0.999843,True
/kaggle/input/datasets/ravirajsinh45/real-life-industrial-dataset-of-casting-product/casting_data/casting_data/test/def_front/cast_def_0_1589.jpeg,def_front,0,0,def_front,0.9999993,True
/kaggle/input/datasets/ravirajsinh45/real-life-industrial-dataset-of-casting-product/casting_data/casting_data/test/def_front/cast_def_0_159.jpeg,def_front,0,0,def_front,0.99393314,True
/kaggle/input/datasets/ravirajsinh45/real-life-industrial-dataset-of-casting-product/casting_data/casting_data/test/def_front/cast_def_0_1590.jpeg,def_front,0,0,def_front,0.99974996,True
/kaggle/input/datasets/ravirajsinh45/real-life-industrial-dataset-of-casting-product/casting_data/casting_data/test/def_front/cast_def_0_1591.jpeg,def_front,0,1,ok_front,0.8653139,False
/kaggle/input/datasets/ravirajsinh45/real-life-industrial-dataset-of-casting-product/casting_data/casting_data/test/def_front/cast_def_0_1593.jpeg,def_front,0,0,def_front,1.0,True
/kaggle/input/datasets/ravirajsinh45/real-life-industrial-dataset-of-casting-product/casting_data/casting_data/test/def_front/cast_def_0_1594.jpeg,def_front,0,0,def_front,0.99883074,True
/kaggle/input/datasets/ravirajsinh45/real-life-industrial-dataset-of-casting-product/casting_data/casting_data/test/def_front/cast_def_0_1596.jpeg,def_front,0,0,def_front,0.9999924,True
/kaggle/input/datasets/ravirajsinh45/real-life-industrial-dataset-of-casting-product/casting_data/casting_data/test/def_front/cast_def_0_1599.jpeg,def_front,0,0,def_front,0.9996562,True
/kaggle/input/datasets/ravirajsinh45/real-life-industrial-dataset-of-casting-product/casting_data/casting_data/test/def_front/cast_def_0_160.jpeg,def_front,0,0,def_front,1.0,True
/kaggle/input/datasets/ravirajsinh45/real-life-industrial-dataset-of-casting-product/casting_data/casting_data/test/def_front/cast_def_0_1603.jpeg,def_front,0,0,def_front,0.9999994,True
/kaggle/input/datasets/ravirajsinh45/real-life-industrial-dataset-of-casting-product/casting_data/casting_data/test/def_front/cast_def_0_1607.jpeg,def_front,0,0,def_front,0.9999299,True
/kaggle/input/datasets/ravirajsinh45/real-life-industrial-dataset-of-casting-product/casting_data/casting_data/test/def_front/cast_def_0_1608.jpeg,def_front,0,0,def_front,0.9999999,True
/kaggle/input/datasets/ravirajsinh45/real-life-industrial-dataset-of-casting-product/casting_data/casting_data/test/def_front/cast_def_0_161.jpeg,def_front,0,0,def_front,0.9999832,True
/kaggle/input/datasets/ravirajsinh45/real-life-industrial-dataset-of-casting-product/casting_data/casting_data/test/def_front/cast_def_0_1612.jpeg,def_front,0,0,def_front,0.9955966,True
/kaggle/input/datasets/ravirajsinh45/real-life-industrial-dataset-of-casting-product/casting_data/casting_data/test/def_front/cast_def_0_1613.jpeg,def_front,0,0,def_front,1.0,True
/kaggle/input/datasets/ravirajsinh45/real-life-industrial-dataset-of-casting-product/casting_data/casting_data/test/def_front/cast_def_0_1614.jpeg,def_front,0,0,def_front,0.9998215,True
/kaggle/input/datasets/ravirajsinh45/real-life-industrial-dataset-of-casting-product/casting_data/casting_data/test/def_front/cast_def_0_1617.jpeg,def_front,0,0,def_front,0.99935764,True
/kaggle/input/datasets/ravirajsinh45/real-life-industrial-dataset-of-casting-product/casting_data/casting_data/test/def_front/cast_def_0_1618.jpeg,def_front,0,0,def_front,0.9999671,True
/kaggle/input/datasets/ravirajsinh45/real-life-industrial-dataset-of-casting-product/casting_data/casting_data/test/def_front/cast_def_0_162.jpeg,def_front,0,0,def_front,0.9999436,True
/kaggle/input/datasets/ravirajsinh45/real-life-industrial-dataset-of-casting-product/casting_data/casting_data/test/def_front/cast_def_0_1620.jpeg,def_front,0,0,def_front,0.9999995,True
/kaggle/input/datasets/ravirajsinh45/real-life-industrial-dataset-of-casting-product/casting_data/casting_data/test/def_front/cast_def_0_1625.jpeg,def_front,0,0,def_front,0.9999143,True
/kaggle/input/datasets/ravirajsinh45/real-life-industrial-dataset-of-casting-product/casting_data/casting_data/test/def_front/cast_def_0_1628.jpeg,def_front,0,0,def_front,0.9999995,True
/kaggle/input/datasets/ravirajsinh45/real-life-industrial-dataset-of-casting-product/casting_data/casting_data/test/def_front/cast_def_0_1629.jpeg,def_front,0,0,def_front,1.0,True
/kaggle/input/datasets/ravirajsinh45/real-life-industrial-dataset-of-casting-product/casting_data/casting_data/test/def_front/cast_def_0_1633.jpeg,def_front,0,0,def_front,0.9982267,True
/kaggle/input/datasets/ravirajsinh45/real-life-industrial-dataset-of-casting-product/casting_data/casting_data/test/def_front/cast_def_0_1634.jpeg,def_front,0,0,def_front,0.99972767,True
/kaggle/input/datasets/ravirajsinh45/real-life-industrial-dataset-of-casting-product/casting_data/casting_data/test/def_front/cast_def_0_1635.jpeg,def_front,0,0,def_front,1.0,True
/kaggle/input/datasets/ravirajsinh45/real-life-industrial-dataset-of-casting-product/casting_data/casting_data/test/def_front/cast_def_0_1636.jpeg,def_front,0,0,def_front,0.99984586,True
/kaggle/input/datasets/ravirajsinh45/real-life-industrial-dataset-of-casting-product/casting_data/casting_data/test/def_front/cast_def_0_1637.jpeg,def_front,0,0,def_front,0.99999976,True
/kaggle/input/datasets/ravirajsinh45/real-life-industrial-dataset-of-casting-product/casting_data/casting_data/test/def_front/cast_def_0_1638.jpeg,def_front,0,0,def_front,1.0,True
/kaggle/input/datasets/ravirajsinh45/real-life-industrial-dataset-of-casting-product/casting_data/casting_data/test/def_front/cast_def_0_1639.jpeg,def_front,0,0,def_front,0.99999976,True
/kaggle/input/datasets/ravirajsinh45/real-life-industrial-dataset-of-casting-product/casting_data/casting_data/test/def_front/cast_def_0_164.jpeg,def_front,0,0,def_front,1.0,True
/kaggle/input/datasets/ravirajsinh45/real-life-industrial-dataset-of-casting-product/casting_data/casting_data/test/def_front/cast_def_0_1640.jpeg,def_front,0,1,ok_front,0.60467553,False
/kaggle/input/datasets/ravirajsinh45/real-life-industrial-dataset-of-casting-product/casting_data/casting_data/test/def_front/cast_def_0_1642.jpeg,def_front,0,1,ok_front,0.5661818,False
/kaggle/input/datasets/ravirajsinh45/real-life-industrial-dataset-of-casting-product/casting_data/casting_data/test/def_front/cast_def_0_1644.jpeg,def_front,0,0,def_front,0.9995926,True
/kaggle/input/datasets/ravirajsinh45/real-life-industrial-dataset-of-casting-product/casting_data/casting_data/test/def_front/cast_def_0_1645.jpeg,def_front,0,0,def_front,0.9996239,True
/kaggle/input/datasets/ravirajsinh45/real-life-industrial-dataset-of-casting-product/casting_data/casting_data/test/def_front/cast_def_0_1647.jpeg,def_front,0,0,def_front,1.0,True
/kaggle/input/datasets/ravirajsinh45/real-life-industrial-dataset-of-casting-product/casting_data/casting_data/test/def_front/cast_def_0_1653.jpeg,def_front,0,0,def_front,0.9999999,True
/kaggle/input/datasets/ravirajsinh45/real-life-industrial-dataset-of-casting-product/casting_data/casting_data/test/def_front/cast_def_0_1660.jpeg,def_front,0,0,def_front,1.0,True
/kaggle/input/datasets/ravirajsinh45/real-life-industrial-dataset-of-casting-product/casting_data/casting_data/test/def_front/cast_def_0_1661.jpeg,def_front,0,0,def_front,0.99992645,True
/kaggle/input/datasets/ravirajsinh45/real-life-industrial-dataset-of-casting-product/casting_data/casting_data/test/def_front/cast_def_0_1665.jpeg,def_front,0,0,def_front,1.0,True
/kaggle/input/datasets/ravirajsinh45/real-life-industrial-dataset-of-casting-product/casting_data/casting_data/test/def_front/cast_def_0_1666.jpeg,def_front,0,0,def_front,0.99999857,True
/kaggle/input/datasets/ravirajsinh45/real-life-industrial-dataset-of-casting-product/casting_data/casting_data/test/def_front/cast_def_0_1677.jpeg,def_front,0,0,def_front,0.99994016,True
/kaggle/input/datasets/ravirajsinh45/real-life-industrial-dataset-of-casting-product/casting_data/casting_data/test/def_front/cast_def_0_1678.jpeg,def_front,0,0,def_front,0.99763286,True
/kaggle/input/datasets/ravirajsinh45/real-life-industrial-dataset-of-casting-product/casting_data/casting_data/test/def_front/cast_def_0_1681.jpeg,def_front,0,0,def_front,0.99908173,True
/kaggle/input/datasets/ravirajsinh45/real-life-industrial-dataset-of-casting-product/casting_data/casting_data/test/def_front/cast_def_0_1682.jpeg,def_front,0,0,def_front,0.99993896,True
/kaggle/input/datasets/ravirajsinh45/real-life-industrial-dataset-of-casting-product/casting_data/casting_data/test/def_front/cast_def_0_1683.jpeg,def_front,0,0,def_front,1.0,True
/kaggle/input/datasets/ravirajsinh45/real-life-industrial-dataset-of-casting-product/casting_data/casting_data/test/def_front/cast_def_0_1684.jpeg,def_front,0,0,def_front,0.9999993,True
/kaggle/input/datasets/ravirajsinh45/real-life-industrial-dataset-of-casting-product/casting_data/casting_data/test/def_front/cast_def_0_1685.jpeg,def_front,0,0,def_front,0.99976593,True
/kaggle/input/datasets/ravirajsinh45/real-life-industrial-dataset-of-casting-product/casting_data/casting_data/test/def_front/cast_def_0_1686.jpeg,def_front,0,0,def_front,0.9999995,True
/kaggle/input/datasets/ravirajsinh45/real-life-industrial-dataset-of-casting-product/casting_data/casting_data/test/def_front/cast_def_0_1688.jpeg,def_front,0,0,def_front,0.9994906,True
/kaggle/input/datasets/ravirajsinh45/real-life-industrial-dataset-of-casting-product/casting_data/casting_data/test/def_front/cast_def_0_174.jpeg,def_front,0,0,def_front,1.0,True
/kaggle/input/datasets/ravirajsinh45/real-life-industrial-dataset-of-casting-product/casting_data/casting_data/test/def_front/cast_def_0_175.jpeg,def_front,0,0,def_front,0.9999982,True
/kaggle/input/datasets/ravirajsinh45/real-life-industrial-dataset-of-casting-product/casting_data/casting_data/test/def_front/cast_def_0_176.jpeg,def_front,0,0,def_front,0.99993885,True
/kaggle/input/datasets/ravirajsinh45/real-life-industrial-dataset-of-casting-product/casting_data/casting_data/test/def_front/cast_def_0_181.jpeg,def_front,0,0,def_front,1.0,True
/kaggle/input/datasets/ravirajsinh45/real-life-industrial-dataset-of-casting-product/casting_data/casting_data/test/def_front/cast_def_0_182.jpeg,def_front,0,0,def_front,0.99982786,True
/kaggle/input/datasets/ravirajsinh45/real-life-industrial-dataset-of-casting-product/casting_data/casting_data/test/def_front/cast_def_0_184.jpeg,def_front,0,0,def_front,0.9999502,True
/kaggle/input/datasets/ravirajsinh45/real-life-industrial-dataset-of-casting-product/casting_data/casting_data/test/def_front/cast_def_0_186.jpeg,def_front,0,0,def_front,0.99638724,True
/kaggle/input/datasets/ravirajsinh45/real-life-industrial-dataset-of-casting-product/casting_data/casting_data/test/def_front/cast_def_0_1895.jpeg,def_front,0,0,def_front,1.0,True
/kaggle/input/datasets/ravirajsinh45/real-life-industrial-dataset-of-casting-product/casting_data/casting_data/test/def_front/cast_def_0_190.jpeg,def_front,0,0,def_front,1.0,True
/kaggle/input/datasets/ravirajsinh45/real-life-industrial-dataset-of-casting-product/casting_data/casting_data/test/def_front/cast_def_0_1903.jpeg,def_front,0,0,def_front,0.99999774,True
/kaggle/input/datasets/ravirajsinh45/real-life-industrial-dataset-of-casting-product/casting_data/casting_data/test/def_front/cast_def_0_193.jpeg,def_front,0,0,def_front,1.0,True
/kaggle/input/datasets/ravirajsinh45/real-life-industrial-dataset-of-casting-product/casting_data/casting_data/test/def_front/cast_def_0_1935.jpeg,def_front,0,0,def_front,0.9999852,True
/kaggle/input/datasets/ravirajsinh45/real-life-industrial-dataset-of-casting-product/casting_data/casting_data/test/def_front/cast_def_0_197.jpeg,def_front,0,0,def_front,0.99999976,True
/kaggle/input/datasets/ravirajsinh45/real-life-industrial-dataset-of-casting-product/casting_data/casting_data/test/def_front/cast_def_0_2053.jpeg,def_front,0,0,def_front,0.99358565,True
/kaggle/input/datasets/ravirajsinh45/real-life-industrial-dataset-of-casting-product/casting_data/casting_data/test/def_front/cast_def_0_2084.jpeg,def_front,0,0,def_front,1.0,True
/kaggle/input/datasets/ravirajsinh45/real-life-industrial-dataset-of-casting-product/casting_data/casting_data/test/def_front/cast_def_0_2100.jpeg,def_front,0,0,def_front,0.9999527,True
/kaggle/input/datasets/ravirajsinh45/real-life-industrial-dataset-of-casting-product/casting_data/casting_data/test/def_front/cast_def_0_2102.jpeg,def_front,0,1,ok_front,0.5937549,False
/kaggle/input/datasets/ravirajsinh45/real-life-industrial-dataset-of-casting-product/casting_data/casting_data/test/def_front/cast_def_0_2104.jpeg,def_front,0,0,def_front,1.0,True
/kaggle/input/datasets/ravirajsinh45/real-life-industrial-dataset-of-casting-product/casting_data/casting_data/test/def_front/cast_def_0_2126.jpeg,def_front,0,0,def_front,0.99999917,True
/kaggle/input/datasets/ravirajsinh45/real-life-industrial-dataset-of-casting-product/casting_data/casting_data/test/def_front/cast_def_0_2135.jpeg,def_front,0,0,def_front,1.0,True
/kaggle/input/datasets/ravirajsinh45/real-life-industrial-dataset-of-casting-product/casting_data/casting_data/test/def_front/cast_def_0_2136.jpeg,def_front,0,0,def_front,0.9999702,True
/kaggle/input/datasets/ravirajsinh45/real-life-industrial-dataset-of-casting-product/casting_data/casting_data/test/def_front/cast_def_0_2137.jpeg,def_front,0,0,def_front,1.0,True
/kaggle/input/datasets/ravirajsinh45/real-life-industrial-dataset-of-casting-product/casting_data/casting_data/test/def_front/cast_def_0_2154.jpeg,def_front,0,1,ok_front,0.6066931,False
/kaggle/input/datasets/ravirajsinh45/real-life-industrial-dataset-of-casting-product/casting_data/casting_data/test/def_front/cast_def_0_2155.jpeg,def_front,0,0,def_front,0.9985114,True
/kaggle/input/datasets/ravirajsinh45/real-life-industrial-dataset-of-casting-product/casting_data/casting_data/test/def_front/cast_def_0_2156.jpeg,def_front,0,0,def_front,0.99999297,True
/kaggle/input/datasets/ravirajsinh45/real-life-industrial-dataset-of-casting-product/casting_data/casting_data/test/def_front/cast_def_0_216.jpeg,def_front,0,0,def_front,0.99928826,True
/kaggle/input/datasets/ravirajsinh45/real-life-industrial-dataset-of-casting-product/casting_data/casting_data/test/def_front/cast_def_0_2176.jpeg,def_front,0,0,def_front,0.9999707,True
/kaggle/input/datasets/ravirajsinh45/real-life-industrial-dataset-of-casting-product/casting_data/casting_data/test/def_front/cast_def_0_2177.jpeg,def_front,0,1,ok_front,0.6339249,False
/kaggle/input/datasets/ravirajsinh45/real-life-industrial-dataset-of-casting-product/casting_data/casting_data/test/def_front/cast_def_0_2179.jpeg,def_front,0,0,def_front,0.9995963,True
/kaggle/input/datasets/ravirajsinh45/real-life-industrial-dataset-of-casting-product/casting_data/casting_data/test/def_front/cast_def_0_218.jpeg,def_front,0,0,def_front,0.9999969,True
/kaggle/input/datasets/ravirajsinh45/real-life-industrial-dataset-of-casting-product/casting_data/casting_data/test/def_front/cast_def_0_220.jpeg,def_front,0,0,def_front,0.9932903,True
/kaggle/input/datasets/ravirajsinh45/real-life-industrial-dataset-of-casting-product/casting_data/casting_data/test/def_front/cast_def_0_221.jpeg,def_front,0,0,def_front,0.99994636,True
/kaggle/input/datasets/ravirajsinh45/real-life-industrial-dataset-of-casting-product/casting_data/casting_data/test/def_front/cast_def_0_2211.jpeg,def_front,0,0,def_front,0.9999385,True
/kaggle/input/datasets/ravirajsinh45/real-life-industrial-dataset-of-casting-product/casting_data/casting_data/test/def_front/cast_def_0_2212.jpeg,def_front,0,0,def_front,1.0,True
/kaggle/input/datasets/ravirajsinh45/real-life-industrial-dataset-of-casting-product/casting_data/casting_data/test/def_front/cast_def_0_2215.jpeg,def_front,0,0,def_front,0.999998,True
/kaggle/input/datasets/ravirajsinh45/real-life-industrial-dataset-of-casting-product/casting_data/casting_data/test/def_front/cast_def_0_224.jpeg,def_front,0,0,def_front,0.9999999,True
/kaggle/input/datasets/ravirajsinh45/real-life-industrial-dataset-of-casting-product/casting_data/casting_data/test/def_front/cast_def_0_2241.jpeg,def_front,0,0,def_front,1.0,True
/kaggle/input/datasets/ravirajsinh45/real-life-industrial-dataset-of-casting-product/casting_data/casting_data/test/def_front/cast_def_0_2244.jpeg,def_front,0,0,def_front,0.9999261,True
/kaggle/input/datasets/ravirajsinh45/real-life-industrial-dataset-of-casting-product/casting_data/casting_data/test/def_front/cast_def_0_2247.jpeg,def_front,0,0,def_front,1.0,True
/kaggle/input/datasets/ravirajsinh45/real-life-industrial-dataset-of-casting-product/casting_data/casting_data/test/def_front/cast_def_0_2273.jpeg,def_front,0,0,def_front,0.99995494,True
/kaggle/input/datasets/ravirajsinh45/real-life-industrial-dataset-of-casting-product/casting_data/casting_data/test/def_front/cast_def_0_2274.jpeg,def_front,0,0,def_front,0.99998975,True
/kaggle/input/datasets/ravirajsinh45/real-life-industrial-dataset-of-casting-product/casting_data/casting_data/test/def_front/cast_def_0_2276.jpeg,def_front,0,0,def_front,1.0,True
/kaggle/input/datasets/ravirajsinh45/real-life-industrial-dataset-of-casting-product/casting_data/casting_data/test/def_front/cast_def_0_228.jpeg,def_front,0,1,ok_front,0.64560914,False
/kaggle/input/datasets/ravirajsinh45/real-life-industrial-dataset-of-casting-product/casting_data/casting_data/test/def_front/cast_def_0_2299.jpeg,def_front,0,0,def_front,0.9999931,True
/kaggle/input/datasets/ravirajsinh45/real-life-industrial-dataset-of-casting-product/casting_data/casting_data/test/def_front/cast_def_0_230.jpeg,def_front,0,0,def_front,0.9991522,True
/kaggle/input/datasets/ravirajsinh45/real-life-industrial-dataset-of-casting-product/casting_data/casting_data/test/def_front/cast_def_0_2305.jpeg,def_front,0,0,def_front,0.9999963,True
/kaggle/input/datasets/ravirajsinh45/real-life-industrial-dataset-of-casting-product/casting_data/casting_data/test/def_front/cast_def_0_2308.jpeg,def_front,0,0,def_front,0.99985814,True
/kaggle/input/datasets/ravirajsinh45/real-life-industrial-dataset-of-casting-product/casting_data/casting_data/test/def_front/cast_def_0_2309.jpeg,def_front,0,0,def_front,0.99999404,True
/kaggle/input/datasets/ravirajsinh45/real-life-industrial-dataset-of-casting-product/casting_data/casting_data/test/def_front/cast_def_0_231.jpeg,def_front,0,0,def_front,0.9999993,True
/kaggle/input/datasets/ravirajsinh45/real-life-industrial-dataset-of-casting-product/casting_data/casting_data/test/def_front/cast_def_0_2319.jpeg,def_front,0,0,def_front,0.9992223,True
/kaggle/input/datasets/ravirajsinh45/real-life-industrial-dataset-of-casting-product/casting_data/casting_data/test/def_front/cast_def_0_2324.jpeg,def_front,0,0,def_front,1.0,True
/kaggle/input/datasets/ravirajsinh45/real-life-industrial-dataset-of-casting-product/casting_data/casting_data/test/def_front/cast_def_0_2339.jpeg,def_front,0,0,def_front,1.0,True
/kaggle/input/datasets/ravirajsinh45/real-life-industrial-dataset-of-casting-product/casting_data/casting_data/test/def_front/cast_def_0_2341.jpeg,def_front,0,0,def_front,0.99991226,True
/kaggle/input/datasets/ravirajsinh45/real-life-industrial-dataset-of-casting-product/casting_data/casting_data/test/def_front/cast_def_0_2342.jpeg,def_front,0,0,def_front,0.99999166,True
/kaggle/input/datasets/ravirajsinh45/real-life-industrial-dataset-of-casting-product/casting_data/casting_data/test/def_front/cast_def_0_235.jpeg,def_front,0,0,def_front,1.0,True
/kaggle/input/datasets/ravirajsinh45/real-life-industrial-dataset-of-casting-product/casting_data/casting_data/test/def_front/cast_def_0_236.jpeg,def_front,0,0,def_front,0.9998988,True
/kaggle/input/datasets/ravirajsinh45/real-life-industrial-dataset-of-casting-product/casting_data/casting_data/test/def_front/cast_def_0_2372.jpeg,def_front,0,0,def_front,0.9986129,True
/kaggle/input/datasets/ravirajsinh45/real-life-industrial-dataset-of-casting-product/casting_data/casting_data/test/def_front/cast_def_0_2375.jpeg,def_front,0,0,def_front,0.9999964,True
/kaggle/input/datasets/ravirajsinh45/real-life-industrial-dataset-of-casting-product/casting_data/casting_data/test/def_front/cast_def_0_2376.jpeg,def_front,0,0,def_front,0.99978024,True
/kaggle/input/datasets/ravirajsinh45/real-life-industrial-dataset-of-casting-product/casting_data/casting_data/test/def_front/cast_def_0_2392.jpeg,def_front,0,0,def_front,0.9999846,True
/kaggle/input/datasets/ravirajsinh45/real-life-industrial-dataset-of-casting-product/casting_data/casting_data/test/def_front/cast_def_0_2393.jpeg,def_front,0,0,def_front,0.99997985,True
/kaggle/input/datasets/ravirajsinh45/real-life-industrial-dataset-of-casting-product/casting_data/casting_data/test/def_front/cast_def_0_2396.jpeg,def_front,0,0,def_front,1.0,True
/kaggle/input/datasets/ravirajsinh45/real-life-industrial-dataset-of-casting-product/casting_data/casting_data/test/def_front/cast_def_0_242.jpeg,def_front,0,0,def_front,1.0,True
/kaggle/input/datasets/ravirajsinh45/real-life-industrial-dataset-of-casting-product/casting_data/casting_data/test/def_front/cast_def_0_2420.jpeg,def_front,0,0,def_front,0.9999999,True
/kaggle/input/datasets/ravirajsinh45/real-life-industrial-dataset-of-casting-product/casting_data/casting_data/test/def_front/cast_def_0_2421.jpeg,def_front,0,0,def_front,0.9999995,True
/kaggle/input/datasets/ravirajsinh45/real-life-industrial-dataset-of-casting-product/casting_data/casting_data/test/def_front/cast_def_0_2422.jpeg,def_front,0,0,def_front,0.99989355,True
/kaggle/input/datasets/ravirajsinh45/real-life-industrial-dataset-of-casting-product/casting_data/casting_data/test/def_front/cast_def_0_2442.jpeg,def_front,0,0,def_front,0.9992829,True
/kaggle/input/datasets/ravirajsinh45/real-life-industrial-dataset-of-casting-product/casting_data/casting_data/test/def_front/cast_def_0_2451.jpeg,def_front,0,0,def_front,1.0,True
/kaggle/input/datasets/ravirajsinh45/real-life-industrial-dataset-of-casting-product/casting_data/casting_data/test/def_front/cast_def_0_2453.jpeg,def_front,0,0,def_front,0.99979264,True
/kaggle/input/datasets/ravirajsinh45/real-life-industrial-dataset-of-casting-product/casting_data/casting_data/test/def_front/cast_def_0_246.jpeg,def_front,0,0,def_front,1.0,True
/kaggle/input/datasets/ravirajsinh45/real-life-industrial-dataset-of-casting-product/casting_data/casting_data/test/def_front/cast_def_0_247.jpeg,def_front,0,0,def_front,1.0,True
/kaggle/input/datasets/ravirajsinh45/real-life-industrial-dataset-of-casting-product/casting_data/casting_data/test/def_front/cast_def_0_2479.jpeg,def_front,0,0,def_front,0.99921346,True
/kaggle/input/datasets/ravirajsinh45/real-life-industrial-dataset-of-casting-product/casting_data/casting_data/test/def_front/cast_def_0_2480.jpeg,def_front,0,0,def_front,0.99999976,True
/kaggle/input/datasets/ravirajsinh45/real-life-industrial-dataset-of-casting-product/casting_data/casting_data/test/def_front/cast_def_0_2483.jpeg,def_front,0,1,ok_front,0.6029765,False
/kaggle/input/datasets/ravirajsinh45/real-life-industrial-dataset-of-casting-product/casting_data/casting_data/test/def_front/cast_def_0_2486.jpeg,def_front,0,0,def_front,1.0,True
/kaggle/input/datasets/ravirajsinh45/real-life-industrial-dataset-of-casting-product/casting_data/casting_data/test/def_front/cast_def_0_2487.jpeg,def_front,0,0,def_front,0.9989272,True
/kaggle/input/datasets/ravirajsinh45/real-life-industrial-dataset-of-casting-product/casting_data/casting_data/test/def_front/cast_def_0_249.jpeg,def_front,0,0,def_front,0.9993462,True
/kaggle/input/datasets/ravirajsinh45/real-life-industrial-dataset-of-casting-product/casting_data/casting_data/test/def_front/cast_def_0_2509.jpeg,def_front,0,0,def_front,0.9995353,True
/kaggle/input/datasets/ravirajsinh45/real-life-industrial-dataset-of-casting-product/casting_data/casting_data/test/def_front/cast_def_0_2510.jpeg,def_front,0,0,def_front,0.9998301,True
/kaggle/input/datasets/ravirajsinh45/real-life-industrial-dataset-of-casting-product/casting_data/casting_data/test/def_front/cast_def_0_2514.jpeg,def_front,0,0,def_front,0.9980566,True
/kaggle/input/datasets/ravirajsinh45/real-life-industrial-dataset-of-casting-product/casting_data/casting_data/test/def_front/cast_def_0_2515.jpeg,def_front,0,0,def_front,0.9999999,True
/kaggle/input/datasets/ravirajsinh45/real-life-industrial-dataset-of-casting-product/casting_data/casting_data/test/def_front/cast_def_0_2516.jpeg,def_front,0,0,def_front,1.0,True
/kaggle/input/datasets/ravirajsinh45/real-life-industrial-dataset-of-casting-product/casting_data/casting_data/test/def_front/cast_def_0_2526.jpeg,def_front,0,0,def_front,0.99999654,True
/kaggle/input/datasets/ravirajsinh45/real-life-industrial-dataset-of-casting-product/casting_data/casting_data/test/def_front/cast_def_0_2528.jpeg,def_front,0,0,def_front,1.0,True
/kaggle/input/datasets/ravirajsinh45/real-life-industrial-dataset-of-casting-product/casting_data/casting_data/test/def_front/cast_def_0_2551.jpeg,def_front,0,0,def_front,1.0,True
/kaggle/input/datasets/ravirajsinh45/real-life-industrial-dataset-of-casting-product/casting_data/casting_data/test/def_front/cast_def_0_2553.jpeg,def_front,0,0,def_front,0.9999161,True
/kaggle/input/datasets/ravirajsinh45/real-life-industrial-dataset-of-casting-product/casting_data/casting_data/test/def_front/cast_def_0_257.jpeg,def_front,0,0,def_front,0.99999976,True
/kaggle/input/datasets/ravirajsinh45/real-life-industrial-dataset-of-casting-product/casting_data/casting_data/test/def_front/cast_def_0_259.jpeg,def_front,0,0,def_front,0.999984,True
/kaggle/input/datasets/ravirajsinh45/real-life-industrial-dataset-of-casting-product/casting_data/casting_data/test/def_front/cast_def_0_26.jpeg,def_front,0,0,def_front,0.9948472,True
/kaggle/input/datasets/ravirajsinh45/real-life-industrial-dataset-of-casting-product/casting_data/casting_data/test/def_front/cast_def_0_260.jpeg,def_front,0,0,def_front,1.0,True
/kaggle/input/datasets/ravirajsinh45/real-life-industrial-dataset-of-casting-product/casting_data/casting_data/test/def_front/cast_def_0_275.jpeg,def_front,0,0,def_front,0.993075,True
/kaggle/input/datasets/ravirajsinh45/real-life-industrial-dataset-of-casting-product/casting_data/casting_data/test/def_front/cast_def_0_28.jpeg,def_front,0,0,def_front,0.99976045,True
/kaggle/input/datasets/ravirajsinh45/real-life-industrial-dataset-of-casting-product/casting_data/casting_data/test/def_front/cast_def_0_280.jpeg,def_front,0,0,def_front,0.99989843,True
/kaggle/input/datasets/ravirajsinh45/real-life-industrial-dataset-of-casting-product/casting_data/casting_data/test/def_front/cast_def_0_283.jpeg,def_front,0,0,def_front,1.0,True
/kaggle/input/datasets/ravirajsinh45/real-life-industrial-dataset-of-casting-product/casting_data/casting_data/test/def_front/cast_def_0_290.jpeg,def_front,0,0,def_front,1.0,True
/kaggle/input/datasets/ravirajsinh45/real-life-industrial-dataset-of-casting-product/casting_data/casting_data/test/def_front/cast_def_0_291.jpeg,def_front,0,0,def_front,0.9981511,True
/kaggle/input/datasets/ravirajsinh45/real-life-industrial-dataset-of-casting-product/casting_data/casting_data/test/def_front/cast_def_0_299.jpeg,def_front,0,0,def_front,1.0,True
/kaggle/input/datasets/ravirajsinh45/real-life-industrial-dataset-of-casting-product/casting_data/casting_data/test/def_front/cast_def_0_302.jpeg,def_front,0,0,def_front,0.9999769,True
/kaggle/input/datasets/ravirajsinh45/real-life-industrial-dataset-of-casting-product/casting_data/casting_data/test/def_front/cast_def_0_303.jpeg,def_front,0,1,ok_front,0.6363344,False
/kaggle/input/datasets/ravirajsinh45/real-life-industrial-dataset-of-casting-product/casting_data/casting_data/test/def_front/cast_def_0_3105.jpeg,def_front,0,0,def_front,0.9999945,True
/kaggle/input/datasets/ravirajsinh45/real-life-industrial-dataset-of-casting-product/casting_data/casting_data/test/def_front/cast_def_0_3106.jpeg,def_front,0,0,def_front,1.0,True
/kaggle/input/datasets/ravirajsinh45/real-life-industrial-dataset-of-casting-product/casting_data/casting_data/test/def_front/cast_def_0_3108.jpeg,def_front,0,0,def_front,1.0,True
/kaggle/input/datasets/ravirajsinh45/real-life-industrial-dataset-of-casting-product/casting_data/casting_data/test/def_front/cast_def_0_3121.jpeg,def_front,0,0,def_front,0.9998398,True
/kaggle/input/datasets/ravirajsinh45/real-life-industrial-dataset-of-casting-product/casting_data/casting_data/test/def_front/cast_def_0_3122.jpeg,def_front,0,0,def_front,0.9999949,True
/kaggle/input/datasets/ravirajsinh45/real-life-industrial-dataset-of-casting-product/casting_data/casting_data/test/def_front/cast_def_0_3123.jpeg,def_front,0,0,def_front,0.9999995,True
/kaggle/input/datasets/ravirajsinh45/real-life-industrial-dataset-of-casting-product/casting_data/casting_data/test/def_front/cast_def_0_3387.jpeg,def_front,0,0,def_front,0.99999285,True
/kaggle/input/datasets/ravirajsinh45/real-life-industrial-dataset-of-casting-product/casting_data/casting_data/test/def_front/cast_def_0_3388.jpeg,def_front,0,0,def_front,1.0,True
/kaggle/input/datasets/ravirajsinh45/real-life-industrial-dataset-of-casting-product/casting_data/casting_data/test/def_front/cast_def_0_340.jpeg,def_front,0,0,def_front,0.99999225,True
/kaggle/input/datasets/ravirajsinh45/real-life-industrial-dataset-of-casting-product/casting_data/casting_data/test/def_front/cast_def_0_3412.jpeg,def_front,0,0,def_front,0.9999963,True
/kaggle/input/datasets/ravirajsinh45/real-life-industrial-dataset-of-casting-product/casting_data/casting_data/test/def_front/cast_def_0_3416.jpeg,def_front,0,0,def_front,1.0,True
/kaggle/input/datasets/ravirajsinh45/real-life-industrial-dataset-of-casting-product/casting_data/casting_data/test/def_front/cast_def_0_3438.jpeg,def_front,0,0,def_front,1.0,True
/kaggle/input/datasets/ravirajsinh45/real-life-industrial-dataset-of-casting-product/casting_data/casting_data/test/def_front/cast_def_0_3446.jpeg,def_front,0,1,ok_front,0.581985,False
/kaggle/input/datasets/ravirajsinh45/real-life-industrial-dataset-of-casting-product/casting_data/casting_data/test/def_front/cast_def_0_3473.jpeg,def_front,0,0,def_front,0.9999503,True
/kaggle/input/datasets/ravirajsinh45/real-life-industrial-dataset-of-casting-product/casting_data/casting_data/test/def_front/cast_def_0_3500.jpeg,def_front,0,0,def_front,0.99999905,True
/kaggle/input/datasets/ravirajsinh45/real-life-industrial-dataset-of-casting-product/casting_data/casting_data/test/def_front/cast_def_0_3503.jpeg,def_front,0,0,def_front,0.99999726,True
/kaggle/input/datasets/ravirajsinh45/real-life-industrial-dataset-of-casting-product/casting_data/casting_data/test/def_front/cast_def_0_363.jpeg,def_front,0,0,def_front,0.9999999,True
/kaggle/input/datasets/ravirajsinh45/real-life-industrial-dataset-of-casting-product/casting_data/casting_data/test/def_front/cast_def_0_367.jpeg,def_front,0,0,def_front,0.99999845,True
/kaggle/input/datasets/ravirajsinh45/real-life-industrial-dataset-of-casting-product/casting_data/casting_data/test/def_front/cast_def_0_40.jpeg,def_front,0,0,def_front,1.0,True
/kaggle/input/datasets/ravirajsinh45/real-life-industrial-dataset-of-casting-product/casting_data/casting_data/test/def_front/cast_def_0_411.jpeg,def_front,0,0,def_front,0.99992037,True
/kaggle/input/datasets/ravirajsinh45/real-life-industrial-dataset-of-casting-product/casting_data/casting_data/test/def_front/cast_def_0_4133.jpeg,def_front,0,0,def_front,1.0,True
/kaggle/input/datasets/ravirajsinh45/real-life-industrial-dataset-of-casting-product/casting_data/casting_data/test/def_front/cast_def_0_4134.jpeg,def_front,0,0,def_front,0.9999957,True
/kaggle/input/datasets/ravirajsinh45/real-life-industrial-dataset-of-casting-product/casting_data/casting_data/test/def_front/cast_def_0_4137.jpeg,def_front,0,0,def_front,0.9999999,True
/kaggle/input/datasets/ravirajsinh45/real-life-industrial-dataset-of-casting-product/casting_data/casting_data/test/def_front/cast_def_0_4156.jpeg,def_front,0,0,def_front,0.9999999,True
/kaggle/input/datasets/ravirajsinh45/real-life-industrial-dataset-of-casting-product/casting_data/casting_data/test/def_front/cast_def_0_4160.jpeg,def_front,0,0,def_front,1.0,True
/kaggle/input/datasets/ravirajsinh45/real-life-industrial-dataset-of-casting-product/casting_data/casting_data/test/def_front/cast_def_0_4164.jpeg,def_front,0,0,def_front,0.9990852,True
/kaggle/input/datasets/ravirajsinh45/real-life-industrial-dataset-of-casting-product/casting_data/casting_data/test/def_front/cast_def_0_4175.jpeg,def_front,0,0,def_front,0.99999976,True
/kaggle/input/datasets/ravirajsinh45/real-life-industrial-dataset-of-casting-product/casting_data/casting_data/test/def_front/cast_def_0_4186.jpeg,def_front,0,0,def_front,0.9999585,True
/kaggle/input/datasets/ravirajsinh45/real-life-industrial-dataset-of-casting-product/casting_data/casting_data/test/def_front/cast_def_0_4198.jpeg,def_front,0,1,ok_front,0.6333349,False
/kaggle/input/datasets/ravirajsinh45/real-life-industrial-dataset-of-casting-product/casting_data/casting_data/test/def_front/cast_def_0_432.jpeg,def_front,0,0,def_front,1.0,True
/kaggle/input/datasets/ravirajsinh45/real-life-industrial-dataset-of-casting-product/casting_data/casting_data/test/def_front/cast_def_0_434.jpeg,def_front,0,0,def_front,0.99855226,True
/kaggle/input/datasets/ravirajsinh45/real-life-industrial-dataset-of-casting-product/casting_data/casting_data/test/def_front/cast_def_0_436.jpeg,def_front,0,0,def_front,1.0,True
/kaggle/input/datasets/ravirajsinh45/real-life-industrial-dataset-of-casting-product/casting_data/casting_data/test/def_front/cast_def_0_437.jpeg,def_front,0,0,def_front,1.0,True
/kaggle/input/datasets/ravirajsinh45/real-life-industrial-dataset-of-casting-product/casting_data/casting_data/test/def_front/cast_def_0_439.jpeg,def_front,0,0,def_front,0.9999956,True
/kaggle/input/datasets/ravirajsinh45/real-life-industrial-dataset-of-casting-product/casting_data/casting_data/test/def_front/cast_def_0_441.jpeg,def_front,0,0,def_front,0.99906904,True
/kaggle/input/datasets/ravirajsinh45/real-life-industrial-dataset-of-casting-product/casting_data/casting_data/test/def_front/cast_def_0_442.jpeg,def_front,0,1,ok_front,0.6598666,False
/kaggle/input/datasets/ravirajsinh45/real-life-industrial-dataset-of-casting-product/casting_data/casting_data/test/def_front/cast_def_0_450.jpeg,def_front,0,0,def_front,0.99733317,True
/kaggle/input/datasets/ravirajsinh45/real-life-industrial-dataset-of-casting-product/casting_data/casting_data/test/def_front/cast_def_0_455.jpeg,def_front,0,0,def_front,1.0,True
/kaggle/input/datasets/ravirajsinh45/real-life-industrial-dataset-of-casting-product/casting_data/casting_data/test/def_front/cast_def_0_456.jpeg,def_front,0,0,def_front,0.9948756,True
/kaggle/input/datasets/ravirajsinh45/real-life-industrial-dataset-of-casting-product/casting_data/casting_data/test/def_front/cast_def_0_457.jpeg,def_front,0,0,def_front,0.998723,True
/kaggle/input/datasets/ravirajsinh45/real-life-industrial-dataset-of-casting-product/casting_data/casting_data/test/def_front/cast_def_0_459.jpeg,def_front,0,0,def_front,0.9999956,True
/kaggle/input/datasets/ravirajsinh45/real-life-industrial-dataset-of-casting-product/casting_data/casting_data/test/def_front/cast_def_0_460.jpeg,def_front,0,1,ok_front,0.6078815,False
/kaggle/input/datasets/ravirajsinh45/real-life-industrial-dataset-of-casting-product/casting_data/casting_data/test/def_front/cast_def_0_461.jpeg,def_front,0,0,def_front,0.9991973,True
/kaggle/input/datasets/ravirajsinh45/real-life-industrial-dataset-of-casting-product/casting_data/casting_data/test/def_front/cast_def_0_462.jpeg,def_front,0,0,def_front,0.99986815,True
/kaggle/input/datasets/ravirajsinh45/real-life-industrial-dataset-of-casting-product/casting_data/casting_data/test/def_front/cast_def_0_468.jpeg,def_front,0,1,ok_front,0.5809393,False
/kaggle/input/datasets/ravirajsinh45/real-life-industrial-dataset-of-casting-product/casting_data/casting_data/test/def_front/cast_def_0_480.jpeg,def_front,0,0,def_front,0.997013,True
/kaggle/input/datasets/ravirajsinh45/real-life-industrial-dataset-of-casting-product/casting_data/casting_data/test/def_front/cast_def_0_483.jpeg,def_front,0,0,def_front,0.9957859,True
/kaggle/input/datasets/ravirajsinh45/real-life-industrial-dataset-of-casting-product/casting_data/casting_data/test/def_front/cast_def_0_485.jpeg,def_front,0,0,def_front,0.9942088,True
/kaggle/input/datasets/ravirajsinh45/real-life-industrial-dataset-of-casting-product/casting_data/casting_data/test/def_front/cast_def_0_486.jpeg,def_front,0,0,def_front,0.9999988,True
/kaggle/input/datasets/ravirajsinh45/real-life-industrial-dataset-of-casting-product/casting_data/casting_data/test/def_front/cast_def_0_49.jpeg,def_front,0,0,def_front,1.0,True
/kaggle/input/datasets/ravirajsinh45/real-life-industrial-dataset-of-casting-product/casting_data/casting_data/test/def_front/cast_def_0_490.jpeg,def_front,0,0,def_front,0.9924886,True
/kaggle/input/datasets/ravirajsinh45/real-life-industrial-dataset-of-casting-product/casting_data/casting_data/test/def_front/cast_def_0_491.jpeg,def_front,0,0,def_front,0.999382,True
/kaggle/input/datasets/ravirajsinh45/real-life-industrial-dataset-of-casting-product/casting_data/casting_data/test/def_front/cast_def_0_495.jpeg,def_front,0,0,def_front,0.99979323,True
/kaggle/input/datasets/ravirajsinh45/real-life-industrial-dataset-of-casting-product/casting_data/casting_data/test/def_front/cast_def_0_496.jpeg,def_front,0,0,def_front,0.9999137,True
/kaggle/input/datasets/ravirajsinh45/real-life-industrial-dataset-of-casting-product/casting_data/casting_data/test/def_front/cast_def_0_499.jpeg,def_front,0,0,def_front,0.99542373,True
/kaggle/input/datasets/ravirajsinh45/real-life-industrial-dataset-of-casting-product/casting_data/casting_data/test/def_front/cast_def_0_500.jpeg,def_front,0,0,def_front,0.9999995,True
/kaggle/input/datasets/ravirajsinh45/real-life-industrial-dataset-of-casting-product/casting_data/casting_data/test/def_front/cast_def_0_501.jpeg,def_front,0,0,def_front,0.9998266,True
/kaggle/input/datasets/ravirajsinh45/real-life-industrial-dataset-of-casting-product/casting_data/casting_data/test/def_front/cast_def_0_504.jpeg,def_front,0,0,def_front,0.9999999,True
/kaggle/input/datasets/ravirajsinh45/real-life-industrial-dataset-of-casting-product/casting_data/casting_data/test/def_front/cast_def_0_505.jpeg,def_front,0,0,def_front,0.99989855,True
/kaggle/input/datasets/ravirajsinh45/real-life-industrial-dataset-of-casting-product/casting_data/casting_data/test/def_front/cast_def_0_506.jpeg,def_front,0,0,def_front,1.0,True
/kaggle/input/datasets/ravirajsinh45/real-life-industrial-dataset-of-casting-product/casting_data/casting_data/test/def_front/cast_def_0_507.jpeg,def_front,0,0,def_front,0.9999999,True
/kaggle/input/datasets/ravirajsinh45/real-life-industrial-dataset-of-casting-product/casting_data/casting_data/test/def_front/cast_def_0_514.jpeg,def_front,0,0,def_front,0.99976975,True
/kaggle/input/datasets/ravirajsinh45/real-life-industrial-dataset-of-casting-product/casting_data/casting_data/test/def_front/cast_def_0_515.jpeg,def_front,0,0,def_front,0.99518615,True
/kaggle/input/datasets/ravirajsinh45/real-life-industrial-dataset-of-casting-product/casting_data/casting_data/test/def_front/cast_def_0_519.jpeg,def_front,0,0,def_front,1.0,True
/kaggle/input/datasets/ravirajsinh45/real-life-industrial-dataset-of-casting-product/casting_data/casting_data/test/def_front/cast_def_0_520.jpeg,def_front,0,0,def_front,0.99999857,True
/kaggle/input/datasets/ravirajsinh45/real-life-industrial-dataset-of-casting-product/casting_data/casting_data/test/def_front/cast_def_0_5251.jpeg,def_front,0,0,def_front,1.0,True
/kaggle/input/datasets/ravirajsinh45/real-life-industrial-dataset-of-casting-product/casting_data/casting_data/test/def_front/cast_def_0_5289.jpeg,def_front,0,0,def_front,0.999962,True
/kaggle/input/datasets/ravirajsinh45/real-life-industrial-dataset-of-casting-product/casting_data/casting_data/test/def_front/cast_def_0_5297.jpeg,def_front,0,0,def_front,1.0,True
/kaggle/input/datasets/ravirajsinh45/real-life-industrial-dataset-of-casting-product/casting_data/casting_data/test/def_front/cast_def_0_5302.jpeg,def_front,0,0,def_front,0.9999999,True
/kaggle/input/datasets/ravirajsinh45/real-life-industrial-dataset-of-casting-product/casting_data/casting_data/test/def_front/cast_def_0_531.jpeg,def_front,0,0,def_front,0.99977106,True
/kaggle/input/datasets/ravirajsinh45/real-life-industrial-dataset-of-casting-product/casting_data/casting_data/test/def_front/cast_def_0_532.jpeg,def_front,0,0,def_front,0.9999999,True
/kaggle/input/datasets/ravirajsinh45/real-life-industrial-dataset-of-casting-product/casting_data/casting_data/test/def_front/cast_def_0_534.jpeg,def_front,0,0,def_front,1.0,True
/kaggle/input/datasets/ravirajsinh45/real-life-industrial-dataset-of-casting-product/casting_data/casting_data/test/def_front/cast_def_0_535.jpeg,def_front,0,0,def_front,0.9998752,True
/kaggle/input/datasets/ravirajsinh45/real-life-industrial-dataset-of-casting-product/casting_data/casting_data/test/def_front/cast_def_0_536.jpeg,def_front,0,0,def_front,0.9999999,True
/kaggle/input/datasets/ravirajsinh45/real-life-industrial-dataset-of-casting-product/casting_data/casting_data/test/def_front/cast_def_0_537.jpeg,def_front,0,0,def_front,0.9966903,True
/kaggle/input/datasets/ravirajsinh45/real-life-industrial-dataset-of-casting-product/casting_data/casting_data/test/def_front/cast_def_0_538.jpeg,def_front,0,0,def_front,0.999683,True
/kaggle/input/datasets/ravirajsinh45/real-life-industrial-dataset-of-casting-product/casting_data/casting_data/test/def_front/cast_def_0_549.jpeg,def_front,0,0,def_front,0.9999652,True
/kaggle/input/datasets/ravirajsinh45/real-life-industrial-dataset-of-casting-product/casting_data/casting_data/test/def_front/cast_def_0_551.jpeg,def_front,0,0,def_front,0.99999535,True
/kaggle/input/datasets/ravirajsinh45/real-life-industrial-dataset-of-casting-product/casting_data/casting_data/test/def_front/cast_def_0_552.jpeg,def_front,0,0,def_front,1.0,True
/kaggle/input/datasets/ravirajsinh45/real-life-industrial-dataset-of-casting-product/casting_data/casting_data/test/def_front/cast_def_0_555.jpeg,def_front,0,0,def_front,0.998218,True
/kaggle/input/datasets/ravirajsinh45/real-life-industrial-dataset-of-casting-product/casting_data/casting_data/test/def_front/cast_def_0_558.jpeg,def_front,0,0,def_front,1.0,True
/kaggle/input/datasets/ravirajsinh45/real-life-industrial-dataset-of-casting-product/casting_data/casting_data/test/def_front/cast_def_0_560.jpeg,def_front,0,0,def_front,0.99999976,True
/kaggle/input/datasets/ravirajsinh45/real-life-industrial-dataset-of-casting-product/casting_data/casting_data/test/def_front/cast_def_0_564.jpeg,def_front,0,0,def_front,0.9999505,True
/kaggle/input/datasets/ravirajsinh45/real-life-industrial-dataset-of-casting-product/casting_data/casting_data/test/def_front/cast_def_0_586.jpeg,def_front,0,0,def_front,0.9999951,True
/kaggle/input/datasets/ravirajsinh45/real-life-industrial-dataset-of-casting-product/casting_data/casting_data/test/def_front/cast_def_0_588.jpeg,def_front,0,0,def_front,0.9999989,True
/kaggle/input/datasets/ravirajsinh45/real-life-industrial-dataset-of-casting-product/casting_data/casting_data/test/def_front/cast_def_0_589.jpeg,def_front,0,0,def_front,0.9999999,True
/kaggle/input/datasets/ravirajsinh45/real-life-industrial-dataset-of-casting-product/casting_data/casting_data/test/def_front/cast_def_0_590.jpeg,def_front,0,0,def_front,1.0,True
/kaggle/input/datasets/ravirajsinh45/real-life-industrial-dataset-of-casting-product/casting_data/casting_data/test/def_front/cast_def_0_591.jpeg,def_front,0,0,def_front,0.9999403,True
/kaggle/input/datasets/ravirajsinh45/real-life-industrial-dataset-of-casting-product/casting_data/casting_data/test/def_front/cast_def_0_592.jpeg,def_front,0,0,def_front,1.0,True
/kaggle/input/datasets/ravirajsinh45/real-life-industrial-dataset-of-casting-product/casting_data/casting_data/test/def_front/cast_def_0_594.jpeg,def_front,0,0,def_front,0.99999857,True
/kaggle/input/datasets/ravirajsinh45/real-life-industrial-dataset-of-casting-product/casting_data/casting_data/test/def_front/cast_def_0_61.jpeg,def_front,0,0,def_front,0.9998822,True
/kaggle/input/datasets/ravirajsinh45/real-life-industrial-dataset-of-casting-product/casting_data/casting_data/test/def_front/cast_def_0_616.jpeg,def_front,0,1,ok_front,0.5794523,False
/kaggle/input/datasets/ravirajsinh45/real-life-industrial-dataset-of-casting-product/casting_data/casting_data/test/def_front/cast_def_0_617.jpeg,def_front,0,0,def_front,0.9995309,True
/kaggle/input/datasets/ravirajsinh45/real-life-industrial-dataset-of-casting-product/casting_data/casting_data/test/def_front/cast_def_0_618.jpeg,def_front,0,0,def_front,0.9999918,True
/kaggle/input/datasets/ravirajsinh45/real-life-industrial-dataset-of-casting-product/casting_data/casting_data/test/def_front/cast_def_0_619.jpeg,def_front,0,0,def_front,1.0,True
/kaggle/input/datasets/ravirajsinh45/real-life-industrial-dataset-of-casting-product/casting_data/casting_data/test/def_front/cast_def_0_620.jpeg,def_front,0,0,def_front,0.9976398,True
/kaggle/input/datasets/ravirajsinh45/real-life-industrial-dataset-of-casting-product/casting_data/casting_data/test/def_front/cast_def_0_621.jpeg,def_front,0,0,def_front,0.9999174,True
/kaggle/input/datasets/ravirajsinh45/real-life-industrial-dataset-of-casting-product/casting_data/casting_data/test/def_front/cast_def_0_629.jpeg,def_front,0,0,def_front,0.99989796,True
/kaggle/input/datasets/ravirajsinh45/real-life-industrial-dataset-of-casting-product/casting_data/casting_data/test/def_front/cast_def_0_641.jpeg,def_front,0,0,def_front,1.0,True
/kaggle/input/datasets/ravirajsinh45/real-life-industrial-dataset-of-casting-product/casting_data/casting_data/test/def_front/cast_def_0_642.jpeg,def_front,0,0,def_front,0.99999547,True
/kaggle/input/datasets/ravirajsinh45/real-life-industrial-dataset-of-casting-product/casting_data/casting_data/test/def_front/cast_def_0_643.jpeg,def_front,0,0,def_front,0.9994929,True
/kaggle/input/datasets/ravirajsinh45/real-life-industrial-dataset-of-casting-product/casting_data/casting_data/test/def_front/cast_def_0_645.jpeg,def_front,0,0,def_front,0.9981128,True
/kaggle/input/datasets/ravirajsinh45/real-life-industrial-dataset-of-casting-product/casting_data/casting_data/test/def_front/cast_def_0_646.jpeg,def_front,0,0,def_front,1.0,True
/kaggle/input/datasets/ravirajsinh45/real-life-industrial-dataset-of-casting-product/casting_data/casting_data/test/def_front/cast_def_0_647.jpeg,def_front,0,0,def_front,0.99999905,True
/kaggle/input/datasets/ravirajsinh45/real-life-industrial-dataset-of-casting-product/casting_data/casting_data/test/def_front/cast_def_0_648.jpeg,def_front,0,0,def_front,1.0,True
/kaggle/input/datasets/ravirajsinh45/real-life-industrial-dataset-of-casting-product/casting_data/casting_data/test/def_front/cast_def_0_65.jpeg,def_front,0,0,def_front,1.0,True
/kaggle/input/datasets/ravirajsinh45/real-life-industrial-dataset-of-casting-product/casting_data/casting_data/test/def_front/cast_def_0_656.jpeg,def_front,0,0,def_front,1.0,True
/kaggle/input/datasets/ravirajsinh45/real-life-industrial-dataset-of-casting-product/casting_data/casting_data/test/def_front/cast_def_0_659.jpeg,def_front,0,0,def_front,1.0,True
/kaggle/input/datasets/ravirajsinh45/real-life-industrial-dataset-of-casting-product/casting_data/casting_data/test/def_front/cast_def_0_661.jpeg,def_front,0,0,def_front,0.9999018,True
/kaggle/input/datasets/ravirajsinh45/real-life-industrial-dataset-of-casting-product/casting_data/casting_data/test/def_front/cast_def_0_662.jpeg,def_front,0,0,def_front,0.99999976,True
/kaggle/input/datasets/ravirajsinh45/real-life-industrial-dataset-of-casting-product/casting_data/casting_data/test/def_front/cast_def_0_663.jpeg,def_front,0,0,def_front,0.9999403,True
/kaggle/input/datasets/ravirajsinh45/real-life-industrial-dataset-of-casting-product/casting_data/casting_data/test/def_front/cast_def_0_666.jpeg,def_front,0,1,ok_front,0.64684826,False
/kaggle/input/datasets/ravirajsinh45/real-life-industrial-dataset-of-casting-product/casting_data/casting_data/test/def_front/cast_def_0_669.jpeg,def_front,0,0,def_front,0.99988174,True
/kaggle/input/datasets/ravirajsinh45/real-life-industrial-dataset-of-casting-product/casting_data/casting_data/test/def_front/cast_def_0_67.jpeg,def_front,0,0,def_front,1.0,True
/kaggle/input/datasets/ravirajsinh45/real-life-industrial-dataset-of-casting-product/casting_data/casting_data/test/def_front/cast_def_0_7.jpeg,def_front,0,0,def_front,0.9999914,True
/kaggle/input/datasets/ravirajsinh45/real-life-industrial-dataset-of-casting-product/casting_data/casting_data/test/def_front/cast_def_0_703.jpeg,def_front,0,0,def_front,0.99995923,True
/kaggle/input/datasets/ravirajsinh45/real-life-industrial-dataset-of-casting-product/casting_data/casting_data/test/def_front/cast_def_0_708.jpeg,def_front,0,0,def_front,0.999961,True
/kaggle/input/datasets/ravirajsinh45/real-life-industrial-dataset-of-casting-product/casting_data/casting_data/test/def_front/cast_def_0_715.jpeg,def_front,0,0,def_front,0.9998802,True
/kaggle/input/datasets/ravirajsinh45/real-life-industrial-dataset-of-casting-product/casting_data/casting_data/test/def_front/cast_def_0_717.jpeg,def_front,0,0,def_front,0.9985671,True
/kaggle/input/datasets/ravirajsinh45/real-life-industrial-dataset-of-casting-product/casting_data/casting_data/test/def_front/cast_def_0_7241.jpeg,def_front,0,0,def_front,1.0,True
/kaggle/input/datasets/ravirajsinh45/real-life-industrial-dataset-of-casting-product/casting_data/casting_data/test/def_front/cast_def_0_7271.jpeg,def_front,0,0,def_front,0.9997706,True
/kaggle/input/datasets/ravirajsinh45/real-life-industrial-dataset-of-casting-product/casting_data/casting_data/test/def_front/cast_def_0_732.jpeg,def_front,0,0,def_front,1.0,True
/kaggle/input/datasets/ravirajsinh45/real-life-industrial-dataset-of-casting-product/casting_data/casting_data/test/def_front/cast_def_0_7442.jpeg,def_front,0,0,def_front,0.9999474,True
/kaggle/input/datasets/ravirajsinh45/real-life-industrial-dataset-of-casting-product/casting_data/casting_data/test/def_front/cast_def_0_7454.jpeg,def_front,0,0,def_front,0.9996246,True
/kaggle/input/datasets/ravirajsinh45/real-life-industrial-dataset-of-casting-product/casting_data/casting_data/test/def_front/cast_def_0_7468.jpeg,def_front,0,0,def_front,0.99999475,True
/kaggle/input/datasets/ravirajsinh45/real-life-industrial-dataset-of-casting-product/casting_data/casting_data/test/def_front/cast_def_0_7481.jpeg,def_front,0,0,def_front,1.0,True
/kaggle/input/datasets/ravirajsinh45/real-life-industrial-dataset-of-casting-product/casting_data/casting_data/test/def_front/cast_def_0_7596.jpeg,def_front,0,0,def_front,0.9999995,True
/kaggle/input/datasets/ravirajsinh45/real-life-industrial-dataset-of-casting-product/casting_data/casting_data/test/def_front/cast_def_0_7653.jpeg,def_front,0,0,def_front,0.99999964,True
/kaggle/input/datasets/ravirajsinh45/real-life-industrial-dataset-of-casting-product/casting_data/casting_data/test/def_front/cast_def_0_7659.jpeg,def_front,0,0,def_front,0.99999917,True
/kaggle/input/datasets/ravirajsinh45/real-life-industrial-dataset-of-casting-product/casting_data/casting_data/test/def_front/cast_def_0_811.jpeg,def_front,0,0,def_front,0.9999914,True
/kaggle/input/datasets/ravirajsinh45/real-life-industrial-dataset-of-casting-product/casting_data/casting_data/test/def_front/cast_def_0_829.jpeg,def_front,0,1,ok_front,0.6308898,False
/kaggle/input/datasets/ravirajsinh45/real-life-industrial-dataset-of-casting-product/casting_data/casting_data/test/def_front/cast_def_0_831.jpeg,def_front,0,0,def_front,0.9983103,True
/kaggle/input/datasets/ravirajsinh45/real-life-industrial-dataset-of-casting-product/casting_data/casting_data/test/def_front/cast_def_0_849.jpeg,def_front,0,0,def_front,1.0,True
/kaggle/input/datasets/ravirajsinh45/real-life-industrial-dataset-of-casting-product/casting_data/casting_data/test/def_front/cast_def_0_85.jpeg,def_front,0,0,def_front,0.9999999,True
/kaggle/input/datasets/ravirajsinh45/real-life-industrial-dataset-of-casting-product/casting_data/casting_data/test/def_front/cast_def_0_87.jpeg,def_front,0,0,def_front,0.9999893,True
/kaggle/input/datasets/ravirajsinh45/real-life-industrial-dataset-of-casting-product/casting_data/casting_data/test/def_front/cast_def_0_88.jpeg,def_front,0,0,def_front,0.9999635,True
/kaggle/input/datasets/ravirajsinh45/real-life-industrial-dataset-of-casting-product/casting_data/casting_data/test/def_front/cast_def_0_9270.jpeg,def_front,0,0,def_front,0.9999721,True
/kaggle/input/datasets/ravirajsinh45/real-life-industrial-dataset-of-casting-product/casting_data/casting_data/test/def_front/cast_def_0_939.jpeg,def_front,0,0,def_front,1.0,True
/kaggle/input/datasets/ravirajsinh45/real-life-industrial-dataset-of-casting-product/casting_data/casting_data/test/def_front/cast_def_0_9747.jpeg,def_front,0,0,def_front,0.99970156,True
/kaggle/input/datasets/ravirajsinh45/real-life-industrial-dataset-of-casting-product/casting_data/casting_data/test/def_front/cast_def_0_9751.jpeg,def_front,0,0,def_front,0.9999616,True
/kaggle/input/datasets/ravirajsinh45/real-life-industrial-dataset-of-casting-product/casting_data/casting_data/test/def_front/cast_def_0_9758.jpeg,def_front,0,0,def_front,1.0,True
/kaggle/input/datasets/ravirajsinh45/real-life-industrial-dataset-of-casting-product/casting_data/casting_data/test/def_front/cast_def_0_983.jpeg,def_front,0,1,ok_front,0.5728746,False
/kaggle/input/datasets/ravirajsinh45/real-life-industrial-dataset-of-casting-product/casting_data/casting_data/test/def_front/cast_def_0_9921.jpeg,def_front,0,0,def_front,0.9993026,True
/kaggle/input/datasets/ravirajsinh45/real-life-industrial-dataset-of-casting-product/casting_data/casting_data/test/def_front/cast_def_0_9925.jpeg,def_front,0,0,def_front,0.9998178,True
/kaggle/input/datasets/ravirajsinh45/real-life-industrial-dataset-of-casting-product/casting_data/casting_data/test/def_front/cast_def_0_9927.jpeg,def_front,0,0,def_front,1.0,True
/kaggle/input/datasets/ravirajsinh45/real-life-industrial-dataset-of-casting-product/casting_data/casting_data/test/def_front/cast_def_0_9960.jpeg,def_front,0,0,def_front,0.9999995,True
/kaggle/input/datasets/ravirajsinh45/real-life-industrial-dataset-of-casting-product/casting_data/casting_data/test/def_front/cast_def_0_9969.jpeg,def_front,0,0,def_front,0.9999969,True
/kaggle/input/datasets/ravirajsinh45/real-life-industrial-dataset-of-casting-product/casting_data/casting_data/test/def_front/cast_def_0_9991.jpeg,def_front,0,0,def_front,0.9999275,True
/kaggle/input/datasets/ravirajsinh45/real-life-industrial-dataset-of-casting-product/casting_data/casting_data/test/def_front/new__0_1339.jpeg,def_front,0,0,def_front,0.9999987,True
/kaggle/input/datasets/ravirajsinh45/real-life-industrial-dataset-of-casting-product/casting_data/casting_data/test/def_front/new__0_1353.jpeg,def_front,0,0,def_front,1.0,True
/kaggle/input/datasets/ravirajsinh45/real-life-industrial-dataset-of-casting-product/casting_data/casting_data/test/def_front/new__0_1385.jpeg,def_front,0,0,def_front,0.99568105,True
/kaggle/input/datasets/ravirajsinh45/real-life-industrial-dataset-of-casting-product/casting_data/casting_data/test/def_front/new__0_1664.jpeg,def_front,0,0,def_front,0.9999676,True
/kaggle/input/datasets/ravirajsinh45/real-life-industrial-dataset-of-casting-product/casting_data/casting_data/test/def_front/new__0_1780.jpeg,def_front,0,0,def_front,0.99996734,True
/kaggle/input/datasets/ravirajsinh45/real-life-industrial-dataset-of-casting-product/casting_data/casting_data/test/def_front/new__0_2055.jpeg,def_front,0,0,def_front,0.99900717,True
/kaggle/input/datasets/ravirajsinh45/real-life-industrial-dataset-of-casting-product/casting_data/casting_data/test/def_front/new__0_2091.jpeg,def_front,0,0,def_front,0.999998,True
/kaggle/input/datasets/ravirajsinh45/real-life-industrial-dataset-of-casting-product/casting_data/casting_data/test/def_front/new__0_2306.jpeg,def_front,0,0,def_front,0.99998295,True
/kaggle/input/datasets/ravirajsinh45/real-life-industrial-dataset-of-casting-product/casting_data/casting_data/test/def_front/new__0_2783.jpeg,def_front,0,0,def_front,1.0,True
/kaggle/input/datasets/ravirajsinh45/real-life-industrial-dataset-of-casting-product/casting_data/casting_data/test/def_front/new__0_3255.jpeg,def_front,0,0,def_front,1.0,True
/kaggle/input/datasets/ravirajsinh45/real-life-industrial-dataset-of-casting-product/casting_data/casting_data/test/def_front/new__0_3299.jpeg,def_front,0,0,def_front,0.9999201,True
/kaggle/input/datasets/ravirajsinh45/real-life-industrial-dataset-of-casting-product/casting_data/casting_data/test/def_front/new__0_3476.jpeg,def_front,0,0,def_front,0.9991559,True
/kaggle/input/datasets/ravirajsinh45/real-life-industrial-dataset-of-casting-product/casting_data/casting_data/test/def_front/new__0_3539.jpeg,def_front,0,0,def_front,0.99998367,True
/kaggle/input/datasets/ravirajsinh45/real-life-industrial-dataset-of-casting-product/casting_data/casting_data/test/def_front/new__0_3645.jpeg,def_front,0,0,def_front,0.9998387,True
/kaggle/input/datasets/ravirajsinh45/real-life-industrial-dataset-of-casting-product/casting_data/casting_data/test/def_front/new__0_3963.jpeg,def_front,0,0,def_front,1.0,True
/kaggle/input/datasets/ravirajsinh45/real-life-industrial-dataset-of-casting-product/casting_data/casting_data/test/def_front/new__0_3973.jpeg,def_front,0,0,def_front,0.9999229,True
/kaggle/input/datasets/ravirajsinh45/real-life-industrial-dataset-of-casting-product/casting_data/casting_data/test/def_front/new__0_4483.jpeg,def_front,0,0,def_front,0.9995925,True
/kaggle/input/datasets/ravirajsinh45/real-life-industrial-dataset-of-casting-product/casting_data/casting_data/test/def_front/new__0_4505.jpeg,def_front,0,0,def_front,0.999073,True
/kaggle/input/datasets/ravirajsinh45/real-life-industrial-dataset-of-casting-product/casting_data/casting_data/test/def_front/new__0_4633.jpeg,def_front,0,0,def_front,0.9999703,True
/kaggle/input/datasets/ravirajsinh45/real-life-industrial-dataset-of-casting-product/casting_data/casting_data/test/def_front/new__0_5164.jpeg,def_front,0,0,def_front,0.99873465,True
/kaggle/input/datasets/ravirajsinh45/real-life-industrial-dataset-of-casting-product/casting_data/casting_data/test/def_front/new__0_5223.jpeg,def_front,0,0,def_front,0.99966335,True
/kaggle/input/datasets/ravirajsinh45/real-life-industrial-dataset-of-casting-product/casting_data/casting_data/test/def_front/new__0_5231.jpeg,def_front,0,0,def_front,1.0,True
/kaggle/input/datasets/ravirajsinh45/real-life-industrial-dataset-of-casting-product/casting_data/casting_data/test/def_front/new__0_6223.jpeg,def_front,0,0,def_front,0.99999905,True
/kaggle/input/datasets/ravirajsinh45/real-life-industrial-dataset-of-casting-product/casting_data/casting_data/test/def_front/new__0_6287.jpeg,def_front,0,0,def_front,0.99999654,True
/kaggle/input/datasets/ravirajsinh45/real-life-industrial-dataset-of-casting-product/casting_data/casting_data/test/def_front/new__0_6459.jpeg,def_front,0,0,def_front,0.99629897,True
/kaggle/input/datasets/ravirajsinh45/real-life-industrial-dataset-of-casting-product/casting_data/casting_data/test/def_front/new__0_6647.jpeg,def_front,0,0,def_front,0.99999774,True
/kaggle/input/datasets/ravirajsinh45/real-life-industrial-dataset-of-casting-product/casting_data/casting_data/test/def_front/new__0_6708.jpeg,def_front,0,0,def_front,1.0,True
/kaggle/input/datasets/ravirajsinh45/real-life-industrial-dataset-of-casting-product/casting_data/casting_data/test/def_front/new__0_7229.jpeg,def_front,0,1,ok_front,0.6820825,False
/kaggle/input/datasets/ravirajsinh45/real-life-industrial-dataset-of-casting-product/casting_data/casting_data/test/def_front/new__0_7323.jpeg,def_front,0,0,def_front,0.99986315,True
/kaggle/input/datasets/ravirajsinh45/real-life-industrial-dataset-of-casting-product/casting_data/casting_data/test/def_front/new__0_7515.jpeg,def_front,0,0,def_front,0.99989164,True
/kaggle/input/datasets/ravirajsinh45/real-life-industrial-dataset-of-casting-product/casting_data/casting_data/test/def_front/new__0_8133.jpeg,def_front,0,0,def_front,0.99994755,True
/kaggle/input/datasets/ravirajsinh45/real-life-industrial-dataset-of-casting-product/casting_data/casting_data/test/def_front/new__0_8159.jpeg,def_front,0,0,def_front,0.99979275,True
/kaggle/input/datasets/ravirajsinh45/real-life-industrial-dataset-of-casting-product/casting_data/casting_data/test/def_front/new__0_8634.jpeg,def_front,0,0,def_front,1.0,True
/kaggle/input/datasets/ravirajsinh45/real-life-industrial-dataset-of-casting-product/casting_data/casting_data/test/def_front/new__0_8737.jpeg,def_front,0,0,def_front,0.99995303,True
/kaggle/input/datasets/ravirajsinh45/real-life-industrial-dataset-of-casting-product/casting_data/casting_data/test/def_front/new__0_9014.jpeg,def_front,0,0,def_front,0.99994695,True
/kaggle/input/datasets/ravirajsinh45/real-life-industrial-dataset-of-casting-product/casting_data/casting_data/test/def_front/new__0_9248.jpeg,def_front,0,0,def_front,0.99998975,True
/kaggle/input/datasets/ravirajsinh45/real-life-industrial-dataset-of-casting-product/casting_data/casting_data/test/def_front/new__0_9334.jpeg,def_front,0,0,def_front,0.9997447,True
/kaggle/input/datasets/ravirajsinh45/real-life-industrial-dataset-of-casting-product/casting_data/casting_data/test/ok_front/cast_ok_0_10.jpeg,ok_front,1,0,def_front,0.6452138,False
/kaggle/input/datasets/ravirajsinh45/real-life-industrial-dataset-of-casting-product/casting_data/casting_data/test/ok_front/cast_ok_0_1001.jpeg,ok_front,1,1,ok_front,0.99941266,True
/kaggle/input/datasets/ravirajsinh45/real-life-industrial-dataset-of-casting-product/casting_data/casting_data/test/ok_front/cast_ok_0_1002.jpeg,ok_front,1,0,def_front,0.5983414,False
/kaggle/input/datasets/ravirajsinh45/real-life-industrial-dataset-of-casting-product/casting_data/casting_data/test/ok_front/cast_ok_0_1003.jpeg,ok_front,1,1,ok_front,0.99941957,True
/kaggle/input/datasets/ravirajsinh45/real-life-industrial-dataset-of-casting-product/casting_data/casting_data/test/ok_front/cast_ok_0_1019.jpeg,ok_front,1,1,ok_front,0.99996984,True
/kaggle/input/datasets/ravirajsinh45/real-life-industrial-dataset-of-casting-product/casting_data/casting_data/test/ok_front/cast_ok_0_1020.jpeg,ok_front,1,1,ok_front,0.99993324,True
/kaggle/input/datasets/ravirajsinh45/real-life-industrial-dataset-of-casting-product/casting_data/casting_data/test/ok_front/cast_ok_0_1021.jpeg,ok_front,1,1,ok_front,0.99999523,True
/kaggle/input/datasets/ravirajsinh45/real-life-industrial-dataset-of-casting-product/casting_data/casting_data/test/ok_front/cast_ok_0_1022.jpeg,ok_front,1,1,ok_front,0.99262553,True
/kaggle/input/datasets/ravirajsinh45/real-life-industrial-dataset-of-casting-product/casting_data/casting_data/test/ok_front/cast_ok_0_1026.jpeg,ok_front,1,1,ok_front,0.99974483,True
/kaggle/input/datasets/ravirajsinh45/real-life-industrial-dataset-of-casting-product/casting_data/casting_data/test/ok_front/cast_ok_0_1028.jpeg,ok_front,1,1,ok_front,0.994869,True
/kaggle/input/datasets/ravirajsinh45/real-life-industrial-dataset-of-casting-product/casting_data/casting_data/test/ok_front/cast_ok_0_1031.jpeg,ok_front,1,1,ok_front,0.99999976,True
/kaggle/input/datasets/ravirajsinh45/real-life-industrial-dataset-of-casting-product/casting_data/casting_data/test/ok_front/cast_ok_0_1040.jpeg,ok_front,1,1,ok_front,0.99883527,True
/kaggle/input/datasets/ravirajsinh45/real-life-industrial-dataset-of-casting-product/casting_data/casting_data/test/ok_front/cast_ok_0_1066.jpeg,ok_front,1,1,ok_front,0.9998017,True
/kaggle/input/datasets/ravirajsinh45/real-life-industrial-dataset-of-casting-product/casting_data/casting_data/test/ok_front/cast_ok_0_1069.jpeg,ok_front,1,1,ok_front,0.9995378,True
/kaggle/input/datasets/ravirajsinh45/real-life-industrial-dataset-of-casting-product/casting_data/casting_data/test/ok_front/cast_ok_0_1077.jpeg,ok_front,1,1,ok_front,0.9935854,True
/kaggle/input/datasets/ravirajsinh45/real-life-industrial-dataset-of-casting-product/casting_data/casting_data/test/ok_front/cast_ok_0_1088.jpeg,ok_front,1,1,ok_front,0.99999475,True
/kaggle/input/datasets/ravirajsinh45/real-life-industrial-dataset-of-casting-product/casting_data/casting_data/test/ok_front/cast_ok_0_1092.jpeg,ok_front,1,1,ok_front,0.99804497,True
/kaggle/input/datasets/ravirajsinh45/real-life-industrial-dataset-of-casting-product/casting_data/casting_data/test/ok_front/cast_ok_0_1093.jpeg,ok_front,1,1,ok_front,0.9999546,True
/kaggle/input/datasets/ravirajsinh45/real-life-industrial-dataset-of-casting-product/casting_data/casting_data/test/ok_front/cast_ok_0_1095.jpeg,ok_front,1,1,ok_front,0.9996656,True
/kaggle/input/datasets/ravirajsinh45/real-life-industrial-dataset-of-casting-product/casting_data/casting_data/test/ok_front/cast_ok_0_1096.jpeg,ok_front,1,1,ok_front,0.99844724,True
/kaggle/input/datasets/ravirajsinh45/real-life-industrial-dataset-of-casting-product/casting_data/casting_data/test/ok_front/cast_ok_0_1120.jpeg,ok_front,1,1,ok_front,0.999998,True
/kaggle/input/datasets/ravirajsinh45/real-life-industrial-dataset-of-casting-product/casting_data/casting_data/test/ok_front/cast_ok_0_1121.jpeg,ok_front,1,1,ok_front,0.9983494,True
/kaggle/input/datasets/ravirajsinh45/real-life-industrial-dataset-of-casting-product/casting_data/casting_data/test/ok_front/cast_ok_0_1127.jpeg,ok_front,1,1,ok_front,0.9983388,True
/kaggle/input/datasets/ravirajsinh45/real-life-industrial-dataset-of-casting-product/casting_data/casting_data/test/ok_front/cast_ok_0_1132.jpeg,ok_front,1,1,ok_front,0.9997608,True
/kaggle/input/datasets/ravirajsinh45/real-life-industrial-dataset-of-casting-product/casting_data/casting_data/test/ok_front/cast_ok_0_1134.jpeg,ok_front,1,1,ok_front,0.9968906,True
/kaggle/input/datasets/ravirajsinh45/real-life-industrial-dataset-of-casting-product/casting_data/casting_data/test/ok_front/cast_ok_0_1137.jpeg,ok_front,1,0,def_front,0.6579703,False
/kaggle/input/datasets/ravirajsinh45/real-life-industrial-dataset-of-casting-product/casting_data/casting_data/test/ok_front/cast_ok_0_1140.jpeg,ok_front,1,1,ok_front,0.99978775,True
/kaggle/input/datasets/ravirajsinh45/real-life-industrial-dataset-of-casting-product/casting_data/casting_data/test/ok_front/cast_ok_0_1141.jpeg,ok_front,1,1,ok_front,0.99389267,True
/kaggle/input/datasets/ravirajsinh45/real-life-industrial-dataset-of-casting-product/casting_data/casting_data/test/ok_front/cast_ok_0_1144.jpeg,ok_front,1,1,ok_front,0.99799806,True
/kaggle/input/datasets/ravirajsinh45/real-life-industrial-dataset-of-casting-product/casting_data/casting_data/test/ok_front/cast_ok_0_1145.jpeg,ok_front,1,0,def_front,0.62390393,False
/kaggle/input/datasets/ravirajsinh45/real-life-industrial-dataset-of-casting-product/casting_data/casting_data/test/ok_front/cast_ok_0_1160.jpeg,ok_front,1,1,ok_front,0.99731463,True
/kaggle/input/datasets/ravirajsinh45/real-life-industrial-dataset-of-casting-product/casting_data/casting_data/test/ok_front/cast_ok_0_1165.jpeg,ok_front,1,1,ok_front,0.99987435,True
/kaggle/input/datasets/ravirajsinh45/real-life-industrial-dataset-of-casting-product/casting_data/casting_data/test/ok_front/cast_ok_0_1169.jpeg,ok_front,1,1,ok_front,0.9988121,True
/kaggle/input/datasets/ravirajsinh45/real-life-industrial-dataset-of-casting-product/casting_data/casting_data/test/ok_front/cast_ok_0_1170.jpeg,ok_front,1,1,ok_front,0.9996799,True
/kaggle/input/datasets/ravirajsinh45/real-life-industrial-dataset-of-casting-product/casting_data/casting_data/test/ok_front/cast_ok_0_1171.jpeg,ok_front,1,1,ok_front,0.9998437,True
/kaggle/input/datasets/ravirajsinh45/real-life-industrial-dataset-of-casting-product/casting_data/casting_data/test/ok_front/cast_ok_0_1172.jpeg,ok_front,1,0,def_front,0.5834116,False
/kaggle/input/datasets/ravirajsinh45/real-life-industrial-dataset-of-casting-product/casting_data/casting_data/test/ok_front/cast_ok_0_1173.jpeg,ok_front,1,1,ok_front,0.9999026,True
/kaggle/input/datasets/ravirajsinh45/real-life-industrial-dataset-of-casting-product/casting_data/casting_data/test/ok_front/cast_ok_0_1174.jpeg,ok_front,1,0,def_front,0.57991725,False
/kaggle/input/datasets/ravirajsinh45/real-life-industrial-dataset-of-casting-product/casting_data/casting_data/test/ok_front/cast_ok_0_1176.jpeg,ok_front,1,1,ok_front,0.9931371,True
/kaggle/input/datasets/ravirajsinh45/real-life-industrial-dataset-of-casting-product/casting_data/casting_data/test/ok_front/cast_ok_0_1180.jpeg,ok_front,1,0,def_front,0.5679966,False
/kaggle/input/datasets/ravirajsinh45/real-life-industrial-dataset-of-casting-product/casting_data/casting_data/test/ok_front/cast_ok_0_1200.jpeg,ok_front,1,1,ok_front,0.99988365,True
/kaggle/input/datasets/ravirajsinh45/real-life-industrial-dataset-of-casting-product/casting_data/casting_data/test/ok_front/cast_ok_0_1202.jpeg,ok_front,1,1,ok_front,0.9999664,True
/kaggle/input/datasets/ravirajsinh45/real-life-industrial-dataset-of-casting-product/casting_data/casting_data/test/ok_front/cast_ok_0_1203.jpeg,ok_front,1,0,def_front,0.63456625,False
/kaggle/input/datasets/ravirajsinh45/real-life-industrial-dataset-of-casting-product/casting_data/casting_data/test/ok_front/cast_ok_0_1207.jpeg,ok_front,1,0,def_front,0.65351135,False
/kaggle/input/datasets/ravirajsinh45/real-life-industrial-dataset-of-casting-product/casting_data/casting_data/test/ok_front/cast_ok_0_1209.jpeg,ok_front,1,1,ok_front,0.9999726,True
/kaggle/input/datasets/ravirajsinh45/real-life-industrial-dataset-of-casting-product/casting_data/casting_data/test/ok_front/cast_ok_0_1210.jpeg,ok_front,1,0,def_front,0.62488914,False
/kaggle/input/datasets/ravirajsinh45/real-life-industrial-dataset-of-casting-product/casting_data/casting_data/test/ok_front/cast_ok_0_1213.jpeg,ok_front,1,1,ok_front,0.9999924,True
/kaggle/input/datasets/ravirajsinh45/real-life-industrial-dataset-of-casting-product/casting_data/casting_data/test/ok_front/cast_ok_0_1218.jpeg,ok_front,1,0,def_front,0.59850085,False
/kaggle/input/datasets/ravirajsinh45/real-life-industrial-dataset-of-casting-product/casting_data/casting_data/test/ok_front/cast_ok_0_1315.jpeg,ok_front,1,1,ok_front,0.9999995,True
/kaggle/input/datasets/ravirajsinh45/real-life-industrial-dataset-of-casting-product/casting_data/casting_data/test/ok_front/cast_ok_0_1316.jpeg,ok_front,1,1,ok_front,0.99835986,True
/kaggle/input/datasets/ravirajsinh45/real-life-industrial-dataset-of-casting-product/casting_data/casting_data/test/ok_front/cast_ok_0_1318.jpeg,ok_front,1,1,ok_front,0.99674857,True
/kaggle/input/datasets/ravirajsinh45/real-life-industrial-dataset-of-casting-product/casting_data/casting_data/test/ok_front/cast_ok_0_1323.jpeg,ok_front,1,1,ok_front,0.99998164,True
/kaggle/input/datasets/ravirajsinh45/real-life-industrial-dataset-of-casting-product/casting_data/casting_data/test/ok_front/cast_ok_0_1326.jpeg,ok_front,1,1,ok_front,0.99725705,True
/kaggle/input/datasets/ravirajsinh45/real-life-industrial-dataset-of-casting-product/casting_data/casting_data/test/ok_front/cast_ok_0_1328.jpeg,ok_front,1,1,ok_front,0.99954,True
/kaggle/input/datasets/ravirajsinh45/real-life-industrial-dataset-of-casting-product/casting_data/casting_data/test/ok_front/cast_ok_0_1331.jpeg,ok_front,1,1,ok_front,0.996564,True
/kaggle/input/datasets/ravirajsinh45/real-life-industrial-dataset-of-casting-product/casting_data/casting_data/test/ok_front/cast_ok_0_1333.jpeg,ok_front,1,1,ok_front,0.9999987,True
/kaggle/input/datasets/ravirajsinh45/real-life-industrial-dataset-of-casting-product/casting_data/casting_data/test/ok_front/cast_ok_0_1334.jpeg,ok_front,1,1,ok_front,0.9969506,True
/kaggle/input/datasets/ravirajsinh45/real-life-industrial-dataset-of-casting-product/casting_data/casting_data/test/ok_front/cast_ok_0_1343.jpeg,ok_front,1,1,ok_front,0.9997148,True
/kaggle/input/datasets/ravirajsinh45/real-life-industrial-dataset-of-casting-product/casting_data/casting_data/test/ok_front/cast_ok_0_1347.jpeg,ok_front,1,1,ok_front,0.99986553,True
/kaggle/input/datasets/ravirajsinh45/real-life-industrial-dataset-of-casting-product/casting_data/casting_data/test/ok_front/cast_ok_0_1351.jpeg,ok_front,1,0,def_front,0.5852281,False
/kaggle/input/datasets/ravirajsinh45/real-life-industrial-dataset-of-casting-product/casting_data/casting_data/test/ok_front/cast_ok_0_1368.jpeg,ok_front,1,0,def_front,0.5937625,False
/kaggle/input/datasets/ravirajsinh45/real-life-industrial-dataset-of-casting-product/casting_data/casting_data/test/ok_front/cast_ok_0_1376.jpeg,ok_front,1,1,ok_front,0.9998241,True
/kaggle/input/datasets/ravirajsinh45/real-life-industrial-dataset-of-casting-product/casting_data/casting_data/test/ok_front/cast_ok_0_1381.jpeg,ok_front,1,1,ok_front,0.9999366,True
/kaggle/input/datasets/ravirajsinh45/real-life-industrial-dataset-of-casting-product/casting_data/casting_data/test/ok_front/cast_ok_0_1382.jpeg,ok_front,1,1,ok_front,0.99936324,True
/kaggle/input/datasets/ravirajsinh45/real-life-industrial-dataset-of-casting-product/casting_data/casting_data/test/ok_front/cast_ok_0_1384.jpeg,ok_front,1,1,ok_front,0.9999995,True
/kaggle/input/datasets/ravirajsinh45/real-life-industrial-dataset-of-casting-product/casting_data/casting_data/test/ok_front/cast_ok_0_1385.jpeg,ok_front,1,1,ok_front,0.99967647,True
/kaggle/input/datasets/ravirajsinh45/real-life-industrial-dataset-of-casting-product/casting_data/casting_data/test/ok_front/cast_ok_0_14.jpeg,ok_front,1,1,ok_front,0.9989496,True
/kaggle/input/datasets/ravirajsinh45/real-life-industrial-dataset-of-casting-product/casting_data/casting_data/test/ok_front/cast_ok_0_1415.jpeg,ok_front,1,1,ok_front,0.9991093,True
/kaggle/input/datasets/ravirajsinh45/real-life-industrial-dataset-of-casting-product/casting_data/casting_data/test/ok_front/cast_ok_0_1420.jpeg,ok_front,1,1,ok_front,0.99902904,True
/kaggle/input/datasets/ravirajsinh45/real-life-industrial-dataset-of-casting-product/casting_data/casting_data/test/ok_front/cast_ok_0_1421.jpeg,ok_front,1,1,ok_front,0.99980694,True
/kaggle/input/datasets/ravirajsinh45/real-life-industrial-dataset-of-casting-product/casting_data/casting_data/test/ok_front/cast_ok_0_1426.jpeg,ok_front,1,1,ok_front,0.99866974,True
/kaggle/input/datasets/ravirajsinh45/real-life-industrial-dataset-of-casting-product/casting_data/casting_data/test/ok_front/cast_ok_0_1430.jpeg,ok_front,1,1,ok_front,0.99996984,True
/kaggle/input/datasets/ravirajsinh45/real-life-industrial-dataset-of-casting-product/casting_data/casting_data/test/ok_front/cast_ok_0_1431.jpeg,ok_front,1,0,def_front,0.568277,False
/kaggle/input/datasets/ravirajsinh45/real-life-industrial-dataset-of-casting-product/casting_data/casting_data/test/ok_front/cast_ok_0_1438.jpeg,ok_front,1,1,ok_front,0.99953127,True
/kaggle/input/datasets/ravirajsinh45/real-life-industrial-dataset-of-casting-product/casting_data/casting_data/test/ok_front/cast_ok_0_16.jpeg,ok_front,1,0,def_front,0.63122666,False
/kaggle/input/datasets/ravirajsinh45/real-life-industrial-dataset-of-casting-product/casting_data/casting_data/test/ok_front/cast_ok_0_1865.jpeg,ok_front,1,1,ok_front,0.9948539,True
/kaggle/input/datasets/ravirajsinh45/real-life-industrial-dataset-of-casting-product/casting_data/casting_data/test/ok_front/cast_ok_0_1891.jpeg,ok_front,1,0,def_front,0.64928555,False
/kaggle/input/datasets/ravirajsinh45/real-life-industrial-dataset-of-casting-product/casting_data/casting_data/test/ok_front/cast_ok_0_1925.jpeg,ok_front,1,1,ok_front,0.9962287,True
/kaggle/input/datasets/ravirajsinh45/real-life-industrial-dataset-of-casting-product/casting_data/casting_data/test/ok_front/cast_ok_0_1958.jpeg,ok_front,1,1,ok_front,0.9999616,True
/kaggle/input/datasets/ravirajsinh45/real-life-industrial-dataset-of-casting-product/casting_data/casting_data/test/ok_front/cast_ok_0_2012.jpeg,ok_front,1,0,def_front,0.61708826,False
/kaggle/input/datasets/ravirajsinh45/real-life-industrial-dataset-of-casting-product/casting_data/casting_data/test/ok_front/cast_ok_0_2272.jpeg,ok_front,1,1,ok_front,0.9999685,True
/kaggle/input/datasets/ravirajsinh45/real-life-industrial-dataset-of-casting-product/casting_data/casting_data/test/ok_front/cast_ok_0_2273.jpeg,ok_front,1,1,ok_front,0.9999765,True
/kaggle/input/datasets/ravirajsinh45/real-life-industrial-dataset-of-casting-product/casting_data/casting_data/test/ok_front/cast_ok_0_2286.jpeg,ok_front,1,1,ok_front,0.99938023,True
/kaggle/input/datasets/ravirajsinh45/real-life-industrial-dataset-of-casting-product/casting_data/casting_data/test/ok_front/cast_ok_0_2291.jpeg,ok_front,1,1,ok_front,0.9997404,True
/kaggle/input/datasets/ravirajsinh45/real-life-industrial-dataset-of-casting-product/casting_data/casting_data/test/ok_front/cast_ok_0_2303.jpeg,ok_front,1,1,ok_front,0.9991217,True
/kaggle/input/datasets/ravirajsinh45/real-life-industrial-dataset-of-casting-product/casting_data/casting_data/test/ok_front/cast_ok_0_2311.jpeg,ok_front,1,0,def_front,0.6556286,False
/kaggle/input/datasets/ravirajsinh45/real-life-industrial-dataset-of-casting-product/casting_data/casting_data/test/ok_front/cast_ok_0_2330.jpeg,ok_front,1,0,def_front,0.5913705,False
/kaggle/input/datasets/ravirajsinh45/real-life-industrial-dataset-of-casting-product/casting_data/casting_data/test/ok_front/cast_ok_0_2340.jpeg,ok_front,1,0,def_front,0.62663436,False
/kaggle/input/datasets/ravirajsinh45/real-life-industrial-dataset-of-casting-product/casting_data/casting_data/test/ok_front/cast_ok_0_235.jpeg,ok_front,1,0,def_front,0.65768677,False
/kaggle/input/datasets/ravirajsinh45/real-life-industrial-dataset-of-casting-product/casting_data/casting_data/test/ok_front/cast_ok_0_238.jpeg,ok_front,1,1,ok_front,0.99983907,True
/kaggle/input/datasets/ravirajsinh45/real-life-industrial-dataset-of-casting-product/casting_data/casting_data/test/ok_front/cast_ok_0_239.jpeg,ok_front,1,1,ok_front,0.9977302,True
/kaggle/input/datasets/ravirajsinh45/real-life-industrial-dataset-of-casting-product/casting_data/casting_data/test/ok_front/cast_ok_0_246.jpeg,ok_front,1,1,ok_front,0.9991386,True
/kaggle/input/datasets/ravirajsinh45/real-life-industrial-dataset-of-casting-product/casting_data/casting_data/test/ok_front/cast_ok_0_259.jpeg,ok_front,1,1,ok_front,0.9987417,True
/kaggle/input/datasets/ravirajsinh45/real-life-industrial-dataset-of-casting-product/casting_data/casting_data/test/ok_front/cast_ok_0_268.jpeg,ok_front,1,1,ok_front,0.9959558,True
/kaggle/input/datasets/ravirajsinh45/real-life-industrial-dataset-of-casting-product/casting_data/casting_data/test/ok_front/cast_ok_0_2686.jpeg,ok_front,1,1,ok_front,0.9999825,True
/kaggle/input/datasets/ravirajsinh45/real-life-industrial-dataset-of-casting-product/casting_data/casting_data/test/ok_front/cast_ok_0_2687.jpeg,ok_front,1,1,ok_front,0.99999857,True
/kaggle/input/datasets/ravirajsinh45/real-life-industrial-dataset-of-casting-product/casting_data/casting_data/test/ok_front/cast_ok_0_2694.jpeg,ok_front,1,1,ok_front,0.997718,True
/kaggle/input/datasets/ravirajsinh45/real-life-industrial-dataset-of-casting-product/casting_data/casting_data/test/ok_front/cast_ok_0_2698.jpeg,ok_front,1,1,ok_front,0.99980384,True
/kaggle/input/datasets/ravirajsinh45/real-life-industrial-dataset-of-casting-product/casting_data/casting_data/test/ok_front/cast_ok_0_2699.jpeg,ok_front,1,1,ok_front,0.9998716,True
/kaggle/input/datasets/ravirajsinh45/real-life-industrial-dataset-of-casting-product/casting_data/casting_data/test/ok_front/cast_ok_0_2700.jpeg,ok_front,1,0,def_front,0.65359724,False
/kaggle/input/datasets/ravirajsinh45/real-life-industrial-dataset-of-casting-product/casting_data/casting_data/test/ok_front/cast_ok_0_2707.jpeg,ok_front,1,1,ok_front,0.99999666,True
/kaggle/input/datasets/ravirajsinh45/real-life-industrial-dataset-of-casting-product/casting_data/casting_data/test/ok_front/cast_ok_0_2708.jpeg,ok_front,1,1,ok_front,0.9999119,True
/kaggle/input/datasets/ravirajsinh45/real-life-industrial-dataset-of-casting-product/casting_data/casting_data/test/ok_front/cast_ok_0_2722.jpeg,ok_front,1,1,ok_front,0.99982077,True
/kaggle/input/datasets/ravirajsinh45/real-life-industrial-dataset-of-casting-product/casting_data/casting_data/test/ok_front/cast_ok_0_2724.jpeg,ok_front,1,1,ok_front,0.9998896,True
/kaggle/input/datasets/ravirajsinh45/real-life-industrial-dataset-of-casting-product/casting_data/casting_data/test/ok_front/cast_ok_0_2726.jpeg,ok_front,1,1,ok_front,0.9941492,True
/kaggle/input/datasets/ravirajsinh45/real-life-industrial-dataset-of-casting-product/casting_data/casting_data/test/ok_front/cast_ok_0_2727.jpeg,ok_front,1,0,def_front,0.5824089,False
/kaggle/input/datasets/ravirajsinh45/real-life-industrial-dataset-of-casting-product/casting_data/casting_data/test/ok_front/cast_ok_0_2729.jpeg,ok_front,1,1,ok_front,0.998002,True
/kaggle/input/datasets/ravirajsinh45/real-life-industrial-dataset-of-casting-product/casting_data/casting_data/test/ok_front/cast_ok_0_2730.jpeg,ok_front,1,1,ok_front,0.99744785,True
/kaggle/input/datasets/ravirajsinh45/real-life-industrial-dataset-of-casting-product/casting_data/casting_data/test/ok_front/cast_ok_0_2732.jpeg,ok_front,1,1,ok_front,0.99992335,True
/kaggle/input/datasets/ravirajsinh45/real-life-industrial-dataset-of-casting-product/casting_data/casting_data/test/ok_front/cast_ok_0_2737.jpeg,ok_front,1,1,ok_front,0.9973476,True
/kaggle/input/datasets/ravirajsinh45/real-life-industrial-dataset-of-casting-product/casting_data/casting_data/test/ok_front/cast_ok_0_2752.jpeg,ok_front,1,1,ok_front,0.99991715,True
/kaggle/input/datasets/ravirajsinh45/real-life-industrial-dataset-of-casting-product/casting_data/casting_data/test/ok_front/cast_ok_0_2754.jpeg,ok_front,1,0,def_front,0.5690207,False
/kaggle/input/datasets/ravirajsinh45/real-life-industrial-dataset-of-casting-product/casting_data/casting_data/test/ok_front/cast_ok_0_2755.jpeg,ok_front,1,1,ok_front,0.9972529,True
/kaggle/input/datasets/ravirajsinh45/real-life-industrial-dataset-of-casting-product/casting_data/casting_data/test/ok_front/cast_ok_0_2758.jpeg,ok_front,1,1,ok_front,0.9931217,True
/kaggle/input/datasets/ravirajsinh45/real-life-industrial-dataset-of-casting-product/casting_data/casting_data/test/ok_front/cast_ok_0_2761.jpeg,ok_front,1,1,ok_front,0.9966389,True
/kaggle/input/datasets/ravirajsinh45/real-life-industrial-dataset-of-casting-product/casting_data/casting_data/test/ok_front/cast_ok_0_2765.jpeg,ok_front,1,0,def_front,0.65002376,False
/kaggle/input/datasets/ravirajsinh45/real-life-industrial-dataset-of-casting-product/casting_data/casting_data/test/ok_front/cast_ok_0_2768.jpeg,ok_front,1,1,ok_front,0.99990654,True
/kaggle/input/datasets/ravirajsinh45/real-life-industrial-dataset-of-casting-product/casting_data/casting_data/test/ok_front/cast_ok_0_2769.jpeg,ok_front,1,1,ok_front,0.99863976,True
/kaggle/input/datasets/ravirajsinh45/real-life-industrial-dataset-of-casting-product/casting_data/casting_data/test/ok_front/cast_ok_0_2784.jpeg,ok_front,1,1,ok_front,0.99995923,True
/kaggle/input/datasets/ravirajsinh45/real-life-industrial-dataset-of-casting-product/casting_data/casting_data/test/ok_front/cast_ok_0_2786.jpeg,ok_front,1,0,def_front,0.60630596,False
/kaggle/input/datasets/ravirajsinh45/real-life-industrial-dataset-of-casting-product/casting_data/casting_data/test/ok_front/cast_ok_0_2798.jpeg,ok_front,1,0,def_front,0.63455766,False
/kaggle/input/datasets/ravirajsinh45/real-life-industrial-dataset-of-casting-product/casting_data/casting_data/test/ok_front/cast_ok_0_2801.jpeg,ok_front,1,1,ok_front,0.99964,True
/kaggle/input/datasets/ravirajsinh45/real-life-industrial-dataset-of-casting-product/casting_data/casting_data/test/ok_front/cast_ok_0_2803.jpeg,ok_front,1,1,ok_front,0.99866045,True
/kaggle/input/datasets/ravirajsinh45/real-life-industrial-dataset-of-casting-product/casting_data/casting_data/test/ok_front/cast_ok_0_2805.jpeg,ok_front,1,1,ok_front,0.9993647,True
/kaggle/input/datasets/ravirajsinh45/real-life-industrial-dataset-of-casting-product/casting_data/casting_data/test/ok_front/cast_ok_0_2807.jpeg,ok_front,1,0,def_front,0.58983725,False
/kaggle/input/datasets/ravirajsinh45/real-life-industrial-dataset-of-casting-product/casting_data/casting_data/test/ok_front/cast_ok_0_2810.jpeg,ok_front,1,1,ok_front,0.99828607,True
/kaggle/input/datasets/ravirajsinh45/real-life-industrial-dataset-of-casting-product/casting_data/casting_data/test/ok_front/cast_ok_0_2829.jpeg,ok_front,1,0,def_front,0.65344244,False
/kaggle/input/datasets/ravirajsinh45/real-life-industrial-dataset-of-casting-product/casting_data/casting_data/test/ok_front/cast_ok_0_2831.jpeg,ok_front,1,1,ok_front,0.9988475,True
/kaggle/input/datasets/ravirajsinh45/real-life-industrial-dataset-of-casting-product/casting_data/casting_data/test/ok_front/cast_ok_0_2833.jpeg,ok_front,1,1,ok_front,0.9996877,True
/kaggle/input/datasets/ravirajsinh45/real-life-industrial-dataset-of-casting-product/casting_data/casting_data/test/ok_front/cast_ok_0_2840.jpeg,ok_front,1,1,ok_front,0.99998105,True
/kaggle/input/datasets/ravirajsinh45/real-life-industrial-dataset-of-casting-product/casting_data/casting_data/test/ok_front/cast_ok_0_2841.jpeg,ok_front,1,1,ok_front,0.9996811,True
/kaggle/input/datasets/ravirajsinh45/real-life-industrial-dataset-of-casting-product/casting_data/casting_data/test/ok_front/cast_ok_0_2844.jpeg,ok_front,1,1,ok_front,0.9999615,True
/kaggle/input/datasets/ravirajsinh45/real-life-industrial-dataset-of-casting-product/casting_data/casting_data/test/ok_front/cast_ok_0_2848.jpeg,ok_front,1,1,ok_front,0.9999927,True
/kaggle/input/datasets/ravirajsinh45/real-life-industrial-dataset-of-casting-product/casting_data/casting_data/test/ok_front/cast_ok_0_2850.jpeg,ok_front,1,1,ok_front,0.99994123,True
/kaggle/input/datasets/ravirajsinh45/real-life-industrial-dataset-of-casting-product/casting_data/casting_data/test/ok_front/cast_ok_0_2867.jpeg,ok_front,1,0,def_front,0.576066,False
/kaggle/input/datasets/ravirajsinh45/real-life-industrial-dataset-of-casting-product/casting_data/casting_data/test/ok_front/cast_ok_0_2868.jpeg,ok_front,1,1,ok_front,0.9999881,True
/kaggle/input/datasets/ravirajsinh45/real-life-industrial-dataset-of-casting-product/casting_data/casting_data/test/ok_front/cast_ok_0_2869.jpeg,ok_front,1,1,ok_front,0.9959115,True
/kaggle/input/datasets/ravirajsinh45/real-life-industrial-dataset-of-casting-product/casting_data/casting_data/test/ok_front/cast_ok_0_2884.jpeg,ok_front,1,1,ok_front,0.9985776,True
/kaggle/input/datasets/ravirajsinh45/real-life-industrial-dataset-of-casting-product/casting_data/casting_data/test/ok_front/cast_ok_0_2885.jpeg,ok_front,1,1,ok_front,0.9999857,True
/kaggle/input/datasets/ravirajsinh45/real-life-industrial-dataset-of-casting-product/casting_data/casting_data/test/ok_front/cast_ok_0_2892.jpeg,ok_front,1,0,def_front,0.5668639,False
/kaggle/input/datasets/ravirajsinh45/real-life-industrial-dataset-of-casting-product/casting_data/casting_data/test/ok_front/cast_ok_0_2894.jpeg,ok_front,1,1,ok_front,0.9998221,True
/kaggle/input/datasets/ravirajsinh45/real-life-industrial-dataset-of-casting-product/casting_data/casting_data/test/ok_front/cast_ok_0_2900.jpeg,ok_front,1,1,ok_front,0.9999746,True
/kaggle/input/datasets/ravirajsinh45/real-life-industrial-dataset-of-casting-product/casting_data/casting_data/test/ok_front/cast_ok_0_2911.jpeg,ok_front,1,1,ok_front,0.9932327,True
/kaggle/input/datasets/ravirajsinh45/real-life-industrial-dataset-of-casting-product/casting_data/casting_data/test/ok_front/cast_ok_0_2914.jpeg,ok_front,1,1,ok_front,0.9999224,True
/kaggle/input/datasets/ravirajsinh45/real-life-industrial-dataset-of-casting-product/casting_data/casting_data/test/ok_front/cast_ok_0_2915.jpeg,ok_front,1,0,def_front,0.5955716,False
/kaggle/input/datasets/ravirajsinh45/real-life-industrial-dataset-of-casting-product/casting_data/casting_data/test/ok_front/cast_ok_0_2917.jpeg,ok_front,1,1,ok_front,0.9996213,True
/kaggle/input/datasets/ravirajsinh45/real-life-industrial-dataset-of-casting-product/casting_data/casting_data/test/ok_front/cast_ok_0_2926.jpeg,ok_front,1,1,ok_front,0.99999464,True
/kaggle/input/datasets/ravirajsinh45/real-life-industrial-dataset-of-casting-product/casting_data/casting_data/test/ok_front/cast_ok_0_2927.jpeg,ok_front,1,1,ok_front,0.99999166,True
/kaggle/input/datasets/ravirajsinh45/real-life-industrial-dataset-of-casting-product/casting_data/casting_data/test/ok_front/cast_ok_0_2932.jpeg,ok_front,1,1,ok_front,0.99843603,True
/kaggle/input/datasets/ravirajsinh45/real-life-industrial-dataset-of-casting-product/casting_data/casting_data/test/ok_front/cast_ok_0_2935.jpeg,ok_front,1,1,ok_front,0.9998815,True
/kaggle/input/datasets/ravirajsinh45/real-life-industrial-dataset-of-casting-product/casting_data/casting_data/test/ok_front/cast_ok_0_31.jpeg,ok_front,1,1,ok_front,0.99987566,True
/kaggle/input/datasets/ravirajsinh45/real-life-industrial-dataset-of-casting-product/casting_data/casting_data/test/ok_front/cast_ok_0_3264.jpeg,ok_front,1,1,ok_front,0.9999906,True
/kaggle/input/datasets/ravirajsinh45/real-life-industrial-dataset-of-casting-product/casting_data/casting_data/test/ok_front/cast_ok_0_3278.jpeg,ok_front,1,1,ok_front,0.99939954,True
/kaggle/input/datasets/ravirajsinh45/real-life-industrial-dataset-of-casting-product/casting_data/casting_data/test/ok_front/cast_ok_0_3292.jpeg,ok_front,1,1,ok_front,0.99942434,True
/kaggle/input/datasets/ravirajsinh45/real-life-industrial-dataset-of-casting-product/casting_data/casting_data/test/ok_front/cast_ok_0_3294.jpeg,ok_front,1,1,ok_front,0.9998505,True
/kaggle/input/datasets/ravirajsinh45/real-life-industrial-dataset-of-casting-product/casting_data/casting_data/test/ok_front/cast_ok_0_4475.jpeg,ok_front,1,1,ok_front,0.9993343,True
/kaggle/input/datasets/ravirajsinh45/real-life-industrial-dataset-of-casting-product/casting_data/casting_data/test/ok_front/cast_ok_0_4476.jpeg,ok_front,1,1,ok_front,0.99812526,True
/kaggle/input/datasets/ravirajsinh45/real-life-industrial-dataset-of-casting-product/casting_data/casting_data/test/ok_front/cast_ok_0_4497.jpeg,ok_front,1,0,def_front,0.61895996,False
/kaggle/input/datasets/ravirajsinh45/real-life-industrial-dataset-of-casting-product/casting_data/casting_data/test/ok_front/cast_ok_0_4498.jpeg,ok_front,1,1,ok_front,0.9997167,True
/kaggle/input/datasets/ravirajsinh45/real-life-industrial-dataset-of-casting-product/casting_data/casting_data/test/ok_front/cast_ok_0_45.jpeg,ok_front,1,0,def_front,0.61816436,False
/kaggle/input/datasets/ravirajsinh45/real-life-industrial-dataset-of-casting-product/casting_data/casting_data/test/ok_front/cast_ok_0_49.jpeg,ok_front,1,1,ok_front,0.99497175,True
/kaggle/input/datasets/ravirajsinh45/real-life-industrial-dataset-of-casting-product/casting_data/casting_data/test/ok_front/cast_ok_0_4987.jpeg,ok_front,1,1,ok_front,0.99976724,True
/kaggle/input/datasets/ravirajsinh45/real-life-industrial-dataset-of-casting-product/casting_data/casting_data/test/ok_front/cast_ok_0_4992.jpeg,ok_front,1,1,ok_front,0.99991953,True
/kaggle/input/datasets/ravirajsinh45/real-life-industrial-dataset-of-casting-product/casting_data/casting_data/test/ok_front/cast_ok_0_5009.jpeg,ok_front,1,0,def_front,0.6227499,False
/kaggle/input/datasets/ravirajsinh45/real-life-industrial-dataset-of-casting-product/casting_data/casting_data/test/ok_front/cast_ok_0_5012.jpeg,ok_front,1,1,ok_front,0.99726593,True
/kaggle/input/datasets/ravirajsinh45/real-life-industrial-dataset-of-casting-product/casting_data/casting_data/test/ok_front/cast_ok_0_504.jpeg,ok_front,1,0,def_front,0.65395975,False
/kaggle/input/datasets/ravirajsinh45/real-life-industrial-dataset-of-casting-product/casting_data/casting_data/test/ok_front/cast_ok_0_505.jpeg,ok_front,1,1,ok_front,0.999984,True
/kaggle/input/datasets/ravirajsinh45/real-life-industrial-dataset-of-casting-product/casting_data/casting_data/test/ok_front/cast_ok_0_525.jpeg,ok_front,1,0,def_front,0.5646883,False
/kaggle/input/datasets/ravirajsinh45/real-life-industrial-dataset-of-casting-product/casting_data/casting_data/test/ok_front/cast_ok_0_526.jpeg,ok_front,1,1,ok_front,0.9999907,True
/kaggle/input/datasets/ravirajsinh45/real-life-industrial-dataset-of-casting-product/casting_data/casting_data/test/ok_front/cast_ok_0_5530.jpeg,ok_front,1,1,ok_front,0.99876106,True
/kaggle/input/datasets/ravirajsinh45/real-life-industrial-dataset-of-casting-product/casting_data/casting_data/test/ok_front/cast_ok_0_5533.jpeg,ok_front,1,1,ok_front,0.9999651,True
/kaggle/input/datasets/ravirajsinh45/real-life-industrial-dataset-of-casting-product/casting_data/casting_data/test/ok_front/cast_ok_0_5541.jpeg,ok_front,1,1,ok_front,0.99935204,True
/kaggle/input/datasets/ravirajsinh45/real-life-industrial-dataset-of-casting-product/casting_data/casting_data/test/ok_front/cast_ok_0_5560.jpeg,ok_front,1,1,ok_front,0.99408793,True
/kaggle/input/datasets/ravirajsinh45/real-life-industrial-dataset-of-casting-product/casting_data/casting_data/test/ok_front/cast_ok_0_5567.jpeg,ok_front,1,1,ok_front,0.9974247,True
/kaggle/input/datasets/ravirajsinh45/real-life-industrial-dataset-of-casting-product/casting_data/casting_data/test/ok_front/cast_ok_0_5587.jpeg,ok_front,1,1,ok_front,0.99935466,True
/kaggle/input/datasets/ravirajsinh45/real-life-industrial-dataset-of-casting-product/casting_data/casting_data/test/ok_front/cast_ok_0_5590.jpeg,ok_front,1,0,def_front,0.61771,False
/kaggle/input/datasets/ravirajsinh45/real-life-industrial-dataset-of-casting-product/casting_data/casting_data/test/ok_front/cast_ok_0_5605.jpeg,ok_front,1,1,ok_front,0.99936324,True
/kaggle/input/datasets/ravirajsinh45/real-life-industrial-dataset-of-casting-product/casting_data/casting_data/test/ok_front/cast_ok_0_5606.jpeg,ok_front,1,1,ok_front,0.999969,True
/kaggle/input/datasets/ravirajsinh45/real-life-industrial-dataset-of-casting-product/casting_data/casting_data/test/ok_front/cast_ok_0_5805.jpeg,ok_front,1,1,ok_front,0.99964225,True
/kaggle/input/datasets/ravirajsinh45/real-life-industrial-dataset-of-casting-product/casting_data/casting_data/test/ok_front/cast_ok_0_5809.jpeg,ok_front,1,0,def_front,0.60818934,False
/kaggle/input/datasets/ravirajsinh45/real-life-industrial-dataset-of-casting-product/casting_data/casting_data/test/ok_front/cast_ok_0_5815.jpeg,ok_front,1,1,ok_front,0.9999645,True
/kaggle/input/datasets/ravirajsinh45/real-life-industrial-dataset-of-casting-product/casting_data/casting_data/test/ok_front/cast_ok_0_62.jpeg,ok_front,1,1,ok_front,0.9976139,True
/kaggle/input/datasets/ravirajsinh45/real-life-industrial-dataset-of-casting-product/casting_data/casting_data/test/ok_front/cast_ok_0_6365.jpeg,ok_front,1,1,ok_front,0.9984118,True
/kaggle/input/datasets/ravirajsinh45/real-life-industrial-dataset-of-casting-product/casting_data/casting_data/test/ok_front/cast_ok_0_6388.jpeg,ok_front,1,1,ok_front,0.9998653,True
/kaggle/input/datasets/ravirajsinh45/real-life-industrial-dataset-of-casting-product/casting_data/casting_data/test/ok_front/cast_ok_0_64.jpeg,ok_front,1,1,ok_front,0.9999888,True
/kaggle/input/datasets/ravirajsinh45/real-life-industrial-dataset-of-casting-product/casting_data/casting_data/test/ok_front/cast_ok_0_6401.jpeg,ok_front,1,1,ok_front,0.999602,True
/kaggle/input/datasets/ravirajsinh45/real-life-industrial-dataset-of-casting-product/casting_data/casting_data/test/ok_front/cast_ok_0_6681.jpeg,ok_front,1,1,ok_front,0.9973706,True
/kaggle/input/datasets/ravirajsinh45/real-life-industrial-dataset-of-casting-product/casting_data/casting_data/test/ok_front/cast_ok_0_6682.jpeg,ok_front,1,1,ok_front,0.999435,True
/kaggle/input/datasets/ravirajsinh45/real-life-industrial-dataset-of-casting-product/casting_data/casting_data/test/ok_front/cast_ok_0_6714.jpeg,ok_front,1,1,ok_front,0.99983704,True
/kaggle/input/datasets/ravirajsinh45/real-life-industrial-dataset-of-casting-product/casting_data/casting_data/test/ok_front/cast_ok_0_6718.jpeg,ok_front,1,1,ok_front,0.99925965,True
/kaggle/input/datasets/ravirajsinh45/real-life-industrial-dataset-of-casting-product/casting_data/casting_data/test/ok_front/cast_ok_0_7044.jpeg,ok_front,1,1,ok_front,0.999564,True
/kaggle/input/datasets/ravirajsinh45/real-life-industrial-dataset-of-casting-product/casting_data/casting_data/test/ok_front/cast_ok_0_7089.jpeg,ok_front,1,0,def_front,0.597643,False
/kaggle/input/datasets/ravirajsinh45/real-life-industrial-dataset-of-casting-product/casting_data/casting_data/test/ok_front/cast_ok_0_7559.jpeg,ok_front,1,1,ok_front,0.9963031,True
/kaggle/input/datasets/ravirajsinh45/real-life-industrial-dataset-of-casting-product/casting_data/casting_data/test/ok_front/cast_ok_0_7560.jpeg,ok_front,1,0,def_front,0.58317554,False
/kaggle/input/datasets/ravirajsinh45/real-life-industrial-dataset-of-casting-product/casting_data/casting_data/test/ok_front/cast_ok_0_7588.jpeg,ok_front,1,0,def_front,0.5905093,False
/kaggle/input/datasets/ravirajsinh45/real-life-industrial-dataset-of-casting-product/casting_data/casting_data/test/ok_front/cast_ok_0_7595.jpeg,ok_front,1,1,ok_front,0.99942017,True
/kaggle/input/datasets/ravirajsinh45/real-life-industrial-dataset-of-casting-product/casting_data/casting_data/test/ok_front/cast_ok_0_7611.jpeg,ok_front,1,1,ok_front,0.99990857,True
/kaggle/input/datasets/ravirajsinh45/real-life-industrial-dataset-of-casting-product/casting_data/casting_data/test/ok_front/cast_ok_0_7624.jpeg,ok_front,1,1,ok_front,0.9994235,True
/kaggle/input/datasets/ravirajsinh45/real-life-industrial-dataset-of-casting-product/casting_data/casting_data/test/ok_front/cast_ok_0_7631.jpeg,ok_front,1,1,ok_front,0.999998,True
/kaggle/input/datasets/ravirajsinh45/real-life-industrial-dataset-of-casting-product/casting_data/casting_data/test/ok_front/cast_ok_0_7632.jpeg,ok_front,1,1,ok_front,0.9990108,True
/kaggle/input/datasets/ravirajsinh45/real-life-industrial-dataset-of-casting-product/casting_data/casting_data/test/ok_front/cast_ok_0_7820.jpeg,ok_front,1,1,ok_front,0.9999912,True
/kaggle/input/datasets/ravirajsinh45/real-life-industrial-dataset-of-casting-product/casting_data/casting_data/test/ok_front/cast_ok_0_7823.jpeg,ok_front,1,1,ok_front,0.99751425,True
/kaggle/input/datasets/ravirajsinh45/real-life-industrial-dataset-of-casting-product/casting_data/casting_data/test/ok_front/cast_ok_0_7839.jpeg,ok_front,1,0,def_front,0.64724594,False
/kaggle/input/datasets/ravirajsinh45/real-life-industrial-dataset-of-casting-product/casting_data/casting_data/test/ok_front/cast_ok_0_7849.jpeg,ok_front,1,1,ok_front,0.999387,True
/kaggle/input/datasets/ravirajsinh45/real-life-industrial-dataset-of-casting-product/casting_data/casting_data/test/ok_front/cast_ok_0_7900.jpeg,ok_front,1,1,ok_front,0.992949,True
/kaggle/input/datasets/ravirajsinh45/real-life-industrial-dataset-of-casting-product/casting_data/casting_data/test/ok_front/cast_ok_0_7901.jpeg,ok_front,1,1,ok_front,0.9999349,True
/kaggle/input/datasets/ravirajsinh45/real-life-industrial-dataset-of-casting-product/casting_data/casting_data/test/ok_front/cast_ok_0_7925.jpeg,ok_front,1,1,ok_front,0.99255764,True
/kaggle/input/datasets/ravirajsinh45/real-life-industrial-dataset-of-casting-product/casting_data/casting_data/test/ok_front/cast_ok_0_7931.jpeg,ok_front,1,1,ok_front,0.99356365,True
/kaggle/input/datasets/ravirajsinh45/real-life-industrial-dataset-of-casting-product/casting_data/casting_data/test/ok_front/cast_ok_0_7936.jpeg,ok_front,1,1,ok_front,0.99813807,True
/kaggle/input/datasets/ravirajsinh45/real-life-industrial-dataset-of-casting-product/casting_data/casting_data/test/ok_front/cast_ok_0_7939.jpeg,ok_front,1,1,ok_front,0.99465585,True
/kaggle/input/datasets/ravirajsinh45/real-life-industrial-dataset-of-casting-product/casting_data/casting_data/test/ok_front/cast_ok_0_7945.jpeg,ok_front,1,1,ok_front,0.9999914,True
/kaggle/input/datasets/ravirajsinh45/real-life-industrial-dataset-of-casting-product/casting_data/casting_data/test/ok_front/cast_ok_0_7946.jpeg,ok_front,1,0,def_front,0.65256375,False
/kaggle/input/datasets/ravirajsinh45/real-life-industrial-dataset-of-casting-product/casting_data/casting_data/test/ok_front/cast_ok_0_7997.jpeg,ok_front,1,0,def_front,0.6284705,False
/kaggle/input/datasets/ravirajsinh45/real-life-industrial-dataset-of-casting-product/casting_data/casting_data/test/ok_front/cast_ok_0_8008.jpeg,ok_front,1,1,ok_front,0.9933344,True
/kaggle/input/datasets/ravirajsinh45/real-life-industrial-dataset-of-casting-product/casting_data/casting_data/test/ok_front/cast_ok_0_8010.jpeg,ok_front,1,1,ok_front,0.9990386,True
/kaggle/input/datasets/ravirajsinh45/real-life-industrial-dataset-of-casting-product/casting_data/casting_data/test/ok_front/cast_ok_0_8011.jpeg,ok_front,1,1,ok_front,0.9999925,True
/kaggle/input/datasets/ravirajsinh45/real-life-industrial-dataset-of-casting-product/casting_data/casting_data/test/ok_front/cast_ok_0_8172.jpeg,ok_front,1,0,def_front,0.6429126,False
/kaggle/input/datasets/ravirajsinh45/real-life-industrial-dataset-of-casting-product/casting_data/casting_data/test/ok_front/cast_ok_0_8177.jpeg,ok_front,1,1,ok_front,0.9999038,True
/kaggle/input/datasets/ravirajsinh45/real-life-industrial-dataset-of-casting-product/casting_data/casting_data/test/ok_front/cast_ok_0_8189.jpeg,ok_front,1,0,def_front,0.5924442,False
/kaggle/input/datasets/ravirajsinh45/real-life-industrial-dataset-of-casting-product/casting_data/casting_data/test/ok_front/cast_ok_0_8192.jpeg,ok_front,1,1,ok_front,0.9992167,True
/kaggle/input/datasets/ravirajsinh45/real-life-industrial-dataset-of-casting-product/casting_data/casting_data/test/ok_front/cast_ok_0_8611.jpeg,ok_front,1,0,def_front,0.563035,False
/kaggle/input/datasets/ravirajsinh45/real-life-industrial-dataset-of-casting-product/casting_data/casting_data/test/ok_front/cast_ok_0_8612.jpeg,ok_front,1,1,ok_front,0.9989109,True
/kaggle/input/datasets/ravirajsinh45/real-life-industrial-dataset-of-casting-product/casting_data/casting_data/test/ok_front/cast_ok_0_8614.jpeg,ok_front,1,1,ok_front,0.9999877,True
/kaggle/input/datasets/ravirajsinh45/real-life-industrial-dataset-of-casting-product/casting_data/casting_data/test/ok_front/cast_ok_0_863.jpeg,ok_front,1,1,ok_front,0.995076,True
/kaggle/input/datasets/ravirajsinh45/real-life-industrial-dataset-of-casting-product/casting_data/casting_data/test/ok_front/cast_ok_0_8637.jpeg,ok_front,1,0,def_front,0.5780177,False
/kaggle/input/datasets/ravirajsinh45/real-life-industrial-dataset-of-casting-product/casting_data/casting_data/test/ok_front/cast_ok_0_864.jpeg,ok_front,1,1,ok_front,0.99660045,True
/kaggle/input/datasets/ravirajsinh45/real-life-industrial-dataset-of-casting-product/casting_data/casting_data/test/ok_front/cast_ok_0_8644.jpeg,ok_front,1,1,ok_front,0.99986124,True
/kaggle/input/datasets/ravirajsinh45/real-life-industrial-dataset-of-casting-product/casting_data/casting_data/test/ok_front/cast_ok_0_8652.jpeg,ok_front,1,1,ok_front,0.99986553,True
/kaggle/input/datasets/ravirajsinh45/real-life-industrial-dataset-of-casting-product/casting_data/casting_data/test/ok_front/cast_ok_0_869.jpeg,ok_front,1,1,ok_front,0.99779797,True
/kaggle/input/datasets/ravirajsinh45/real-life-industrial-dataset-of-casting-product/casting_data/casting_data/test/ok_front/cast_ok_0_880.jpeg,ok_front,1,1,ok_front,0.9998098,True
/kaggle/input/datasets/ravirajsinh45/real-life-industrial-dataset-of-casting-product/casting_data/casting_data/test/ok_front/cast_ok_0_897.jpeg,ok_front,1,0,def_front,0.6209124,False
/kaggle/input/datasets/ravirajsinh45/real-life-industrial-dataset-of-casting-product/casting_data/casting_data/test/ok_front/cast_ok_0_903.jpeg,ok_front,1,1,ok_front,0.9940631,True
/kaggle/input/datasets/ravirajsinh45/real-life-industrial-dataset-of-casting-product/casting_data/casting_data/test/ok_front/cast_ok_0_904.jpeg,ok_front,1,0,def_front,0.6066154,False
/kaggle/input/datasets/ravirajsinh45/real-life-industrial-dataset-of-casting-product/casting_data/casting_data/test/ok_front/cast_ok_0_907.jpeg,ok_front,1,1,ok_front,0.99694604,True
/kaggle/input/datasets/ravirajsinh45/real-life-industrial-dataset-of-casting-product/casting_data/casting_data/test/ok_front/cast_ok_0_925.jpeg,ok_front,1,1,ok_front,0.99998343,True
/kaggle/input/datasets/ravirajsinh45/real-life-industrial-dataset-of-casting-product/casting_data/casting_data/test/ok_front/cast_ok_0_927.jpeg,ok_front,1,1,ok_front,0.9991843,True
/kaggle/input/datasets/ravirajsinh45/real-life-industrial-dataset-of-casting-product/casting_data/casting_data/test/ok_front/cast_ok_0_932.jpeg,ok_front,1,1,ok_front,0.9933095,True
/kaggle/input/datasets/ravirajsinh45/real-life-industrial-dataset-of-casting-product/casting_data/casting_data/test/ok_front/cast_ok_0_935.jpeg,ok_front,1,1,ok_front,0.99688834,True
/kaggle/input/datasets/ravirajsinh45/real-life-industrial-dataset-of-casting-product/casting_data/casting_data/test/ok_front/cast_ok_0_937.jpeg,ok_front,1,1,ok_front,0.9953152,True
/kaggle/input/datasets/ravirajsinh45/real-life-industrial-dataset-of-casting-product/casting_data/casting_data/test/ok_front/cast_ok_0_942.jpeg,ok_front,1,0,def_front,0.63598925,False
/kaggle/input/datasets/ravirajsinh45/real-life-industrial-dataset-of-casting-product/casting_data/casting_data/test/ok_front/cast_ok_0_952.jpeg,ok_front,1,1,ok_front,0.9999598,True
/kaggle/input/datasets/ravirajsinh45/real-life-industrial-dataset-of-casting-product/casting_data/casting_data/test/ok_front/cast_ok_0_960.jpeg,ok_front,1,1,ok_front,0.9989146,True
/kaggle/input/datasets/ravirajsinh45/real-life-industrial-dataset-of-casting-product/casting_data/casting_data/test/ok_front/cast_ok_0_973.jpeg,ok_front,1,1,ok_front,0.9949386,True
/kaggle/input/datasets/ravirajsinh45/real-life-industrial-dataset-of-casting-product/casting_data/casting_data/test/ok_front/cast_ok_0_975.jpeg,ok_front,1,1,ok_front,0.9999801,True
/kaggle/input/datasets/ravirajsinh45/real-life-industrial-dataset-of-casting-product/casting_data/casting_data/test/ok_front/cast_ok_0_976.jpeg,ok_front,1,1,ok_front,0.9995566,True
/kaggle/input/datasets/ravirajsinh45/real-life-industrial-dataset-of-casting-product/casting_data/casting_data/test/ok_front/cast_ok_0_989.jpeg,ok_front,1,1,ok_front,0.9933275,True
/kaggle/input/datasets/ravirajsinh45/real-life-industrial-dataset-of-casting-product/casting_data/casting_data/test/ok_front/cast_ok_0_9918.jpeg,ok_front,1,1,ok_front,0.9953412,True
/kaggle/input/datasets/ravirajsinh45/real-life-industrial-dataset-of-casting-product/casting_data/casting_data/test/ok_front/cast_ok_0_9920.jpeg,ok_front,1,1,ok_front,0.99453473,True
/kaggle/input/datasets/ravirajsinh45/real-life-industrial-dataset-of-casting-product/casting_data/casting_data/test/ok_front/cast_ok_0_9925.jpeg,ok_front,1,1,ok_front,0.99919003,True
/kaggle/input/datasets/ravirajsinh45/real-life-industrial-dataset-of-casting-product/casting_data/casting_data/test/ok_front/cast_ok_0_9926.jpeg,ok_front,1,1,ok_front,0.99222046,True
/kaggle/input/datasets/ravirajsinh45/real-life-industrial-dataset-of-casting-product/casting_data/casting_data/test/ok_front/cast_ok_0_9928.jpeg,ok_front,1,1,ok_front,0.9962998,True
/kaggle/input/datasets/ravirajsinh45/real-life-industrial-dataset-of-casting-product/casting_data/casting_data/test/ok_front/cast_ok_0_9934.jpeg,ok_front,1,0,def_front,0.56816924,False
/kaggle/input/datasets/ravirajsinh45/real-life-industrial-dataset-of-casting-product/casting_data/casting_data/test/ok_front/cast_ok_0_9943.jpeg,ok_front,1,1,ok_front,0.9999999,True
/kaggle/input/datasets/ravirajsinh45/real-life-industrial-dataset-of-casting-product/casting_data/casting_data/test/ok_front/cast_ok_0_9955.jpeg,ok_front,1,1,ok_front,0.9986873,True
/kaggle/input/datasets/ravirajsinh45/real-life-industrial-dataset-of-casting-product/casting_data/casting_data/test/ok_front/cast_ok_0_9961.jpeg,ok_front,1,1,ok_front,0.999228,True
/kaggle/input/datasets/ravirajsinh45/real-life-industrial-dataset-of-casting-product/casting_data/casting_data/test/ok_front/cast_ok_0_9967.jpeg,ok_front,1,1,ok_front,0.99937904,True
/kaggle/input/datasets/ravirajsinh45/real-life-industrial-dataset-of-casting-product/casting_data/casting_data/test/ok_front/cast_ok_0_9973.jpeg,ok_front,1,0,def_front,0.63905597,False
/kaggle/input/datasets/ravirajsinh45/real-life-industrial-dataset-of-casting-product/casting_data/casting_data/test/ok_front/cast_ok_0_9975.jpeg,ok_front,1,0,def_front,0.58275306,False
/kaggle/input/datasets/ravirajsinh45/real-life-industrial-dataset-of-casting-product/casting_data/casting_data/test/ok_front/cast_ok_0_998.jpeg,ok_front,1,0,def_front,0.58194035,False
/kaggle/input/datasets/ravirajsinh45/real-life-industrial-dataset-of-casting-product/casting_data/casting_data/test/ok_front/cast_ok_0_9988.jpeg,ok_front,1,1,ok_front,0.99999404,True
/kaggle/input/datasets/ravirajsinh45/real-life-industrial-dataset-of-casting-product/casting_data/casting_data/test/ok_front/cast_ok_0_9993.jpeg,ok_front,1,1,ok_front,0.99798065,True
/kaggle/input/datasets/ravirajsinh45/real-life-industrial-dataset-of-casting-product/casting_data/casting_data/test/ok_front/cast_ok_0_9996.jpeg,ok_front,1,0,def_front,0.59220237,False
