path,label,label_index,predicted_index,predicted_label,confidence,is_correct
/kaggle/input/datasets/ravirajsinh45/real-life-industrial-dataset-of-casting-product/casting_data/casting_data/test/def_front/cast_def_0_1059.jpeg,def_front,0,0,def_front,0.9925694,True
/kaggle/input/datasets/ravirajsinh45/real-life-industrial-dataset-of-casting-product/casting_data/casting_data/test/def_front/cast_def_0_1063.jpeg,def_front,0,0,def_front,0.99996364,True
/kaggle/input/datasets/ravirajsinh45/real-life-industrial-dataset-of-casting-product/casting_data/casting_data/test/def_front/cast_def_0_108.jpeg,def_front,0,1,ok_front,0.70636535,False
/kaggle/input/datasets/ravirajsinh45/real-life-industrial-dataset-of-casting-product/casting_data/casting_data/test/def_front/cast_def_0_1096.jpeg,def_front,0,0,def_front,0.999926,True
/kaggle/input/datasets/ravirajsinh45/real-life-industrial-dataset-of-casting-product/casting_data/casting_data/test/def_front/cast_def_0_112.jpeg,def_front,0,0,def_front,0.7729092,True
/kaggle/input/datasets/ravirajsinh45/real-life-industrial-dataset-of-casting-product/casting_data/casting_data/test/def_front/cast_def_0_1134.jpeg,def_front,0,0,def_front,0.999987,True
/kaggle/input/datasets/ravirajsinh45/real-life-industrial-dataset-of-casting-product/casting_data/casting_data/test/def_front/cast_def_0_1136.jpeg,def_front,0,0,def_front,0.9779661,True
/kaggle/input/datasets/ravirajsinh45/real-life-industrial-dataset-of-casting-product/casting_data/casting_data/test/def_front/cast_def_0_1137.jpeg,def_front,0,1,ok_front,0.9988167,False
/kaggle/input/datasets/ravirajsinh45/real-life-industrial-dataset-of-casting-product/casting_data/casting_data/test/def_front/cast_def_0_1153.jpeg,def_front,0,0,def_front,1.0,True
/kaggle/input/datasets/ravirajsinh45/real-life-industrial-dataset-of-casting-product/casting_data/casting_data/test/def_front/cast_def_0_1171.jpeg,def_front,0,0,def_front,0.9758045,True
/kaggle/input/datasets/ravirajsinh45/real-life-industrial-dataset-of-casting-product/casting_data/casting_data/test/def_front/cast_def_0_1172.jpeg,def_front,0,0,def_front,0.9999999,True
/kaggle/input/datasets/ravirajsinh45/real-life-industrial-dataset-of-casting-product/casting_data/casting_data/test/def_front/cast_def_0_1174.jpeg,def_front,0,0,def_front,0.98436105,True
/kaggle/input/datasets/ravirajsinh45/real-life-industrial-dataset-of-casting-product/casting_data/casting_data/test/def_front/cast_def_0_118.jpeg,def_front,0,0,def_front,0.98056364,True
/kaggle/input/datasets/ravirajsinh45/real-life-industrial-dataset-of-casting-product/casting_data/casting_data/test/def_front/cast_def_0_1186.jpeg,def_front,0,0,def_front,0.9949233,True
/kaggle/input/datasets/ravirajsinh45/real-life-industrial-dataset-of-casting-product/casting_data/casting_data/test/def_front/cast_def_0_1189.jpeg,def_front,0,0,def_front,0.7215724,True
/kaggle/input/datasets/ravirajsinh45/real-life-industrial-dataset-of-casting-product/casting_data/casting_data/test/def_front/cast_def_0_1191.jpeg,def_front,0,0,def_front,0.99887747,True
/kaggle/input/datasets/ravirajsinh45/real-life-industrial-dataset-of-casting-product/casting_data/casting_data/test/def_front/cast_def_0_1203.jpeg,def_front,0,0,def_front,0.9912209,True
/kaggle/input/datasets/ravirajsinh45/real-life-industrial-dataset-of-casting-product/casting_data/casting_data/test/def_front/cast_def_0_1211.jpeg,def_front,0,0,def_front,0.9987055,True
/kaggle/input/datasets/ravirajsinh45/real-life-industrial-dataset-of-casting-product/casting_data/casting_data/test/def_front/cast_def_0_1215.jpeg,def_front,0,0,def_front,1.0,True
/kaggle/input/datasets/ravirajsinh45/real-life-industrial-dataset-of-casting-product/casting_data/casting_data/test/def_front/cast_def_0_1231.jpeg,def_front,0,0,def_front,0.99867624,True
/kaggle/input/datasets/ravirajsinh45/real-life-industrial-dataset-of-casting-product/casting_data/casting_data/test/def_front/cast_def_0_1233.jpeg,def_front,0,1,ok_front,0.9950884,False
/kaggle/input/datasets/ravirajsinh45/real-life-industrial-dataset-of-casting-product/casting_data/casting_data/test/def_front/cast_def_0_1238.jpeg,def_front,0,0,def_front,0.89641494,True
/kaggle/input/datasets/ravirajsinh45/real-life-industrial-dataset-of-casting-product/casting_data/casting_data/test/def_front/cast_def_0_1239.jpeg,def_front,0,0,def_front,0.71813893,True
/kaggle/input/datasets/ravirajsinh45/real-life-industrial-dataset-of-casting-product/casting_data/casting_data/test/def_front/cast_def_0_1258.jpeg,def_front,0,0,def_front,0.9998934,True
/kaggle/input/datasets/ravirajsinh45/real-life-industrial-dataset-of-casting-product/casting_data/casting_data/test/def_front/cast_def_0_1260.jpeg,def_front,0,0,def_front,0.9994916,True
/kaggle/input/datasets/ravirajsinh45/real-life-industrial-dataset-of-casting-product/casting_data/casting_data/test/def_front/cast_def_0_1264.jpeg,def_front,0,0,def_front,0.9998466,True
/kaggle/input/datasets/ravirajsinh45/real-life-industrial-dataset-of-casting-product/casting_data/casting_data/test/def_front/cast_def_0_1269.jpeg,def_front,0,0,def_front,0.999288,True
/kaggle/input/datasets/ravirajsinh45/real-life-industrial-dataset-of-casting-product/casting_data/casting_data/test/def_front/cast_def_0_1291.jpeg,def_front,0,0,def_front,0.99998105,True
/kaggle/input/datasets/ravirajsinh45/real-life-industrial-dataset-of-casting-product/casting_data/casting_data/test/def_front/cast_def_0_1292.jpeg,def_front,0,0,def_front,0.9991441,True
/kaggle/input/datasets/ravirajsinh45/real-life-industrial-dataset-of-casting-product/casting_data/casting_data/test/def_front/cast_def_0_1294.jpeg,def_front,0,0,def_front,0.9802352,True
/kaggle/input/datasets/ravirajsinh45/real-life-industrial-dataset-of-casting-product/casting_data/casting_data/test/def_front/cast_def_0_1298.jpeg,def_front,0,0,def_front,0.9632145,True
/kaggle/input/datasets/ravirajsinh45/real-life-industrial-dataset-of-casting-product/casting_data/casting_data/test/def_front/cast_def_0_1320.jpeg,def_front,0,0,def_front,0.99927396,True
/kaggle/input/datasets/ravirajsinh45/real-life-industrial-dataset-of-casting-product/casting_data/casting_data/test/def_front/cast_def_0_1323.jpeg,def_front,0,1,ok_front,0.99463636,False
/kaggle/input/datasets/ravirajsinh45/real-life-industrial-dataset-of-casting-product/casting_data/casting_data/test/def_front/cast_def_0_1324.jpeg,def_front,0,0,def_front,0.99993956,True
/kaggle/input/datasets/ravirajsinh45/real-life-industrial-dataset-of-casting-product/casting_data/casting_data/test/def_front/cast_def_0_1351.jpeg,def_front,0,0,def_front,0.9932046,True
/kaggle/input/datasets/ravirajsinh45/real-life-industrial-dataset-of-casting-product/casting_data/casting_data/test/def_front/cast_def_0_1352.jpeg,def_front,0,0,def_front,0.9920082,True
/kaggle/input/datasets/ravirajsinh45/real-life-industrial-dataset-of-casting-product/casting_data/casting_data/test/def_front/cast_def_0_1358.jpeg,def_front,0,0,def_front,0.9999943,True
/kaggle/input/datasets/ravirajsinh45/real-life-industrial-dataset-of-casting-product/casting_data/casting_data/test/def_front/cast_def_0_1359.jpeg,def_front,0,0,def_front,0.9647614,True
/kaggle/input/datasets/ravirajsinh45/real-life-industrial-dataset-of-casting-product/casting_data/casting_data/test/def_front/cast_def_0_1376.jpeg,def_front,0,0,def_front,0.99999976,True
/kaggle/input/datasets/ravirajsinh45/real-life-industrial-dataset-of-casting-product/casting_data/casting_data/test/def_front/cast_def_0_1379.jpeg,def_front,0,0,def_front,0.9981781,True
/kaggle/input/datasets/ravirajsinh45/real-life-industrial-dataset-of-casting-product/casting_data/casting_data/test/def_front/cast_def_0_138.jpeg,def_front,0,0,def_front,0.9998221,True
/kaggle/input/datasets/ravirajsinh45/real-life-industrial-dataset-of-casting-product/casting_data/casting_data/test/def_front/cast_def_0_1381.jpeg,def_front,0,0,def_front,0.9999914,True
/kaggle/input/datasets/ravirajsinh45/real-life-industrial-dataset-of-casting-product/casting_data/casting_data/test/def_front/cast_def_0_1388.jpeg,def_front,0,0,def_front,0.99991775,True
/kaggle/input/datasets/ravirajsinh45/real-life-industrial-dataset-of-casting-product/casting_data/casting_data/test/def_front/cast_def_0_1392.jpeg,def_front,0,0,def_front,0.99979883,True
/kaggle/input/datasets/ravirajsinh45/real-life-industrial-dataset-of-casting-product/casting_data/casting_data/test/def_front/cast_def_0_1394.jpeg,def_front,0,0,def_front,0.9996076,True
/kaggle/input/datasets/ravirajsinh45/real-life-industrial-dataset-of-casting-product/casting_data/casting_data/test/def_front/cast_def_0_1397.jpeg,def_front,0,1,ok_front,0.7733261,False
/kaggle/input/datasets/ravirajsinh45/real-life-industrial-dataset-of-casting-product/casting_data/casting_data/test/def_front/cast_def_0_1399.jpeg,def_front,0,0,def_front,0.99777263,True
/kaggle/input/datasets/ravirajsinh45/real-life-industrial-dataset-of-casting-product/casting_data/casting_data/test/def_front/cast_def_0_1400.jpeg,def_front,0,0,def_front,0.9991013,True
/kaggle/input/datasets/ravirajsinh45/real-life-industrial-dataset-of-casting-product/casting_data/casting_data/test/def_front/cast_def_0_1411.jpeg,def_front,0,0,def_front,0.9999814,True
/kaggle/input/datasets/ravirajsinh45/real-life-industrial-dataset-of-casting-product/casting_data/casting_data/test/def_front/cast_def_0_1412.jpeg,def_front,0,0,def_front,0.99846953,True
/kaggle/input/datasets/ravirajsinh45/real-life-industrial-dataset-of-casting-product/casting_data/casting_data/test/def_front/cast_def_0_1413.jpeg,def_front,0,0,def_front,0.9999913,True
/kaggle/input/datasets/ravirajsinh45/real-life-industrial-dataset-of-casting-product/casting_data/casting_data/test/def_front/cast_def_0_1414.jpeg,def_front,0,0,def_front,0.9994505,True
/kaggle/input/datasets/ravirajsinh45/real-life-industrial-dataset-of-casting-product/casting_data/casting_data/test/def_front/cast_def_0_1418.jpeg,def_front,0,1,ok_front,0.9638225,False
/kaggle/input/datasets/ravirajsinh45/real-life-industrial-dataset-of-casting-product/casting_data/casting_data/test/def_front/cast_def_0_1421.jpeg,def_front,0,0,def_front,0.9984578,True
/kaggle/input/datasets/ravirajsinh45/real-life-industrial-dataset-of-casting-product/casting_data/casting_data/test/def_front/cast_def_0_1422.jpeg,def_front,0,0,def_front,0.99999225,True
/kaggle/input/datasets/ravirajsinh45/real-life-industrial-dataset-of-casting-product/casting_data/casting_data/test/def_front/cast_def_0_1424.jpeg,def_front,0,0,def_front,0.99820054,True
/kaggle/input/datasets/ravirajsinh45/real-life-industrial-dataset-of-casting-product/casting_data/casting_data/test/def_front/cast_def_0_1425.jpeg,def_front,0,0,def_front,0.9897741,True
/kaggle/input/datasets/ravirajsinh45/real-life-industrial-dataset-of-casting-product/casting_data/casting_data/test/def_front/cast_def_0_143.jpeg,def_front,0,0,def_front,0.99989104,True
/kaggle/input/datasets/ravirajsinh45/real-life-industrial-dataset-of-casting-product/casting_data/casting_data/test/def_front/cast_def_0_144.jpeg,def_front,0,0,def_front,0.96075505,True
/kaggle/input/datasets/ravirajsinh45/real-life-industrial-dataset-of-casting-product/casting_data/casting_data/test/def_front/cast_def_0_1443.jpeg,def_front,0,0,def_front,0.99545527,True
/kaggle/input/datasets/ravirajsinh45/real-life-industrial-dataset-of-casting-product/casting_data/casting_data/test/def_front/cast_def_0_1447.jpeg,def_front,0,1,ok_front,0.8058297,False
/kaggle/input/datasets/ravirajsinh45/real-life-industrial-dataset-of-casting-product/casting_data/casting_data/test/def_front/cast_def_0_1453.jpeg,def_front,0,1,ok_front,0.59088695,False
/kaggle/input/datasets/ravirajsinh45/real-life-industrial-dataset-of-casting-product/casting_data/casting_data/test/def_front/cast_def_0_1462.jpeg,def_front,0,0,def_front,0.99999416,True
/kaggle/input/datasets/ravirajsinh45/real-life-industrial-dataset-of-casting-product/casting_data/casting_data/test/def_front/cast_def_0_1466.jpeg,def_front,0,0,def_front,0.9982998,True
/kaggle/input/datasets/ravirajsinh45/real-life-industrial-dataset-of-casting-product/casting_data/casting_data/test/def_front/cast_def_0_1467.jpeg,def_front,0,0,def_front,0.99945194,True
/kaggle/input/datasets/ravirajsinh45/real-life-industrial-dataset-of-casting-product/casting_data/casting_data/test/def_front/cast_def_0_147.jpeg,def_front,0,0,def_front,0.9999844,True
/kaggle/input/datasets/ravirajsinh45/real-life-industrial-dataset-of-casting-product/casting_data/casting_data/test/def_front/cast_def_0_1471.jpeg,def_front,0,0,def_front,0.9943878,True
/kaggle/input/datasets/ravirajsinh45/real-life-industrial-dataset-of-casting-product/casting_data/casting_data/test/def_front/cast_def_0_1474.jpeg,def_front,0,0,def_front,0.9999995,True
/kaggle/input/datasets/ravirajsinh45/real-life-industrial-dataset-of-casting-product/casting_data/casting_data/test/def_front/cast_def_0_1476.jpeg,def_front,0,0,def_front,0.9933194,True
/kaggle/input/datasets/ravirajsinh45/real-life-industrial-dataset-of-casting-product/casting_data/casting_data/test/def_front/cast_def_0_1477.jpeg,def_front,0,0,def_front,0.997529,True
/kaggle/input/datasets/ravirajsinh45/real-life-industrial-dataset-of-casting-product/casting_data/casting_data/test/def_front/cast_def_0_148.jpeg,def_front,0,0,def_front,0.99779093,True
/kaggle/input/datasets/ravirajsinh45/real-life-industrial-dataset-of-casting-product/casting_data/casting_data/test/def_front/cast_def_0_1480.jpeg,def_front,0,0,def_front,0.9786295,True
/kaggle/input/datasets/ravirajsinh45/real-life-industrial-dataset-of-casting-product/casting_data/casting_data/test/def_front/cast_def_0_1486.jpeg,def_front,0,0,def_front,0.99984634,True
/kaggle/input/datasets/ravirajsinh45/real-life-industrial-dataset-of-casting-product/casting_data/casting_data/test/def_front/cast_def_0_1488.jpeg,def_front,0,0,def_front,0.9963805,True
/kaggle/input/datasets/ravirajsinh45/real-life-industrial-dataset-of-casting-product/casting_data/casting_data/test/def_front/cast_def_0_149.jpeg,def_front,0,0,def_front,0.99573153,True
/kaggle/input/datasets/ravirajsinh45/real-life-industrial-dataset-of-casting-product/casting_data/casting_data/test/def_front/cast_def_0_1492.jpeg,def_front,0,0,def_front,0.9998012,True
/kaggle/input/datasets/ravirajsinh45/real-life-industrial-dataset-of-casting-product/casting_data/casting_data/test/def_front/cast_def_0_1493.jpeg,def_front,0,0,def_front,0.92406374,True
/kaggle/input/datasets/ravirajsinh45/real-life-industrial-dataset-of-casting-product/casting_data/casting_data/test/def_front/cast_def_0_1497.jpeg,def_front,0,0,def_front,0.99998,True
/kaggle/input/datasets/ravirajsinh45/real-life-industrial-dataset-of-casting-product/casting_data/casting_data/test/def_front/cast_def_0_1499.jpeg,def_front,0,0,def_front,0.9996419,True
/kaggle/input/datasets/ravirajsinh45/real-life-industrial-dataset-of-casting-product/casting_data/casting_data/test/def_front/cast_def_0_15.jpeg,def_front,0,0,def_front,1.0,True
/kaggle/input/datasets/ravirajsinh45/real-life-industrial-dataset-of-casting-product/casting_data/casting_data/test/def_front/cast_def_0_150.jpeg,def_front,0,1,ok_front,0.98475456,False
/kaggle/input/datasets/ravirajsinh45/real-life-industrial-dataset-of-casting-product/casting_data/casting_data/test/def_front/cast_def_0_1500.jpeg,def_front,0,0,def_front,0.9688674,True
/kaggle/input/datasets/ravirajsinh45/real-life-industrial-dataset-of-casting-product/casting_data/casting_data/test/def_front/cast_def_0_1505.jpeg,def_front,0,0,def_front,0.9987042,True
/kaggle/input/datasets/ravirajsinh45/real-life-industrial-dataset-of-casting-product/casting_data/casting_data/test/def_front/cast_def_0_1506.jpeg,def_front,0,1,ok_front,0.9940724,False
/kaggle/input/datasets/ravirajsinh45/real-life-industrial-dataset-of-casting-product/casting_data/casting_data/test/def_front/cast_def_0_1507.jpeg,def_front,0,0,def_front,0.9999982,True
/kaggle/input/datasets/ravirajsinh45/real-life-industrial-dataset-of-casting-product/casting_data/casting_data/test/def_front/cast_def_0_1509.jpeg,def_front,0,0,def_front,0.9999932,True
/kaggle/input/datasets/ravirajsinh45/real-life-industrial-dataset-of-casting-product/casting_data/casting_data/test/def_front/cast_def_0_151.jpeg,def_front,0,0,def_front,0.99999225,True
/kaggle/input/datasets/ravirajsinh45/real-life-industrial-dataset-of-casting-product/casting_data/casting_data/test/def_front/cast_def_0_1510.jpeg,def_front,0,0,def_front,0.9999975,True
/kaggle/input/datasets/ravirajsinh45/real-life-industrial-dataset-of-casting-product/casting_data/casting_data/test/def_front/cast_def_0_1511.jpeg,def_front,0,0,def_front,0.9999956,True
/kaggle/input/datasets/ravirajsinh45/real-life-industrial-dataset-of-casting-product/casting_data/casting_data/test/def_front/cast_def_0_1517.jpeg,def_front,0,0,def_front,0.99999714,True
/kaggle/input/datasets/ravirajsinh45/real-life-industrial-dataset-of-casting-product/casting_data/casting_data/test/def_front/cast_def_0_1518.jpeg,def_front,0,0,def_front,0.9998939,True
/kaggle/input/datasets/ravirajsinh45/real-life-industrial-dataset-of-casting-product/casting_data/casting_data/test/def_front/cast_def_0_1519.jpeg,def_front,0,0,def_front,1.0,True
/kaggle/input/datasets/ravirajsinh45/real-life-industrial-dataset-of-casting-product/casting_data/casting_data/test/def_front/cast_def_0_1528.jpeg,def_front,0,0,def_front,0.99887496,True
/kaggle/input/datasets/ravirajsinh45/real-life-industrial-dataset-of-casting-product/casting_data/casting_data/test/def_front/cast_def_0_1529.jpeg,def_front,0,0,def_front,0.9992299,True
/kaggle/input/datasets/ravirajsinh45/real-life-industrial-dataset-of-casting-product/casting_data/casting_data/test/def_front/cast_def_0_1535.jpeg,def_front,0,0,def_front,1.0,True
/kaggle/input/datasets/ravirajsinh45/real-life-industrial-dataset-of-casting-product/casting_data/casting_data/test/def_front/cast_def_0_1536.jpeg,def_front,0,0,def_front,0.99857235,True
/kaggle/input/datasets/ravirajsinh45/real-life-industrial-dataset-of-casting-product/casting_data/casting_data/test/def_front/cast_def_0_1539.jpeg,def_front,0,1,ok_front,0.82335216,False
/kaggle/input/datasets/ravirajsinh45/real-life-industrial-dataset-of-casting-product/casting_data/casting_data/test/def_front/cast_def_0_154.jpeg,def_front,0,1,ok_front,0.6758374,False
/kaggle/input/datasets/ravirajsinh45/real-life-industrial-dataset-of-casting-product/casting_data/casting_data/test/def_front/cast_def_0_1544.jpeg,def_front,0,0,def_front,0.738597,True
/kaggle/input/datasets/ravirajsinh45/real-life-industrial-dataset-of-casting-product/casting_data/casting_data/test/def_front/cast_def_0_1546.jpeg,def_front,0,0,def_front,0.99934787,True
/kaggle/input/datasets/ravirajsinh45/real-life-industrial-dataset-of-casting-product/casting_data/casting_data/test/def_front/cast_def_0_1547.jpeg,def_front,0,0,def_front,0.9998933,True
/kaggle/input/datasets/ravirajsinh45/real-life-industrial-dataset-of-casting-product/casting_data/casting_data/test/def_front/cast_def_0_1553.jpeg,def_front,0,1,ok_front,0.89604026,False
/kaggle/input/datasets/ravirajsinh45/real-life-industrial-dataset-of-casting-product/casting_data/casting_data/test/def_front/cast_def_0_1555.jpeg,def_front,0,0,def_front,0.99999917,True
/kaggle/input/datasets/ravirajsinh45/real-life-industrial-dataset-of-casting-product/casting_data/casting_data/test/def_front/cast_def_0_1556.jpeg,def_front,0,0,def_front,0.99916077,True
/kaggle/input/datasets/ravirajsinh45/real-life-industrial-dataset-of-casting-product/casting_data/casting_data/test/def_front/cast_def_0_1560.jpeg,def_front,0,0,def_front,0.9998746,True
/kaggle/input/datasets/ravirajsinh45/real-life-industrial-dataset-of-casting-product/casting_data/casting_data/test/def_front/cast_def_0_1565.jpeg,def_front,0,1,ok_front,0.60328424,False
/kaggle/input/datasets/ravirajsinh45/real-life-industrial-dataset-of-casting-product/casting_data/casting_data/test/def_front/cast_def_0_1567.jpeg,def_front,0,0,def_front,0.99673057,True
/kaggle/input/datasets/ravirajsinh45/real-life-industrial-dataset-of-casting-product/casting_data/casting_data/test/def_front/cast_def_0_1568.jpeg,def_front,0,0,def_front,0.9999839,True
/kaggle/input/datasets/ravirajsinh45/real-life-industrial-dataset-of-casting-product/casting_data/casting_data/test/def_front/cast_def_0_1569.jpeg,def_front,0,0,def_front,0.99607086,True
/kaggle/input/datasets/ravirajsinh45/real-life-industrial-dataset-of-casting-product/casting_data/casting_data/test/def_front/cast_def_0_157.jpeg,def_front,0,0,def_front,0.78343946,True
/kaggle/input/datasets/ravirajsinh45/real-life-industrial-dataset-of-casting-product/casting_data/casting_data/test/def_front/cast_def_0_1570.jpeg,def_front,0,0,def_front,0.9999845,True
/kaggle/input/datasets/ravirajsinh45/real-life-industrial-dataset-of-casting-product/casting_data/casting_data/test/def_front/cast_def_0_1571.jpeg,def_front,0,0,def_front,0.998276,True
/kaggle/input/datasets/ravirajsinh45/real-life-industrial-dataset-of-casting-product/casting_data/casting_data/test/def_front/cast_def_0_1573.jpeg,def_front,0,0,def_front,0.74982375,True
/kaggle/input/datasets/ravirajsinh45/real-life-industrial-dataset-of-casting-product/casting_data/casting_data/test/def_front/cast_def_0_1574.jpeg,def_front,0,0,def_front,0.99999833,True
/kaggle/input/datasets/ravirajsinh45/real-life-industrial-dataset-of-casting-product/casting_data/casting_data/test/def_front/cast_def_0_1576.jpeg,def_front,0,0,def_front,0.9985751,True
/kaggle/input/datasets/ravirajsinh45/real-life-industrial-dataset-of-casting-product/casting_data/casting_data/test/def_front/cast_def_0_158.jpeg,def_front,0,0,def_front,0.99995756,True
/kaggle/input/datasets/ravirajsinh45/real-life-industrial-dataset-of-casting-product/casting_data/casting_data/test/def_front/cast_def_0_1583.jpeg,def_front,0,0,def_front,0.987988,True
/kaggle/input/datasets/ravirajsinh45/real-life-industrial-dataset-of-casting-product/casting_data/casting_data/test/def_front/cast_def_0_1585.jpeg,def_front,0,0,def_front,0.99997795,True
/kaggle/input/datasets/ravirajsinh45/real-life-industrial-dataset-of-casting-product/casting_data/casting_data/test/def_front/cast_def_0_1586.jpeg,def_front,0,0,def_front,0.9994529,True
/kaggle/input/datasets/ravirajsinh45/real-life-industrial-dataset-of-casting-product/casting_data/casting_data/test/def_front/cast_def_0_1589.jpeg,def_front,0,0,def_front,0.9987866,True
/kaggle/input/datasets/ravirajsinh45/real-life-industrial-dataset-of-casting-product/casting_data/casting_data/test/def_front/cast_def_0_159.jpeg,def_front,0,0,def_front,0.9995797,True
/kaggle/input/datasets/ravirajsinh45/real-life-industrial-dataset-of-casting-product/casting_data/casting_data/test/def_front/cast_def_0_1590.jpeg,def_front,0,0,def_front,0.9983663,True
/kaggle/input/datasets/ravirajsinh45/real-life-industrial-dataset-of-casting-product/casting_data/casting_data/test/def_front/cast_def_0_1591.jpeg,def_front,0,1,ok_front,0.931631,False
/kaggle/input/datasets/ravirajsinh45/real-life-industrial-dataset-of-casting-product/casting_data/casting_data/test/def_front/cast_def_0_1593.jpeg,def_front,0,0,def_front,0.9982413,True
/kaggle/input/datasets/ravirajsinh45/real-life-industrial-dataset-of-casting-product/casting_data/casting_data/test/def_front/cast_def_0_1594.jpeg,def_front,0,0,def_front,0.9996158,True
/kaggle/input/datasets/ravirajsinh45/real-life-industrial-dataset-of-casting-product/casting_data/casting_data/test/def_front/cast_def_0_1596.jpeg,def_front,0,0,def_front,0.99978346,True
/kaggle/input/datasets/ravirajsinh45/real-life-industrial-dataset-of-casting-product/casting_data/casting_data/test/def_front/cast_def_0_1599.jpeg,def_front,0,0,def_front,0.9320301,True
/kaggle/input/datasets/ravirajsinh45/real-life-industrial-dataset-of-casting-product/casting_data/casting_data/test/def_front/cast_def_0_160.jpeg,def_front,0,0,def_front,0.77996194,True
/kaggle/input/datasets/ravirajsinh45/real-life-industrial-dataset-of-casting-product/casting_data/casting_data/test/def_front/cast_def_0_1603.jpeg,def_front,0,0,def_front,0.9997495,True
/kaggle/input/datasets/ravirajsinh45/real-life-industrial-dataset-of-casting-product/casting_data/casting_data/test/def_front/cast_def_0_1607.jpeg,def_front,0,0,def_front,0.99654514,True
/kaggle/input/datasets/ravirajsinh45/real-life-industrial-dataset-of-casting-product/casting_data/casting_data/test/def_front/cast_def_0_1608.jpeg,def_front,0,0,def_front,0.999526,True
/kaggle/input/datasets/ravirajsinh45/real-life-industrial-dataset-of-casting-product/casting_data/casting_data/test/def_front/cast_def_0_161.jpeg,def_front,0,0,def_front,0.99313664,True
/kaggle/input/datasets/ravirajsinh45/real-life-industrial-dataset-of-casting-product/casting_data/casting_data/test/def_front/cast_def_0_1612.jpeg,def_front,0,0,def_front,0.9962063,True
/kaggle/input/datasets/ravirajsinh45/real-life-industrial-dataset-of-casting-product/casting_data/casting_data/test/def_front/cast_def_0_1613.jpeg,def_front,0,0,def_front,0.99999154,True
/kaggle/input/datasets/ravirajsinh45/real-life-industrial-dataset-of-casting-product/casting_data/casting_data/test/def_front/cast_def_0_1614.jpeg,def_front,0,0,def_front,0.99999964,True
/kaggle/input/datasets/ravirajsinh45/real-life-industrial-dataset-of-casting-product/casting_data/casting_data/test/def_front/cast_def_0_1617.jpeg,def_front,0,0,def_front,0.99607724,True
/kaggle/input/datasets/ravirajsinh45/real-life-industrial-dataset-of-casting-product/casting_data/casting_data/test/def_front/cast_def_0_1618.jpeg,def_front,0,1,ok_front,0.9741532,False
/kaggle/input/datasets/ravirajsinh45/real-life-industrial-dataset-of-casting-product/casting_data/casting_data/test/def_front/cast_def_0_162.jpeg,def_front,0,0,def_front,0.9887875,True
/kaggle/input/datasets/ravirajsinh45/real-life-industrial-dataset-of-casting-product/casting_data/casting_data/test/def_front/cast_def_0_1620.jpeg,def_front,0,0,def_front,0.76054996,True
/kaggle/input/datasets/ravirajsinh45/real-life-industrial-dataset-of-casting-product/casting_data/casting_data/test/def_front/cast_def_0_1625.jpeg,def_front,0,0,def_front,0.9912531,True
/kaggle/input/datasets/ravirajsinh45/real-life-industrial-dataset-of-casting-product/casting_data/casting_data/test/def_front/cast_def_0_1628.jpeg,def_front,0,0,def_front,0.99842536,True
/kaggle/input/datasets/ravirajsinh45/real-life-industrial-dataset-of-casting-product/casting_data/casting_data/test/def_front/cast_def_0_1629.jpeg,def_front,0,0,def_front,0.9993199,True
/kaggle/input/datasets/ravirajsinh45/real-life-industrial-dataset-of-casting-product/casting_data/casting_data/test/def_front/cast_def_0_1633.jpeg,def_front,0,1,ok_front,0.63868123,False
/kaggle/input/datasets/ravirajsinh45/real-life-industrial-dataset-of-casting-product/casting_data/casting_data/test/def_front/cast_def_0_1634.jpeg,def_front,0,0,def_front,0.99990845,True
/kaggle/input/datasets/ravirajsinh45/real-life-industrial-dataset-of-casting-product/casting_data/casting_data/test/def_front/cast_def_0_1635.jpeg,def_front,0,0,def_front,0.9015234,True
/kaggle/input/datasets/ravirajsinh45/real-life-industrial-dataset-of-casting-product/casting_data/casting_data/test/def_front/cast_def_0_1636.jpeg,def_front,0,0,def_front,0.9999654,True
/kaggle/input/datasets/ravirajsinh45/real-life-industrial-dataset-of-casting-product/casting_data/casting_data/test/def_front/cast_def_0_1637.jpeg,def_front,0,0,def_front,0.9970119,True
/kaggle/input/datasets/ravirajsinh45/real-life-industrial-dataset-of-casting-product/casting_data/casting_data/test/def_front/cast_def_0_1638.jpeg,def_front,0,0,def_front,0.9896012,True
/kaggle/input/datasets/ravirajsinh45/real-life-industrial-dataset-of-casting-product/casting_data/casting_data/test/def_front/cast_def_0_1639.jpeg,def_front,0,0,def_front,0.997024,True
/kaggle/input/datasets/ravirajsinh45/real-life-industrial-dataset-of-casting-product/casting_data/casting_data/test/def_front/cast_def_0_164.jpeg,def_front,0,0,def_front,0.9791387,True
/kaggle/input/datasets/ravirajsinh45/real-life-industrial-dataset-of-casting-product/casting_data/casting_data/test/def_front/cast_def_0_1640.jpeg,def_front,0,0,def_front,0.9451488,True
/kaggle/input/datasets/ravirajsinh45/real-life-industrial-dataset-of-casting-product/casting_data/casting_data/test/def_front/cast_def_0_1642.jpeg,def_front,0,0,def_front,0.99999845,True
/kaggle/input/datasets/ravirajsinh45/real-life-industrial-dataset-of-casting-product/casting_data/casting_data/test/def_front/cast_def_0_1644.jpeg,def_front,0,1,ok_front,0.5417182,False
/kaggle/input/datasets/ravirajsinh45/real-life-industrial-dataset-of-casting-product/casting_data/casting_data/test/def_front/cast_def_0_1645.jpeg,def_front,0,0,def_front,0.99857414,True
/kaggle/input/datasets/ravirajsinh45/real-life-industrial-dataset-of-casting-product/casting_data/casting_data/test/def_front/cast_def_0_1647.jpeg,def_front,0,0,def_front,0.9999995,True
/kaggle/input/datasets/ravirajsinh45/real-life-industrial-dataset-of-casting-product/casting_data/casting_data/test/def_front/cast_def_0_1653.jpeg,def_front,0,0,def_front,0.997938,True
/kaggle/input/datasets/ravirajsinh45/real-life-industrial-dataset-of-casting-product/casting_data/casting_data/test/def_front/cast_def_0_1660.jpeg,def_front,0,1,ok_front,0.6489422,False
/kaggle/input/datasets/ravirajsinh45/real-life-industrial-dataset-of-casting-product/casting_data/casting_data/test/def_front/cast_def_0_1661.jpeg,def_front,0,0,def_front,0.9995559,True
/kaggle/input/datasets/ravirajsinh45/real-life-industrial-dataset-of-casting-product/casting_data/casting_data/test/def_front/cast_def_0_1665.jpeg,def_front,0,0,def_front,0.99979645,True
/kaggle/input/datasets/ravirajsinh45/real-life-industrial-dataset-of-casting-product/casting_data/casting_data/test/def_front/cast_def_0_1666.jpeg,def_front,0,0,def_front,0.8684091,True
/kaggle/input/datasets/ravirajsinh45/real-life-industrial-dataset-of-casting-product/casting_data/casting_data/test/def_front/cast_def_0_1677.jpeg,def_front,0,0,def_front,0.98312795,True
/kaggle/input/datasets/ravirajsinh45/real-life-industrial-dataset-of-casting-product/casting_data/casting_data/test/def_front/cast_def_0_1678.jpeg,def_front,0,0,def_front,0.99640757,True
/kaggle/input/datasets/ravirajsinh45/real-life-industrial-dataset-of-casting-product/casting_data/casting_data/test/def_front/cast_def_0_1681.jpeg,def_front,0,0,def_front,0.9956424,True
/kaggle/input/datasets/ravirajsinh45/real-life-industrial-dataset-of-casting-product/casting_data/casting_data/test/def_front/cast_def_0_1682.jpeg,def_front,0,0,def_front,1.0,True
/kaggle/input/datasets/ravirajsinh45/real-life-industrial-dataset-of-casting-product/casting_data/casting_data/test/def_front/cast_def_0_1683.jpeg,def_front,0,0,def_front,0.9996691,True
/kaggle/input/datasets/ravirajsinh45/real-life-industrial-dataset-of-casting-product/casting_data/casting_data/test/def_front/cast_def_0_1684.jpeg,def_front,0,0,def_front,0.9963561,True
/kaggle/input/datasets/ravirajsinh45/real-life-industrial-dataset-of-casting-product/casting_data/casting_data/test/def_front/cast_def_0_1685.jpeg,def_front,0,1,ok_front,0.98755556,False
/kaggle/input/datasets/ravirajsinh45/real-life-industrial-dataset-of-casting-product/casting_data/casting_data/test/def_front/cast_def_0_1686.jpeg,def_front,0,0,def_front,1.0,True
/kaggle/input/datasets/ravirajsinh45/real-life-industrial-dataset-of-casting-product/casting_data/casting_data/test/def_front/cast_def_0_1688.jpeg,def_front,0,0,def_front,0.9983071,True
/kaggle/input/datasets/ravirajsinh45/real-life-industrial-dataset-of-casting-product/casting_data/casting_data/test/def_front/cast_def_0_174.jpeg,def_front,0,1,ok_front,0.53539586,False
/kaggle/input/datasets/ravirajsinh45/real-life-industrial-dataset-of-casting-product/casting_data/casting_data/test/def_front/cast_def_0_175.jpeg,def_front,0,0,def_front,0.99999917,True
/kaggle/input/datasets/ravirajsinh45/real-life-industrial-dataset-of-casting-product/casting_data/casting_data/test/def_front/cast_def_0_176.jpeg,def_front,0,0,def_front,0.9657729,True
/kaggle/input/datasets/ravirajsinh45/real-life-industrial-dataset-of-casting-product/casting_data/casting_data/test/def_front/cast_def_0_181.jpeg,def_front,0,0,def_front,0.99934703,True
/kaggle/input/datasets/ravirajsinh45/real-life-industrial-dataset-of-casting-product/casting_data/casting_data/test/def_front/cast_def_0_182.jpeg,def_front,0,1,ok_front,0.5734513,False
/kaggle/input/datasets/ravirajsinh45/real-life-industrial-dataset-of-casting-product/casting_data/casting_data/test/def_front/cast_def_0_184.jpeg,def_front,0,0,def_front,0.999196,True
/kaggle/input/datasets/ravirajsinh45/real-life-industrial-dataset-of-casting-product/casting_data/casting_data/test/def_front/cast_def_0_186.jpeg,def_front,0,0,def_front,0.99997747,True
/kaggle/input/datasets/ravirajsinh45/real-life-industrial-dataset-of-casting-product/casting_data/casting_data/test/def_front/cast_def_0_1895.jpeg,def_front,0,0,def_front,0.8865898,True
/kaggle/input/datasets/ravirajsinh45/real-life-industrial-dataset-of-casting-product/casting_data/casting_data/test/def_front/cast_def_0_190.jpeg,def_front,0,0,def_front,0.90966463,True
/kaggle/input/datasets/ravirajsinh45/real-life-industrial-dataset-of-casting-product/casting_data/casting_data/test/def_front/cast_def_0_1903.jpeg,def_front,0,0,def_front,0.99837756,True
/kaggle/input/datasets/ravirajsinh45/real-life-industrial-dataset-of-casting-product/casting_data/casting_data/test/def_front/cast_def_0_193.jpeg,def_front,0,0,def_front,0.997843,True
/kaggle/input/datasets/ravirajsinh45/real-life-industrial-dataset-of-casting-product/casting_data/casting_data/test/def_front/cast_def_0_1935.jpeg,def_front,0,0,def_front,0.9966492,True
/kaggle/input/datasets/ravirajsinh45/real-life-industrial-dataset-of-casting-product/casting_data/casting_data/test/def_front/cast_def_0_197.jpeg,def_front,0,0,def_front,0.9963748,True
/kaggle/input/datasets/ravirajsinh45/real-life-industrial-dataset-of-casting-product/casting_data/casting_data/test/def_front/cast_def_0_2053.jpeg,def_front,0,0,def_front,1.0,True
/kaggle/input/datasets/ravirajsinh45/real-life-industrial-dataset-of-casting-product/casting_data/casting_data/test/def_front/cast_def_0_2084.jpeg,def_front,0,0,def_front,0.78740263,True
/kaggle/input/datasets/ravirajsinh45/real-life-industrial-dataset-of-casting-product/casting_data/casting_data/test/def_front/cast_def_0_2100.jpeg,def_front,0,0,def_front,0.9999082,True
/kaggle/input/datasets/ravirajsinh45/real-life-industrial-dataset-of-casting-product/casting_data/casting_data/test/def_front/cast_def_0_2102.jpeg,def_front,0,0,def_front,0.98978335,True
/kaggle/input/datasets/ravirajsinh45/real-life-industrial-dataset-of-casting-product/casting_data/casting_data/test/def_front/cast_def_0_2104.jpeg,def_front,0,0,def_front,0.9967403,True
/kaggle/input/datasets/ravirajsinh45/real-life-industrial-dataset-of-casting-product/casting_data/casting_data/test/def_front/cast_def_0_2126.jpeg,def_front,0,0,def_front,0.9977192,True
/kaggle/input/datasets/ravirajsinh45/real-life-industrial-dataset-of-casting-product/casting_data/casting_data/test/def_front/cast_def_0_2135.jpeg,def_front,0,0,def_front,0.9160272,True
/kaggle/input/datasets/ravirajsinh45/real-life-industrial-dataset-of-casting-product/casting_data/casting_data/test/def_front/cast_def_0_2136.jpeg,def_front,0,0,def_front,0.9999938,True
/kaggle/input/datasets/ravirajsinh45/real-life-industrial-dataset-of-casting-product/casting_data/casting_data/test/def_front/cast_def_0_2137.jpeg,def_front,0,0,def_front,0.9994012,True
/kaggle/input/datasets/ravirajsinh45/real-life-industrial-dataset-of-casting-product/casting_data/casting_data/test/def_front/cast_def_0_2154.jpeg,def_front,0,1,ok_front,0.9462093,False
/kaggle/input/datasets/ravirajsinh45/real-life-industrial-dataset-of-casting-product/casting_data/casting_data/test/def_front/cast_def_0_2155.jpeg,def_front,0,0,def_front,0.99959296,True
/kaggle/input/datasets/ravirajsinh45/real-life-industrial-dataset-of-casting-product/casting_data/casting_data/test/def_front/cast_def_0_2156.jpeg,def_front,0,0,def_front,0.9997651,True
/kaggle/input/datasets/ravirajsinh45/real-life-industrial-dataset-of-casting-product/casting_data/casting_data/test/def_front/cast_def_0_216.jpeg,def_front,0,0,def_front,0.9988925,True
/kaggle/input/datasets/ravirajsinh45/real-life-industrial-dataset-of-casting-product/casting_data/casting_data/test/def_front/cast_def_0_2176.jpeg,def_front,0,0,def_front,1.0,True
/kaggle/input/datasets/ravirajsinh45/real-life-industrial-dataset-of-casting-product/casting_data/casting_data/test/def_front/cast_def_0_2177.jpeg,def_front,0,0,def_front,0.99963963,True
/kaggle/input/datasets/ravirajsinh45/real-life-industrial-dataset-of-casting-product/casting_data/casting_data/test/def_front/cast_def_0_2179.jpeg,def_front,0,0,def_front,0.9998292,True
/kaggle/input/datasets/ravirajsinh45/real-life-industrial-dataset-of-casting-product/casting_data/casting_data/test/def_front/cast_def_0_218.jpeg,def_front,0,0,def_front,0.98495966,True
/kaggle/input/datasets/ravirajsinh45/real-life-industrial-dataset-of-casting-product/casting_data/casting_data/test/def_front/cast_def_0_220.jpeg,def_front,0,1,ok_front,0.6974071,False
/kaggle/input/datasets/ravirajsinh45/real-life-industrial-dataset-of-casting-product/casting_data/casting_data/test/def_front/cast_def_0_221.jpeg,def_front,0,1,ok_front,0.87510586,False
/kaggle/input/datasets/ravirajsinh45/real-life-industrial-dataset-of-casting-product/casting_data/casting_data/test/def_front/cast_def_0_2211.jpeg,def_front,0,0,def_front,1.0,True
/kaggle/input/datasets/ravirajsinh45/real-life-industrial-dataset-of-casting-product/casting_data/casting_data/test/def_front/cast_def_0_2212.jpeg,def_front,0,1,ok_front,0.6072233,False
/kaggle/input/datasets/ravirajsinh45/real-life-industrial-dataset-of-casting-product/casting_data/casting_data/test/def_front/cast_def_0_2215.jpeg,def_front,0,0,def_front,0.9959265,True
/kaggle/input/datasets/ravirajsinh45/real-life-industrial-dataset-of-casting-product/casting_data/casting_data/test/def_front/cast_def_0_224.jpeg,def_front,0,0,def_front,0.99702746,True
/kaggle/input/datasets/ravirajsinh45/real-life-industrial-dataset-of-casting-product/casting_data/casting_data/test/def_front/cast_def_0_2241.jpeg,def_front,0,0,def_front,0.99881893,True
/kaggle/input/datasets/ravirajsinh45/real-life-industrial-dataset-of-casting-product/casting_data/casting_data/test/def_front/cast_def_0_2244.jpeg,def_front,0,0,def_front,0.9999852,True
/kaggle/input/datasets/ravirajsinh45/real-life-industrial-dataset-of-casting-product/casting_data/casting_data/test/def_front/cast_def_0_2247.jpeg,def_front,0,1,ok_front,0.60179895,False
/kaggle/input/datasets/ravirajsinh45/real-life-industrial-dataset-of-casting-product/casting_data/casting_data/test/def_front/cast_def_0_2273.jpeg,def_front,0,0,def_front,0.98809797,True
/kaggle/input/datasets/ravirajsinh45/real-life-industrial-dataset-of-casting-product/casting_data/casting_data/test/def_front/cast_def_0_2274.jpeg,def_front,0,0,def_front,0.9990414,True
/kaggle/input/datasets/ravirajsinh45/real-life-industrial-dataset-of-casting-product/casting_data/casting_data/test/def_front/cast_def_0_2276.jpeg,def_front,0,0,def_front,0.99744403,True
/kaggle/input/datasets/ravirajsinh45/real-life-industrial-dataset-of-casting-product/casting_data/casting_data/test/def_front/cast_def_0_228.jpeg,def_front,0,0,def_front,0.99910223,True
/kaggle/input/datasets/ravirajsinh45/real-life-industrial-dataset-of-casting-product/casting_data/casting_data/test/def_front/cast_def_0_2299.jpeg,def_front,0,0,def_front,0.9763875,True
/kaggle/input/datasets/ravirajsinh45/real-life-industrial-dataset-of-casting-product/casting_data/casting_data/test/def_front/cast_def_0_230.jpeg,def_front,0,1,ok_front,0.8256672,False
/kaggle/input/datasets/ravirajsinh45/real-life-industrial-dataset-of-casting-product/casting_data/casting_data/test/def_front/cast_def_0_2305.jpeg,def_front,0,0,def_front,0.97340536,True
/kaggle/input/datasets/ravirajsinh45/real-life-industrial-dataset-of-casting-product/casting_data/casting_data/test/def_front/cast_def_0_2308.jpeg,def_front,0,0,def_front,0.951458,True
/kaggle/input/datasets/ravirajsinh45/real-life-industrial-dataset-of-casting-product/casting_data/casting_data/test/def_front/cast_def_0_2309.jpeg,def_front,0,0,def_front,0.9997867,True
/kaggle/input/datasets/ravirajsinh45/real-life-industrial-dataset-of-casting-product/casting_data/casting_data/test/def_front/cast_def_0_231.jpeg,def_front,0,0,def_front,1.0,True
/kaggle/input/datasets/ravirajsinh45/real-life-industrial-dataset-of-casting-product/casting_data/casting_data/test/def_front/cast_def_0_2319.jpeg,def_front,0,0,def_front,0.9868652,True
/kaggle/input/datasets/ravirajsinh45/real-life-industrial-dataset-of-casting-product/casting_data/casting_data/test/def_front/cast_def_0_2324.jpeg,def_front,0,1,ok_front,0.7909048,False
/kaggle/input/datasets/ravirajsinh45/real-life-industrial-dataset-of-casting-product/casting_data/casting_data/test/def_front/cast_def_0_2339.jpeg,def_front,0,0,def_front,0.9263168,True
/kaggle/input/datasets/ravirajsinh45/real-life-industrial-dataset-of-casting-product/casting_data/casting_data/test/def_front/cast_def_0_2341.jpeg,def_front,0,0,def_front,0.9999975,True
/kaggle/input/datasets/ravirajsinh45/real-life-industrial-dataset-of-casting-product/casting_data/casting_data/test/def_front/cast_def_0_2342.jpeg,def_front,0,1,ok_front,0.8947797,False
/kaggle/input/datasets/ravirajsinh45/real-life-industrial-dataset-of-casting-product/casting_data/casting_data/test/def_front/cast_def_0_235.jpeg,def_front,0,0,def_front,0.99588734,True
/kaggle/input/datasets/ravirajsinh45/real-life-industrial-dataset-of-casting-product/casting_data/casting_data/test/def_front/cast_def_0_236.jpeg,def_front,0,0,def_front,0.9999318,True
/kaggle/input/datasets/ravirajsinh45/real-life-industrial-dataset-of-casting-product/casting_data/casting_data/test/def_front/cast_def_0_2372.jpeg,def_front,0,1,ok_front,0.98745847,False
/kaggle/input/datasets/ravirajsinh45/real-life-industrial-dataset-of-casting-product/casting_data/casting_data/test/def_front/cast_def_0_2375.jpeg,def_front,0,0,def_front,0.9998319,True
/kaggle/input/datasets/ravirajsinh45/real-life-industrial-dataset-of-casting-product/casting_data/casting_data/test/def_front/cast_def_0_2376.jpeg,def_front,0,0,def_front,0.99108946,True
/kaggle/input/datasets/ravirajsinh45/real-life-industrial-dataset-of-casting-product/casting_data/casting_data/test/def_front/cast_def_0_2392.jpeg,def_front,0,1,ok_front,0.989091,False
/kaggle/input/datasets/ravirajsinh45/real-life-industrial-dataset-of-casting-product/casting_data/casting_data/test/def_front/cast_def_0_2393.jpeg,def_front,0,0,def_front,0.9963301,True
/kaggle/input/datasets/ravirajsinh45/real-life-industrial-dataset-of-casting-product/casting_data/casting_data/test/def_front/cast_def_0_2396.jpeg,def_front,0,0,def_front,0.9999893,True
/kaggle/input/datasets/ravirajsinh45/real-life-industrial-dataset-of-casting-product/casting_data/casting_data/test/def_front/cast_def_0_242.jpeg,def_front,0,0,def_front,0.99977833,True
/kaggle/input/datasets/ravirajsinh45/real-life-industrial-dataset-of-casting-product/casting_data/casting_data/test/def_front/cast_def_0_2420.jpeg,def_front,0,0,def_front,0.9999964,True
/kaggle/input/datasets/ravirajsinh45/real-life-industrial-dataset-of-casting-product/casting_data/casting_data/test/def_front/cast_def_0_2421.jpeg,def_front,0,1,ok_front,0.609559,False
/kaggle/input/datasets/ravirajsinh45/real-life-industrial-dataset-of-casting-product/casting_data/casting_data/test/def_front/cast_def_0_2422.jpeg,def_front,0,0,def_front,0.9723551,True
/kaggle/input/datasets/ravirajsinh45/real-life-industrial-dataset-of-casting-product/casting_data/casting_data/test/def_front/cast_def_0_2442.jpeg,def_front,0,0,def_front,0.99960643,True
/kaggle/input/datasets/ravirajsinh45/real-life-industrial-dataset-of-casting-product/casting_data/casting_data/test/def_front/cast_def_0_2451.jpeg,def_front,0,0,def_front,0.8466158,True
/kaggle/input/datasets/ravirajsinh45/real-life-industrial-dataset-of-casting-product/casting_data/casting_data/test/def_front/cast_def_0_2453.jpeg,def_front,0,0,def_front,0.9990121,True
/kaggle/input/datasets/ravirajsinh45/real-life-industrial-dataset-of-casting-product/casting_data/casting_data/test/def_front/cast_def_0_246.jpeg,def_front,0,0,def_front,0.99108946,True
/kaggle/input/datasets/ravirajsinh45/real-life-industrial-dataset-of-casting-product/casting_data/casting_data/test/def_front/cast_def_0_247.jpeg,def_front,0,0,def_front,0.9996959,True
/kaggle/input/datasets/ravirajsinh45/real-life-industrial-dataset-of-casting-product/casting_data/casting_data/test/def_front/cast_def_0_2479.jpeg,def_front,0,0,def_front,0.9931681,True
/kaggle/input/datasets/ravirajsinh45/real-life-industrial-dataset-of-casting-product/casting_data/casting_data/test/def_front/cast_def_0_2480.jpeg,def_front,0,0,def_front,1.0,True
/kaggle/input/datasets/ravirajsinh45/real-life-industrial-dataset-of-casting-product/casting_data/casting_data/test/def_front/cast_def_0_2483.jpeg,def_front,0,1,ok_front,0.5734782,False
/kaggle/input/datasets/ravirajsinh45/real-life-industrial-dataset-of-casting-product/casting_data/casting_data/test/def_front/cast_def_0_2486.jpeg,def_front,0,0,def_front,0.99999475,True
/kaggle/input/datasets/ravirajsinh45/real-life-industrial-dataset-of-casting-product/casting_data/casting_data/test/def_front/cast_def_0_2487.jpeg,def_front,0,1,ok_front,0.73270756,False
/kaggle/input/datasets/ravirajsinh45/real-life-industrial-dataset-of-casting-product/casting_data/casting_data/test/def_front/cast_def_0_249.jpeg,def_front,0,0,def_front,0.9978066,True
/kaggle/input/datasets/ravirajsinh45/real-life-industrial-dataset-of-casting-product/casting_data/casting_data/test/def_front/cast_def_0_2509.jpeg,def_front,0,0,def_front,0.99924135,True
/kaggle/input/datasets/ravirajsinh45/real-life-industrial-dataset-of-casting-product/casting_data/casting_data/test/def_front/cast_def_0_2510.jpeg,def_front,0,0,def_front,0.99998426,True
/kaggle/input/datasets/ravirajsinh45/real-life-industrial-dataset-of-casting-product/casting_data/casting_data/test/def_front/cast_def_0_2514.jpeg,def_front,0,0,def_front,0.99983346,True
/kaggle/input/datasets/ravirajsinh45/real-life-industrial-dataset-of-casting-product/casting_data/casting_data/test/def_front/cast_def_0_2515.jpeg,def_front,0,0,def_front,0.99181986,True
/kaggle/input/datasets/ravirajsinh45/real-life-industrial-dataset-of-casting-product/casting_data/casting_data/test/def_front/cast_def_0_2516.jpeg,def_front,0,0,def_front,0.9994549,True
/kaggle/input/datasets/ravirajsinh45/real-life-industrial-dataset-of-casting-product/casting_data/casting_data/test/def_front/cast_def_0_2526.jpeg,def_front,0,0,def_front,0.9998435,True
/kaggle/input/datasets/ravirajsinh45/real-life-industrial-dataset-of-casting-product/casting_data/casting_data/test/def_front/cast_def_0_2528.jpeg,def_front,0,1,ok_front,0.5484685,False
/kaggle/input/datasets/ravirajsinh45/real-life-industrial-dataset-of-casting-product/casting_data/casting_data/test/def_front/cast_def_0_2551.jpeg,def_front,0,0,def_front,0.97265077,True
/kaggle/input/datasets/ravirajsinh45/real-life-industrial-dataset-of-casting-product/casting_data/casting_data/test/def_front/cast_def_0_2553.jpeg,def_front,0,0,def_front,0.99617034,True
/kaggle/input/datasets/ravirajsinh45/real-life-industrial-dataset-of-casting-product/casting_data/casting_data/test/def_front/cast_def_0_257.jpeg,def_front,0,0,def_front,0.9998485,True
/kaggle/input/datasets/ravirajsinh45/real-life-industrial-dataset-of-casting-product/casting_data/casting_data/test/def_front/cast_def_0_259.jpeg,def_front,0,0,def_front,0.9998472,True
/kaggle/input/datasets/ravirajsinh45/real-life-industrial-dataset-of-casting-product/casting_data/casting_data/test/def_front/cast_def_0_26.jpeg,def_front,0,0,def_front,0.9985844,True
/kaggle/input/datasets/ravirajsinh45/real-life-industrial-dataset-of-casting-product/casting_data/casting_data/test/def_front/cast_def_0_260.jpeg,def_front,0,0,def_front,0.97585994,True
/kaggle/input/datasets/ravirajsinh45/real-life-industrial-dataset-of-casting-product/casting_data/casting_data/test/def_front/cast_def_0_275.jpeg,def_front,0,0,def_front,0.9940375,True
/kaggle/input/datasets/ravirajsinh45/real-life-industrial-dataset-of-casting-product/casting_data/casting_data/test/def_front/cast_def_0_28.jpeg,def_front,0,0,def_front,0.98762554,True
/kaggle/input/datasets/ravirajsinh45/real-life-industrial-dataset-of-casting-product/casting_data/casting_data/test/def_front/cast_def_0_280.jpeg,def_front,0,0,def_front,0.9999883,True
/kaggle/input/datasets/ravirajsinh45/real-life-industrial-dataset-of-casting-product/casting_data/casting_data/test/def_front/cast_def_0_283.jpeg,def_front,0,0,def_front,0.9809343,True
/kaggle/input/datasets/ravirajsinh45/real-life-industrial-dataset-of-casting-product/casting_data/casting_data/test/def_front/cast_def_0_290.jpeg,def_front,0,0,def_front,0.9986267,True
/kaggle/input/datasets/ravirajsinh45/real-life-industrial-dataset-of-casting-product/casting_data/casting_data/test/def_front/cast_def_0_291.jpeg,def_front,0,1,ok_front,0.8056811,False
/kaggle/input/datasets/ravirajsinh45/real-life-industrial-dataset-of-casting-product/casting_data/casting_data/test/def_front/cast_def_0_299.jpeg,def_front,0,1,ok_front,0.82834905,False
/kaggle/input/datasets/ravirajsinh45/real-life-industrial-dataset-of-casting-product/casting_data/casting_data/test/def_front/cast_def_0_302.jpeg,def_front,0,0,def_front,0.8493019,True
/kaggle/input/datasets/ravirajsinh45/real-life-industrial-dataset-of-casting-product/casting_data/casting_data/test/def_front/cast_def_0_303.jpeg,def_front,0,0,def_front,0.9992418,True
/kaggle/input/datasets/ravirajsinh45/real-life-industrial-dataset-of-casting-product/casting_data/casting_data/test/def_front/cast_def_0_3105.jpeg,def_front,0,0,def_front,0.98377454,True
/kaggle/input/datasets/ravirajsinh45/real-life-industrial-dataset-of-casting-product/casting_data/casting_data/test/def_front/cast_def_0_3106.jpeg,def_front,0,0,def_front,0.99778444,True
/kaggle/input/datasets/ravirajsinh45/real-life-industrial-dataset-of-casting-product/casting_data/casting_data/test/def_front/cast_def_0_3108.jpeg,def_front,0,0,def_front,0.9993942,True
/kaggle/input/datasets/ravirajsinh45/real-life-industrial-dataset-of-casting-product/casting_data/casting_data/test/def_front/cast_def_0_3121.jpeg,def_front,0,0,def_front,0.8229906,True
/kaggle/input/datasets/ravirajsinh45/real-life-industrial-dataset-of-casting-product/casting_data/casting_data/test/def_front/cast_def_0_3122.jpeg,def_front,0,0,def_front,0.9872394,True
/kaggle/input/datasets/ravirajsinh45/real-life-industrial-dataset-of-casting-product/casting_data/casting_data/test/def_front/cast_def_0_3123.jpeg,def_front,0,0,def_front,0.7060307,True
/kaggle/input/datasets/ravirajsinh45/real-life-industrial-dataset-of-casting-product/casting_data/casting_data/test/def_front/cast_def_0_3387.jpeg,def_front,0,1,ok_front,0.7573792,False
/kaggle/input/datasets/ravirajsinh45/real-life-industrial-dataset-of-casting-product/casting_data/casting_data/test/def_front/cast_def_0_3388.jpeg,def_front,0,0,def_front,0.99678695,True
/kaggle/input/datasets/ravirajsinh45/real-life-industrial-dataset-of-casting-product/casting_data/casting_data/test/def_front/cast_def_0_340.jpeg,def_front,0,0,def_front,0.7001111,True
/kaggle/input/datasets/ravirajsinh45/real-life-industrial-dataset-of-casting-product/casting_data/casting_data/test/def_front/cast_def_0_3412.jpeg,def_front,0,1,ok_front,0.6422857,False
/kaggle/input/datasets/ravirajsinh45/real-life-industrial-dataset-of-casting-product/casting_data/casting_data/test/def_front/cast_def_0_3416.jpeg,def_front,0,1,ok_front,0.84419054,False
/kaggle/input/datasets/ravirajsinh45/real-life-industrial-dataset-of-casting-product/casting_data/casting_data/test/def_front/cast_def_0_3438.jpeg,def_front,0,0,def_front,0.982427,True
/kaggle/input/datasets/ravirajsinh45/real-life-industrial-dataset-of-casting-product/casting_data/casting_data/test/def_front/cast_def_0_3446.jpeg,def_front,0,0,def_front,0.9916917,True
/kaggle/input/datasets/ravirajsinh45/real-life-industrial-dataset-of-casting-product/casting_data/casting_data/test/def_front/cast_def_0_3473.jpeg,def_front,0,0,def_front,0.99991953,True
/kaggle/input/datasets/ravirajsinh45/real-life-industrial-dataset-of-casting-product/casting_data/casting_data/test/def_front/cast_def_0_3500.jpeg,def_front,0,0,def_front,0.9999964,True
/kaggle/input/datasets/ravirajsinh45/real-life-industrial-dataset-of-casting-product/casting_data/casting_data/test/def_front/cast_def_0_3503.jpeg,def_front,0,0,def_front,0.9999999,True
/kaggle/input/datasets/ravirajsinh45/real-life-industrial-dataset-of-casting-product/casting_data/casting_data/test/def_front/cast_def_0_363.jpeg,def_front,0,0,def_front,0.99453235,True
/kaggle/input/datasets/ravirajsinh45/real-life-industrial-dataset-of-casting-product/casting_data/casting_data/test/def_front/cast_def_0_367.jpeg,def_front,0,1,ok_front,0.6504674,False
/kaggle/input/datasets/ravirajsinh45/real-life-industrial-dataset-of-casting-product/casting_data/casting_data/test/def_front/cast_def_0_40.jpeg,def_front,0,0,def_front,0.7783615,True
/kaggle/input/datasets/ravirajsinh45/real-life-industrial-dataset-of-casting-product/casting_data/casting_data/test/def_front/cast_def_0_411.jpeg,def_front,0,0,def_front,0.96159834,True
/kaggle/input/datasets/ravirajsinh45/real-life-industrial-dataset-of-casting-product/casting_data/casting_data/test/def_front/cast_def_0_4133.jpeg,def_front,0,1,ok_front,0.7790272,False
/kaggle/input/datasets/ravirajsinh45/real-life-industrial-dataset-of-casting-product/casting_data/casting_data/test/def_front/cast_def_0_4134.jpeg,def_front,0,0,def_front,0.9904372,True
/kaggle/input/datasets/ravirajsinh45/real-life-industrial-dataset-of-casting-product/casting_data/casting_data/test/def_front/cast_def_0_4137.jpeg,def_front,0,1,ok_front,0.8776763,False
/kaggle/input/datasets/ravirajsinh45/real-life-industrial-dataset-of-casting-product/casting_data/casting_data/test/def_front/cast_def_0_4156.jpeg,def_front,0,0,def_front,0.9739774,True
/kaggle/input/datasets/ravirajsinh45/real-life-industrial-dataset-of-casting-product/casting_data/casting_data/test/def_front/cast_def_0_4160.jpeg,def_front,0,0,def_front,0.9990528,True
/kaggle/input/datasets/ravirajsinh45/real-life-industrial-dataset-of-casting-product/casting_data/casting_data/test/def_front/cast_def_0_4164.jpeg,def_front,0,0,def_front,0.9994522,True
/kaggle/input/datasets/ravirajsinh45/real-life-industrial-dataset-of-casting-product/casting_data/casting_data/test/def_front/cast_def_0_4175.jpeg,def_front,0,0,def_front,0.99999917,True
/kaggle/input/datasets/ravirajsinh45/real-life-industrial-dataset-of-casting-product/casting_data/casting_data/test/def_front/cast_def_0_4186.jpeg,def_front,0,0,def_front,0.9996057,True
/kaggle/input/datasets/ravirajsinh45/real-life-industrial-dataset-of-casting-product/casting_data/casting_data/test/def_front/cast_def_0_4198.jpeg,def_front,0,0,def_front,0.9994993,True
/kaggle/input/datasets/ravirajsinh45/real-life-industrial-dataset-of-casting-product/casting_data/casting_data/test/def_front/cast_def_0_432.jpeg,def_front,0,0,def_front,0.9967924,True
/kaggle/input/datasets/ravirajsinh45/real-life-industrial-dataset-of-casting-product/casting_data/casting_data/test/def_front/cast_def_0_434.jpeg,def_front,0,0,def_front,0.99787354,True
/kaggle/input/datasets/ravirajsinh45/real-life-industrial-dataset-of-casting-product/casting_data/casting_data/test/def_front/cast_def_0_436.jpeg,def_front,0,0,def_front,0.9973677,True
/kaggle/input/datasets/ravirajsinh45/real-life-industrial-dataset-of-casting-product/casting_data/casting_data/test/def_front/cast_def_0_437.jpeg,def_front,0,0,def_front,0.99985826,True
/kaggle/input/datasets/ravirajsinh45/real-life-industrial-dataset-of-casting-product/casting_data/casting_data/test/def_front/cast_def_0_439.jpeg,def_front,0,0,def_front,0.8904894,True
/kaggle/input/datasets/ravirajsinh45/real-life-industrial-dataset-of-casting-product/casting_data/casting_data/test/def_front/cast_def_0_441.jpeg,def_front,0,1,ok_front,0.98844683,False
/kaggle/input/datasets/ravirajsinh45/real-life-industrial-dataset-of-casting-product/casting_data/casting_data/test/def_front/cast_def_0_442.jpeg,def_front,0,0,def_front,0.9996258,True
/kaggle/input/datasets/ravirajsinh45/real-life-industrial-dataset-of-casting-product/casting_data/casting_data/test/def_front/cast_def_0_450.jpeg,def_front,0,0,def_front,0.9999449,True
/kaggle/input/datasets/ravirajsinh45/real-life-industrial-dataset-of-casting-product/casting_data/casting_data/test/def_front/cast_def_0_455.jpeg,def_front,0,1,ok_front,0.65826756,False
/kaggle/input/datasets/ravirajsinh45/real-life-industrial-dataset-of-casting-product/casting_data/casting_data/test/def_front/cast_def_0_456.jpeg,def_front,0,0,def_front,0.99987674,True
/kaggle/input/datasets/ravirajsinh45/real-life-industrial-dataset-of-casting-product/casting_data/casting_data/test/def_front/cast_def_0_457.jpeg,def_front,0,0,def_front,0.9985245,True
/kaggle/input/datasets/ravirajsinh45/real-life-industrial-dataset-of-casting-product/casting_data/casting_data/test/def_front/cast_def_0_459.jpeg,def_front,0,0,def_front,0.9945697,True
/kaggle/input/datasets/ravirajsinh45/real-life-industrial-dataset-of-casting-product/casting_data/casting_data/test/def_front/cast_def_0_460.jpeg,def_front,0,0,def_front,0.9887344,True
/kaggle/input/datasets/ravirajsinh45/real-life-industrial-dataset-of-casting-product/casting_data/casting_data/test/def_front/cast_def_0_461.jpeg,def_front,0,1,ok_front,0.5338982,False
/kaggle/input/datasets/ravirajsinh45/real-life-industrial-dataset-of-casting-product/casting_data/casting_data/test/def_front/cast_def_0_462.jpeg,def_front,0,1,ok_front,0.9956397,False
/kaggle/input/datasets/ravirajsinh45/real-life-industrial-dataset-of-casting-product/casting_data/casting_data/test/def_front/cast_def_0_468.jpeg,def_front,0,0,def_front,0.998606,True
/kaggle/input/datasets/ravirajsinh45/real-life-industrial-dataset-of-casting-product/casting_data/casting_data/test/def_front/cast_def_0_480.jpeg,def_front,0,0,def_front,0.99263614,True
/kaggle/input/datasets/ravirajsinh45/real-life-industrial-dataset-of-casting-product/casting_data/casting_data/test/def_front/cast_def_0_483.jpeg,def_front,0,0,def_front,0.99047863,True
/kaggle/input/datasets/ravirajsinh45/real-life-industrial-dataset-of-casting-product/casting_data/casting_data/test/def_front/cast_def_0_485.jpeg,def_front,0,0,def_front,0.99774784,True
/kaggle/input/datasets/ravirajsinh45/real-life-industrial-dataset-of-casting-product/casting_data/casting_data/test/def_front/cast_def_0_486.jpeg,def_front,0,1,ok_front,0.63559777,False
/kaggle/input/datasets/ravirajsinh45/real-life-industrial-dataset-of-casting-product/casting_data/casting_data/test/def_front/cast_def_0_49.jpeg,def_front,0,0,def_front,0.96070695,True
/kaggle/input/datasets/ravirajsinh45/real-life-industrial-dataset-of-casting-product/casting_data/casting_data/test/def_front/cast_def_0_490.jpeg,def_front,0,0,def_front,0.9997943,True
/kaggle/input/datasets/ravirajsinh45/real-life-industrial-dataset-of-casting-product/casting_data/casting_data/test/def_front/cast_def_0_491.jpeg,def_front,0,0,def_front,0.99064344,True
/kaggle/input/datasets/ravirajsinh45/real-life-industrial-dataset-of-casting-product/casting_data/casting_data/test/def_front/cast_def_0_495.jpeg,def_front,0,0,def_front,1.0,True
/kaggle/input/datasets/ravirajsinh45/real-life-industrial-dataset-of-casting-product/casting_data/casting_data/test/def_front/cast_def_0_496.jpeg,def_front,0,0,def_front,0.99999845,True
/kaggle/input/datasets/ravirajsinh45/real-life-industrial-dataset-of-casting-product/casting_data/casting_data/test/def_front/cast_def_0_499.jpeg,def_front,0,0,def_front,0.9628849,True
/kaggle/input/datasets/ravirajsinh45/real-life-industrial-dataset-of-casting-product/casting_data/casting_data/test/def_front/cast_def_0_500.jpeg,def_front,0,0,def_front,0.9972179,True
/kaggle/input/datasets/ravirajsinh45/real-life-industrial-dataset-of-casting-product/casting_data/casting_data/test/def_front/cast_def_0_501.jpeg,def_front,0,0,def_front,0.9540855,True
/kaggle/input/datasets/ravirajsinh45/real-life-industrial-dataset-of-casting-product/casting_data/casting_data/test/def_front/cast_def_0_504.jpeg,def_front,0,0,def_front,0.9999914,True
/kaggle/input/datasets/ravirajsinh45/real-life-industrial-dataset-of-casting-product/casting_data/casting_data/test/def_front/cast_def_0_505.jpeg,def_front,0,0,def_front,0.99300885,True
/kaggle/input/datasets/ravirajsinh45/real-life-industrial-dataset-of-casting-product/casting_data/casting_data/test/def_front/cast_def_0_506.jpeg,def_front,0,0,def_front,0.898225,True
/kaggle/input/datasets/ravirajsinh45/real-life-industrial-dataset-of-casting-product/casting_data/casting_data/test/def_front/cast_def_0_507.jpeg,def_front,0,0,def_front,0.99999976,True
/kaggle/input/datasets/ravirajsinh45/real-life-industrial-dataset-of-casting-product/casting_data/casting_data/test/def_front/cast_def_0_514.jpeg,def_front,0,0,def_front,1.0,True
/kaggle/input/datasets/ravirajsinh45/real-life-industrial-dataset-of-casting-product/casting_data/casting_data/test/def_front/cast_def_0_515.jpeg,def_front,0,0,def_front,0.9998584,True
/kaggle/input/datasets/ravirajsinh45/real-life-industrial-dataset-of-casting-product/casting_data/casting_data/test/def_front/cast_def_0_519.jpeg,def_front,0,0,def_front,0.9999995,True
/kaggle/input/datasets/ravirajsinh45/real-life-industrial-dataset-of-casting-product/casting_data/casting_data/test/def_front/cast_def_0_520.jpeg,def_front,0,0,def_front,0.99567103,True
/kaggle/input/datasets/ravirajsinh45/real-life-industrial-dataset-of-casting-product/casting_data/casting_data/test/def_front/cast_def_0_5251.jpeg,def_front,0,0,def_front,0.9999763,True
/kaggle/input/datasets/ravirajsinh45/real-life-industrial-dataset-of-casting-product/casting_data/casting_data/test/def_front/cast_def_0_5289.jpeg,def_front,0,0,def_front,0.99619484,True
/kaggle/input/datasets/ravirajsinh45/real-life-industrial-dataset-of-casting-product/casting_data/casting_data/test/def_front/cast_def_0_5297.jpeg,def_front,0,0,def_front,0.9981583,True
/kaggle/input/datasets/ravirajsinh45/real-life-industrial-dataset-of-casting-product/casting_data/casting_data/test/def_front/cast_def_0_5302.jpeg,def_front,0,0,def_front,0.99999905,True
/kaggle/input/datasets/ravirajsinh45/real-life-industrial-dataset-of-casting-product/casting_data/casting_data/test/def_front/cast_def_0_531.jpeg,def_front,0,0,def_front,0.7738066,True
/kaggle/input/datasets/ravirajsinh45/real-life-industrial-dataset-of-casting-product/casting_data/casting_data/test/def_front/cast_def_0_532.jpeg,def_front,0,0,def_front,0.99882394,True
/kaggle/input/datasets/ravirajsinh45/real-life-industrial-dataset-of-casting-product/casting_data/casting_data/test/def_front/cast_def_0_534.jpeg,def_front,0,0,def_front,0.9992187,True
/kaggle/input/datasets/ravirajsinh45/real-life-industrial-dataset-of-casting-product/casting_data/casting_data/test/def_front/cast_def_0_535.jpeg,def_front,0,0,def_front,0.9828972,True
/kaggle/input/datasets/ravirajsinh45/real-life-industrial-dataset-of-casting-product/casting_data/casting_data/test/def_front/cast_def_0_536.jpeg,def_front,0,0,def_front,0.9999285,True
/kaggle/input/datasets/ravirajsinh45/real-life-industrial-dataset-of-casting-product/casting_data/casting_data/test/def_front/cast_def_0_537.jpeg,def_front,0,0,def_front,0.9982565,True
/kaggle/input/datasets/ravirajsinh45/real-life-industrial-dataset-of-casting-product/casting_data/casting_data/test/def_front/cast_def_0_538.jpeg,def_front,0,0,def_front,1.0,True
/kaggle/input/datasets/ravirajsinh45/real-life-industrial-dataset-of-casting-product/casting_data/casting_data/test/def_front/cast_def_0_549.jpeg,def_front,0,0,def_front,0.98928076,True
/kaggle/input/datasets/ravirajsinh45/real-life-industrial-dataset-of-casting-product/casting_data/casting_data/test/def_front/cast_def_0_551.jpeg,def_front,0,0,def_front,0.9999645,True
/kaggle/input/datasets/ravirajsinh45/real-life-industrial-dataset-of-casting-product/casting_data/casting_data/test/def_front/cast_def_0_552.jpeg,def_front,0,1,ok_front,0.5083697,False
/kaggle/input/datasets/ravirajsinh45/real-life-industrial-dataset-of-casting-product/casting_data/casting_data/test/def_front/cast_def_0_555.jpeg,def_front,0,1,ok_front,0.85129803,False
/kaggle/input/datasets/ravirajsinh45/real-life-industrial-dataset-of-casting-product/casting_data/casting_data/test/def_front/cast_def_0_558.jpeg,def_front,0,0,def_front,0.9732774,True
/kaggle/input/datasets/ravirajsinh45/real-life-industrial-dataset-of-casting-product/casting_data/casting_data/test/def_front/cast_def_0_560.jpeg,def_front,0,0,def_front,1.0,True
/kaggle/input/datasets/ravirajsinh45/real-life-industrial-dataset-of-casting-product/casting_data/casting_data/test/def_front/cast_def_0_564.jpeg,def_front,0,1,ok_front,0.6509148,False
/kaggle/input/datasets/ravirajsinh45/real-life-industrial-dataset-of-casting-product/casting_data/casting_data/test/def_front/cast_def_0_586.jpeg,def_front,0,0,def_front,0.83628803,True
/kaggle/input/datasets/ravirajsinh45/real-life-industrial-dataset-of-casting-product/casting_data/casting_data/test/def_front/cast_def_0_588.jpeg,def_front,0,0,def_front,0.9997874,True
/kaggle/input/datasets/ravirajsinh45/real-life-industrial-dataset-of-casting-product/casting_data/casting_data/test/def_front/cast_def_0_589.jpeg,def_front,0,0,def_front,1.0,True
/kaggle/input/datasets/ravirajsinh45/real-life-industrial-dataset-of-casting-product/casting_data/casting_data/test/def_front/cast_def_0_590.jpeg,def_front,0,0,def_front,0.9984434,True
/kaggle/input/datasets/ravirajsinh45/real-life-industrial-dataset-of-casting-product/casting_data/casting_data/test/def_front/cast_def_0_591.jpeg,def_front,0,0,def_front,0.9888993,True
/kaggle/input/datasets/ravirajsinh45/real-life-industrial-dataset-of-casting-product/casting_data/casting_data/test/def_front/cast_def_0_592.jpeg,def_front,0,1,ok_front,0.545705,False
/kaggle/input/datasets/ravirajsinh45/real-life-industrial-dataset-of-casting-product/casting_data/casting_data/test/def_front/cast_def_0_594.jpeg,def_front,0,0,def_front,0.99989593,True
/kaggle/input/datasets/ravirajsinh45/real-life-industrial-dataset-of-casting-product/casting_data/casting_data/test/def_front/cast_def_0_61.jpeg,def_front,0,0,def_front,0.9977952,True
/kaggle/input/datasets/ravirajsinh45/real-life-industrial-dataset-of-casting-product/casting_data/casting_data/test/def_front/cast_def_0_616.jpeg,def_front,0,0,def_front,0.8630597,True
/kaggle/input/datasets/ravirajsinh45/real-life-industrial-dataset-of-casting-product/casting_data/casting_data/test/def_front/cast_def_0_617.jpeg,def_front,0,1,ok_front,0.783496,False
/kaggle/input/datasets/ravirajsinh45/real-life-industrial-dataset-of-casting-product/casting_data/casting_data/test/def_front/cast_def_0_618.jpeg,def_front,0,0,def_front,0.99809664,True
/kaggle/input/datasets/ravirajsinh45/real-life-industrial-dataset-of-casting-product/casting_data/casting_data/test/def_front/cast_def_0_619.jpeg,def_front,0,0,def_front,0.86851555,True
/kaggle/input/datasets/ravirajsinh45/real-life-industrial-dataset-of-casting-product/casting_data/casting_data/test/def_front/cast_def_0_620.jpeg,def_front,0,0,def_front,0.999721,True
/kaggle/input/datasets/ravirajsinh45/real-life-industrial-dataset-of-casting-product/casting_data/casting_data/test/def_front/cast_def_0_621.jpeg,def_front,0,0,def_front,0.99866426,True
/kaggle/input/datasets/ravirajsinh45/real-life-industrial-dataset-of-casting-product/casting_data/casting_data/test/def_front/cast_def_0_629.jpeg,def_front,0,0,def_front,0.999846,True
/kaggle/input/datasets/ravirajsinh45/real-life-industrial-dataset-of-casting-product/casting_data/casting_data/test/def_front/cast_def_0_641.jpeg,def_front,0,0,def_front,0.99999905,True
/kaggle/input/datasets/ravirajsinh45/real-life-industrial-dataset-of-casting-product/casting_data/casting_data/test/def_front/cast_def_0_642.jpeg,def_front,0,0,def_front,0.9998242,True
/kaggle/input/datasets/ravirajsinh45/real-life-industrial-dataset-of-casting-product/casting_data/casting_data/test/def_front/cast_def_0_643.jpeg,def_front,0,0,def_front,0.9432098,True
/kaggle/input/datasets/ravirajsinh45/real-life-industrial-dataset-of-casting-product/casting_data/casting_data/test/def_front/cast_def_0_645.jpeg,def_front,0,0,def_front,0.9999088,True
/kaggle/input/datasets/ravirajsinh45/real-life-industrial-dataset-of-casting-product/casting_data/casting_data/test/def_front/cast_def_0_646.jpeg,def_front,0,0,def_front,0.9999995,True
/kaggle/input/datasets/ravirajsinh45/real-life-industrial-dataset-of-casting-product/casting_data/casting_data/test/def_front/cast_def_0_647.jpeg,def_front,0,0,def_front,0.9994343,True
/kaggle/input/datasets/ravirajsinh45/real-life-industrial-dataset-of-casting-product/casting_data/casting_data/test/def_front/cast_def_0_648.jpeg,def_front,0,0,def_front,0.9999919,True
/kaggle/input/datasets/ravirajsinh45/real-life-industrial-dataset-of-casting-product/casting_data/casting_data/test/def_front/cast_def_0_65.jpeg,def_front,0,1,ok_front,0.62356573,False
/kaggle/input/datasets/ravirajsinh45/real-life-industrial-dataset-of-casting-product/casting_data/casting_data/test/def_front/cast_def_0_656.jpeg,def_front,0,0,def_front,0.98746127,True
/kaggle/input/datasets/ravirajsinh45/real-life-industrial-dataset-of-casting-product/casting_data/casting_data/test/def_front/cast_def_0_659.jpeg,def_front,0,0,def_front,0.9984699,True
/kaggle/input/datasets/ravirajsinh45/real-life-industrial-dataset-of-casting-product/casting_data/casting_data/test/def_front/cast_def_0_661.jpeg,def_front,0,0,def_front,1.0,True
/kaggle/input/datasets/ravirajsinh45/real-life-industrial-dataset-of-casting-product/casting_data/casting_data/test/def_front/cast_def_0_662.jpeg,def_front,0,0,def_front,0.9997937,True
/kaggle/input/datasets/ravirajsinh45/real-life-industrial-dataset-of-casting-product/casting_data/casting_data/test/def_front/cast_def_0_663.jpeg,def_front,0,0,def_front,0.99880266,True
/kaggle/input/datasets/ravirajsinh45/real-life-industrial-dataset-of-casting-product/casting_data/casting_data/test/def_front/cast_def_0_666.jpeg,def_front,0,0,def_front,0.999967,True
/kaggle/input/datasets/ravirajsinh45/real-life-industrial-dataset-of-casting-product/casting_data/casting_data/test/def_front/cast_def_0_669.jpeg,def_front,0,0,def_front,0.99927574,True
/kaggle/input/datasets/ravirajsinh45/real-life-industrial-dataset-of-casting-product/casting_data/casting_data/test/def_front/cast_def_0_67.jpeg,def_front,0,0,def_front,0.99705637,True
/kaggle/input/datasets/ravirajsinh45/real-life-industrial-dataset-of-casting-product/casting_data/casting_data/test/def_front/cast_def_0_7.jpeg,def_front,0,0,def_front,1.0,True
/kaggle/input/datasets/ravirajsinh45/real-life-industrial-dataset-of-casting-product/casting_data/casting_data/test/def_front/cast_def_0_703.jpeg,def_front,0,0,def_front,0.743326,True
/kaggle/input/datasets/ravirajsinh45/real-life-industrial-dataset-of-casting-product/casting_data/casting_data/test/def_front/cast_def_0_708.jpeg,def_front,0,0,def_front,0.9988279,True
/kaggle/input/datasets/ravirajsinh45/real-life-industrial-dataset-of-casting-product/casting_data/casting_data/test/def_front/cast_def_0_715.jpeg,def_front,0,0,def_front,0.94463795,True
/kaggle/input/datasets/ravirajsinh45/real-life-industrial-dataset-of-casting-product/casting_data/casting_data/test/def_front/cast_def_0_717.jpeg,def_front,0,0,def_front,0.99696034,True
/kaggle/input/datasets/ravirajsinh45/real-life-industrial-dataset-of-casting-product/casting_data/casting_data/test/def_front/cast_def_0_7241.jpeg,def_front,0,0,def_front,0.99766254,True
/kaggle/input/datasets/ravirajsinh45/real-life-industrial-dataset-of-casting-product/casting_data/casting_data/test/def_front/cast_def_0_7271.jpeg,def_front,0,0,def_front,0.9999579,True
/kaggle/input/datasets/ravirajsinh45/real-life-industrial-dataset-of-casting-product/casting_data/casting_data/test/def_front/cast_def_0_732.jpeg,def_front,0,0,def_front,0.9771375,True
/kaggle/input/datasets/ravirajsinh45/real-life-industrial-dataset-of-casting-product/casting_data/casting_data/test/def_front/cast_def_0_7442.jpeg,def_front,0,0,def_front,0.70083916,True
/kaggle/input/datasets/ravirajsinh45/real-life-industrial-dataset-of-casting-product/casting_data/casting_data/test/def_front/cast_def_0_7454.jpeg,def_front,0,0,def_front,0.999985,True
/kaggle/input/datasets/ravirajsinh45/real-life-industrial-dataset-of-casting-product/casting_data/casting_data/test/def_front/cast_def_0_7468.jpeg,def_front,0,0,def_front,0.9968219,True
/kaggle/input/datasets/ravirajsinh45/real-life-industrial-dataset-of-casting-product/casting_data/casting_data/test/def_front/cast_def_0_7481.jpeg,def_front,0,0,def_front,0.9760266,True
/kaggle/input/datasets/ravirajsinh45/real-life-industrial-dataset-of-casting-product/casting_data/casting_data/test/def_front/cast_def_0_7596.jpeg,def_front,0,0,def_front,0.95239776,True
/kaggle/input/datasets/ravirajsinh45/real-life-industrial-dataset-of-casting-product/casting_data/casting_data/test/def_front/cast_def_0_7653.jpeg,def_front,0,1,ok_front,0.63536316,False
/kaggle/input/datasets/ravirajsinh45/real-life-industrial-dataset-of-casting-product/casting_data/casting_data/test/def_front/cast_def_0_7659.jpeg,def_front,0,0,def_front,0.9999951,True
/kaggle/input/datasets/ravirajsinh45/real-life-industrial-dataset-of-casting-product/casting_data/casting_data/test/def_front/cast_def_0_811.jpeg,def_front,0,0,def_front,0.96880966,True
/kaggle/input/datasets/ravirajsinh45/real-life-industrial-dataset-of-casting-product/casting_data/casting_data/test/def_front/cast_def_0_829.jpeg,def_front,0,0,def_front,0.9956417,True
/kaggle/input/datasets/ravirajsinh45/real-life-industrial-dataset-of-casting-product/casting_data/casting_data/test/def_front/cast_def_0_831.jpeg,def_front,0,0,def_front,0.998451,True
/kaggle/input/datasets/ravirajsinh45/real-life-industrial-dataset-of-casting-product/casting_data/casting_data/test/def_front/cast_def_0_849.jpeg,def_front,0,0,def_front,0.9982161,True
/kaggle/input/datasets/ravirajsinh45/real-life-industrial-dataset-of-casting-product/casting_data/casting_data/test/def_front/cast_def_0_85.jpeg,def_front,0,1,ok_front,0.7269857,False
/kaggle/input/datasets/ravirajsinh45/real-life-industrial-dataset-of-casting-product/casting_data/casting_data/test/def_front/cast_def_0_87.jpeg,def_front,0,0,def_front,1.0,True
/kaggle/input/datasets/ravirajsinh45/real-life-industrial-dataset-of-casting-product/casting_data/casting_data/test/def_front/cast_def_0_88.jpeg,def_front,0,0,def_front,0.9999676,True
/kaggle/input/datasets/ravirajsinh45/real-life-industrial-dataset-of-casting-product/casting_data/casting_data/test/def_front/cast_def_0_9270.jpeg,def_front,0,0,def_front,0.9997632,True
/kaggle/input/datasets/ravirajsinh45/real-life-industrial-dataset-of-casting-product/casting_data/casting_data/test/def_front/cast_def_0_939.jpeg,def_front,0,1,ok_front,0.5375987,False
/kaggle/input/datasets/ravirajsinh45/real-life-industrial-dataset-of-casting-product/casting_data/casting_data/test/def_front/cast_def_0_9747.jpeg,def_front,0,0,def_front,0.9973802,True
/kaggle/input/datasets/ravirajsinh45/real-life-industrial-dataset-of-casting-product/casting_data/casting_data/test/def_front/cast_def_0_9751.jpeg,def_front,0,0,def_front,0.99969554,True
/kaggle/input/datasets/ravirajsinh45/real-life-industrial-dataset-of-casting-product/casting_data/casting_data/test/def_front/cast_def_0_9758.jpeg,def_front,0,0,def_front,0.8992944,True
/kaggle/input/datasets/ravirajsinh45/real-life-industrial-dataset-of-casting-product/casting_data/casting_data/test/def_front/cast_def_0_983.jpeg,def_front,0,0,def_front,0.944083,True
/kaggle/input/datasets/ravirajsinh45/real-life-industrial-dataset-of-casting-product/casting_data/casting_data/test/def_front/cast_def_0_9921.jpeg,def_front,0,0,def_front,0.9997466,True
/kaggle/input/datasets/ravirajsinh45/real-life-industrial-dataset-of-casting-product/casting_data/casting_data/test/def_front/cast_def_0_9925.jpeg,def_front,0,0,def_front,0.99953604,True
/kaggle/input/datasets/ravirajsinh45/real-life-industrial-dataset-of-casting-product/casting_data/casting_data/test/def_front/cast_def_0_9927.jpeg,def_front,0,0,def_front,0.8893907,True
/kaggle/input/datasets/ravirajsinh45/real-life-industrial-dataset-of-casting-product/casting_data/casting_data/test/def_front/cast_def_0_9960.jpeg,def_front,0,0,def_front,0.9446701,True
/kaggle/input/datasets/ravirajsinh45/real-life-industrial-dataset-of-casting-product/casting_data/casting_data/test/def_front/cast_def_0_9969.jpeg,def_front,0,0,def_front,0.99710196,True
/kaggle/input/datasets/ravirajsinh45/real-life-industrial-dataset-of-casting-product/casting_data/casting_data/test/def_front/cast_def_0_9991.jpeg,def_front,0,1,ok_front,0.6216146,False
/kaggle/input/datasets/ravirajsinh45/real-life-industrial-dataset-of-casting-product/casting_data/casting_data/test/def_front/new__0_1339.jpeg,def_front,0,1,ok_front,0.99896646,False
/kaggle/input/datasets/ravirajsinh45/real-life-industrial-dataset-of-casting-product/casting_data/casting_data/test/def_front/new__0_1353.jpeg,def_front,0,1,ok_front,0.9986066,False
/kaggle/input/datasets/ravirajsinh45/real-life-industrial-dataset-of-casting-product/casting_data/casting_data/test/def_front/new__0_1385.jpeg,def_front,0,1,ok_front,0.9950228,False
/kaggle/input/datasets/ravirajsinh45/real-life-industrial-dataset-of-casting-product/casting_data/casting_data/test/def_front/new__0_1664.jpeg,def_front,0,1,ok_front,0.9999436,False
/kaggle/input/datasets/ravirajsinh45/real-life-industrial-dataset-of-casting-product/casting_data/casting_data/test/def_front/new__0_1780.jpeg,def_front,0,1,ok_front,0.9970561,False
/kaggle/input/datasets/ravirajsinh45/real-life-industrial-dataset-of-casting-product/casting_data/casting_data/test/def_front/new__0_2055.jpeg,def_front,0,1,ok_front,0.9933522,False
/kaggle/input/datasets/ravirajsinh45/real-life-industrial-dataset-of-casting-product/casting_data/casting_data/test/def_front/new__0_2091.jpeg,def_front,0,1,ok_front,0.99831164,False
/kaggle/input/datasets/ravirajsinh45/real-life-industrial-dataset-of-casting-product/casting_data/casting_data/test/def_front/new__0_2306.jpeg,def_front,0,1,ok_front,0.8560351,False
/kaggle/input/datasets/ravirajsinh45/real-life-industrial-dataset-of-casting-product/casting_data/casting_data/test/def_front/new__0_2783.jpeg,def_front,0,1,ok_front,0.99999917,False
/kaggle/input/datasets/ravirajsinh45/real-life-industrial-dataset-of-casting-product/casting_data/casting_data/test/def_front/new__0_3255.jpeg,def_front,0,1,ok_front,0.9954978,False
/kaggle/input/datasets/ravirajsinh45/real-life-industrial-dataset-of-casting-product/casting_data/casting_data/test/def_front/new__0_3299.jpeg,def_front,0,1,ok_front,0.99990034,False
/kaggle/input/datasets/ravirajsinh45/real-life-industrial-dataset-of-casting-product/casting_data/casting_data/test/def_front/new__0_3476.jpeg,def_front,0,1,ok_front,0.8628357,False
/kaggle/input/datasets/ravirajsinh45/real-life-industrial-dataset-of-casting-product/casting_data/casting_data/test/def_front/new__0_3539.jpeg,def_front,0,1,ok_front,0.9962567,False
/kaggle/input/datasets/ravirajsinh45/real-life-industrial-dataset-of-casting-product/casting_data/casting_data/test/def_front/new__0_3645.jpeg,def_front,0,1,ok_front,0.9999207,False
/kaggle/input/datasets/ravirajsinh45/real-life-industrial-dataset-of-casting-product/casting_data/casting_data/test/def_front/new__0_3963.jpeg,def_front,0,1,ok_front,0.99838865,False
/kaggle/input/datasets/ravirajsinh45/real-life-industrial-dataset-of-casting-product/casting_data/casting_data/test/def_front/new__0_3973.jpeg,def_front,0,1,ok_front,0.9966221,False
/kaggle/input/datasets/ravirajsinh45/real-life-industrial-dataset-of-casting-product/casting_data/casting_data/test/def_front/new__0_4483.jpeg,def_front,0,1,ok_front,0.81546956,False
/kaggle/input/datasets/ravirajsinh45/real-life-industrial-dataset-of-casting-product/casting_data/casting_data/test/def_front/new__0_4505.jpeg,def_front,0,1,ok_front,0.9988972,False
/kaggle/input/datasets/ravirajsinh45/real-life-industrial-dataset-of-casting-product/casting_data/casting_data/test/def_front/new__0_4633.jpeg,def_front,0,1,ok_front,0.55951315,False
/kaggle/input/datasets/ravirajsinh45/real-life-industrial-dataset-of-casting-product/casting_data/casting_data/test/def_front/new__0_5164.jpeg,def_front,0,1,ok_front,0.99619424,False
/kaggle/input/datasets/ravirajsinh45/real-life-industrial-dataset-of-casting-product/casting_data/casting_data/test/def_front/new__0_5223.jpeg,def_front,0,1,ok_front,0.58894295,False
/kaggle/input/datasets/ravirajsinh45/real-life-industrial-dataset-of-casting-product/casting_data/casting_data/test/def_front/new__0_5231.jpeg,def_front,0,1,ok_front,0.99554414,False
/kaggle/input/datasets/ravirajsinh45/real-life-industrial-dataset-of-casting-product/casting_data/casting_data/test/def_front/new__0_6223.jpeg,def_front,0,1,ok_front,0.9964903,False
/kaggle/input/datasets/ravirajsinh45/real-life-industrial-dataset-of-casting-product/casting_data/casting_data/test/def_front/new__0_6287.jpeg,def_front,0,1,ok_front,0.99892396,False
/kaggle/input/datasets/ravirajsinh45/real-life-industrial-dataset-of-casting-product/casting_data/casting_data/test/def_front/new__0_6459.jpeg,def_front,0,1,ok_front,0.99481094,False
/kaggle/input/datasets/ravirajsinh45/real-life-industrial-dataset-of-casting-product/casting_data/casting_data/test/def_front/new__0_6647.jpeg,def_front,0,1,ok_front,0.9990048,False
/kaggle/input/datasets/ravirajsinh45/real-life-industrial-dataset-of-casting-product/casting_data/casting_data/test/def_front/new__0_6708.jpeg,def_front,0,1,ok_front,0.99999905,False
/kaggle/input/datasets/ravirajsinh45/real-life-industrial-dataset-of-casting-product/casting_data/casting_data/test/def_front/new__0_7229.jpeg,def_front,0,0,def_front,0.9452023,True
/kaggle/input/datasets/ravirajsinh45/real-life-industrial-dataset-of-casting-product/casting_data/casting_data/test/def_front/new__0_7323.jpeg,def_front,0,1,ok_front,0.8267875,False
/kaggle/input/datasets/ravirajsinh45/real-life-industrial-dataset-of-casting-product/casting_data/casting_data/test/def_front/new__0_7515.jpeg,def_front,0,1,ok_front,0.99891293,False
/kaggle/input/datasets/ravirajsinh45/real-life-industrial-dataset-of-casting-product/casting_data/casting_data/test/def_front/new__0_8133.jpeg,def_front,0,1,ok_front,0.9998845,False
/kaggle/input/datasets/ravirajsinh45/real-life-industrial-dataset-of-casting-product/casting_data/casting_data/test/def_front/new__0_8159.jpeg,def_front,0,1,ok_front,0.81550443,False
/kaggle/input/datasets/ravirajsinh45/real-life-industrial-dataset-of-casting-product/casting_data/casting_data/test/def_front/new__0_8634.jpeg,def_front,0,1,ok_front,0.9986959,False
/kaggle/input/datasets/ravirajsinh45/real-life-industrial-dataset-of-casting-product/casting_data/casting_data/test/def_front/new__0_8737.jpeg,def_front,0,1,ok_front,0.9992774,False
/kaggle/input/datasets/ravirajsinh45/real-life-industrial-dataset-of-casting-product/casting_data/casting_data/test/def_front/new__0_9014.jpeg,def_front,0,1,ok_front,0.9997427,False
/kaggle/input/datasets/ravirajsinh45/real-life-industrial-dataset-of-casting-product/casting_data/casting_data/test/def_front/new__0_9248.jpeg,def_front,0,1,ok_front,0.99719363,False
/kaggle/input/datasets/ravirajsinh45/real-life-industrial-dataset-of-casting-product/casting_data/casting_data/test/def_front/new__0_9334.jpeg,def_front,0,1,ok_front,0.91428274,False
/kaggle/input/datasets/ravirajsinh45/real-life-industrial-dataset-of-casting-product/casting_data/casting_data/test/ok_front/cast_ok_0_10.jpeg,ok_front,1,1,ok_front,0.9315562,True
/kaggle/input/datasets/ravirajsinh45/real-life-industrial-dataset-of-casting-product/casting_data/casting_data/test/ok_front/cast_ok_0_1001.jpeg,ok_front,1,1,ok_front,0.9873685,True
/kaggle/input/datasets/ravirajsinh45/real-life-industrial-dataset-of-casting-product/casting_data/casting_data/test/ok_front/cast_ok_0_1002.jpeg,ok_front,1,1,ok_front,0.99514633,True
/kaggle/input/datasets/ravirajsinh45/real-life-industrial-dataset-of-casting-product/casting_data/casting_data/test/ok_front/cast_ok_0_1003.jpeg,ok_front,1,1,ok_front,0.98449564,True
/kaggle/input/datasets/ravirajsinh45/real-life-industrial-dataset-of-casting-product/casting_data/casting_data/test/ok_front/cast_ok_0_1019.jpeg,ok_front,1,1,ok_front,0.99301916,True
/kaggle/input/datasets/ravirajsinh45/real-life-industrial-dataset-of-casting-product/casting_data/casting_data/test/ok_front/cast_ok_0_1020.jpeg,ok_front,1,1,ok_front,0.97276807,True
/kaggle/input/datasets/ravirajsinh45/real-life-industrial-dataset-of-casting-product/casting_data/casting_data/test/ok_front/cast_ok_0_1021.jpeg,ok_front,1,1,ok_front,0.9991314,True
/kaggle/input/datasets/ravirajsinh45/real-life-industrial-dataset-of-casting-product/casting_data/casting_data/test/ok_front/cast_ok_0_1022.jpeg,ok_front,1,1,ok_front,0.99083006,True
/kaggle/input/datasets/ravirajsinh45/real-life-industrial-dataset-of-casting-product/casting_data/casting_data/test/ok_front/cast_ok_0_1026.jpeg,ok_front,1,1,ok_front,0.99110645,True
/kaggle/input/datasets/ravirajsinh45/real-life-industrial-dataset-of-casting-product/casting_data/casting_data/test/ok_front/cast_ok_0_1028.jpeg,ok_front,1,1,ok_front,0.93888974,True
/kaggle/input/datasets/ravirajsinh45/real-life-industrial-dataset-of-casting-product/casting_data/casting_data/test/ok_front/cast_ok_0_1031.jpeg,ok_front,1,1,ok_front,0.98889554,True
/kaggle/input/datasets/ravirajsinh45/real-life-industrial-dataset-of-casting-product/casting_data/casting_data/test/ok_front/cast_ok_0_1040.jpeg,ok_front,1,1,ok_front,0.98535836,True
/kaggle/input/datasets/ravirajsinh45/real-life-industrial-dataset-of-casting-product/casting_data/casting_data/test/ok_front/cast_ok_0_1066.jpeg,ok_front,1,1,ok_front,0.9963013,True
/kaggle/input/datasets/ravirajsinh45/real-life-industrial-dataset-of-casting-product/casting_data/casting_data/test/ok_front/cast_ok_0_1069.jpeg,ok_front,1,1,ok_front,0.9606027,True
/kaggle/input/datasets/ravirajsinh45/real-life-industrial-dataset-of-casting-product/casting_data/casting_data/test/ok_front/cast_ok_0_1077.jpeg,ok_front,1,1,ok_front,0.99880993,True
/kaggle/input/datasets/ravirajsinh45/real-life-industrial-dataset-of-casting-product/casting_data/casting_data/test/ok_front/cast_ok_0_1088.jpeg,ok_front,1,1,ok_front,0.99812895,True
/kaggle/input/datasets/ravirajsinh45/real-life-industrial-dataset-of-casting-product/casting_data/casting_data/test/ok_front/cast_ok_0_1092.jpeg,ok_front,1,1,ok_front,0.9926891,True
/kaggle/input/datasets/ravirajsinh45/real-life-industrial-dataset-of-casting-product/casting_data/casting_data/test/ok_front/cast_ok_0_1093.jpeg,ok_front,1,1,ok_front,0.99725395,True
/kaggle/input/datasets/ravirajsinh45/real-life-industrial-dataset-of-casting-product/casting_data/casting_data/test/ok_front/cast_ok_0_1095.jpeg,ok_front,1,1,ok_front,0.99946624,True
/kaggle/input/datasets/ravirajsinh45/real-life-industrial-dataset-of-casting-product/casting_data/casting_data/test/ok_front/cast_ok_0_1096.jpeg,ok_front,1,1,ok_front,0.9954847,True
/kaggle/input/datasets/ravirajsinh45/real-life-industrial-dataset-of-casting-product/casting_data/casting_data/test/ok_front/cast_ok_0_1120.jpeg,ok_front,1,1,ok_front,0.9979639,True
/kaggle/input/datasets/ravirajsinh45/real-life-industrial-dataset-of-casting-product/casting_data/casting_data/test/ok_front/cast_ok_0_1121.jpeg,ok_front,1,1,ok_front,0.9910926,True
/kaggle/input/datasets/ravirajsinh45/real-life-industrial-dataset-of-casting-product/casting_data/casting_data/test/ok_front/cast_ok_0_1127.jpeg,ok_front,1,1,ok_front,0.99556595,True
/kaggle/input/datasets/ravirajsinh45/real-life-industrial-dataset-of-casting-product/casting_data/casting_data/test/ok_front/cast_ok_0_1132.jpeg,ok_front,1,1,ok_front,0.9999801,True
/kaggle/input/datasets/ravirajsinh45/real-life-industrial-dataset-of-casting-product/casting_data/casting_data/test/ok_front/cast_ok_0_1134.jpeg,ok_front,1,1,ok_front,0.99579537,True
/kaggle/input/datasets/ravirajsinh45/real-life-industrial-dataset-of-casting-product/casting_data/casting_data/test/ok_front/cast_ok_0_1137.jpeg,ok_front,1,1,ok_front,0.9995968,True
/kaggle/input/datasets/ravirajsinh45/real-life-industrial-dataset-of-casting-product/casting_data/casting_data/test/ok_front/cast_ok_0_1140.jpeg,ok_front,1,1,ok_front,0.9716632,True
/kaggle/input/datasets/ravirajsinh45/real-life-industrial-dataset-of-casting-product/casting_data/casting_data/test/ok_front/cast_ok_0_1141.jpeg,ok_front,1,1,ok_front,0.94056576,True
/kaggle/input/datasets/ravirajsinh45/real-life-industrial-dataset-of-casting-product/casting_data/casting_data/test/ok_front/cast_ok_0_1144.jpeg,ok_front,1,1,ok_front,0.99801683,True
/kaggle/input/datasets/ravirajsinh45/real-life-industrial-dataset-of-casting-product/casting_data/casting_data/test/ok_front/cast_ok_0_1145.jpeg,ok_front,1,1,ok_front,0.98849446,True
/kaggle/input/datasets/ravirajsinh45/real-life-industrial-dataset-of-casting-product/casting_data/casting_data/test/ok_front/cast_ok_0_1160.jpeg,ok_front,1,1,ok_front,0.9945214,True
/kaggle/input/datasets/ravirajsinh45/real-life-industrial-dataset-of-casting-product/casting_data/casting_data/test/ok_front/cast_ok_0_1165.jpeg,ok_front,1,1,ok_front,0.9983693,True
/kaggle/input/datasets/ravirajsinh45/real-life-industrial-dataset-of-casting-product/casting_data/casting_data/test/ok_front/cast_ok_0_1169.jpeg,ok_front,1,1,ok_front,0.98682505,True
/kaggle/input/datasets/ravirajsinh45/real-life-industrial-dataset-of-casting-product/casting_data/casting_data/test/ok_front/cast_ok_0_1170.jpeg,ok_front,1,1,ok_front,0.99605197,True
/kaggle/input/datasets/ravirajsinh45/real-life-industrial-dataset-of-casting-product/casting_data/casting_data/test/ok_front/cast_ok_0_1171.jpeg,ok_front,1,1,ok_front,0.9976271,True
/kaggle/input/datasets/ravirajsinh45/real-life-industrial-dataset-of-casting-product/casting_data/casting_data/test/ok_front/cast_ok_0_1172.jpeg,ok_front,1,1,ok_front,0.9910978,True
/kaggle/input/datasets/ravirajsinh45/real-life-industrial-dataset-of-casting-product/casting_data/casting_data/test/ok_front/cast_ok_0_1173.jpeg,ok_front,1,1,ok_front,0.9995235,True
/kaggle/input/datasets/ravirajsinh45/real-life-industrial-dataset-of-casting-product/casting_data/casting_data/test/ok_front/cast_ok_0_1174.jpeg,ok_front,1,1,ok_front,0.8666513,True
/kaggle/input/datasets/ravirajsinh45/real-life-industrial-dataset-of-casting-product/casting_data/casting_data/test/ok_front/cast_ok_0_1176.jpeg,ok_front,1,1,ok_front,0.99850863,True
/kaggle/input/datasets/ravirajsinh45/real-life-industrial-dataset-of-casting-product/casting_data/casting_data/test/ok_front/cast_ok_0_1180.jpeg,ok_front,1,1,ok_front,0.9654151,True
/kaggle/input/datasets/ravirajsinh45/real-life-industrial-dataset-of-casting-product/casting_data/casting_data/test/ok_front/cast_ok_0_1200.jpeg,ok_front,1,1,ok_front,0.9423992,True
/kaggle/input/datasets/ravirajsinh45/real-life-industrial-dataset-of-casting-product/casting_data/casting_data/test/ok_front/cast_ok_0_1202.jpeg,ok_front,1,1,ok_front,0.96588624,True
/kaggle/input/datasets/ravirajsinh45/real-life-industrial-dataset-of-casting-product/casting_data/casting_data/test/ok_front/cast_ok_0_1203.jpeg,ok_front,1,1,ok_front,0.9806327,True
/kaggle/input/datasets/ravirajsinh45/real-life-industrial-dataset-of-casting-product/casting_data/casting_data/test/ok_front/cast_ok_0_1207.jpeg,ok_front,1,1,ok_front,0.9696695,True
/kaggle/input/datasets/ravirajsinh45/real-life-industrial-dataset-of-casting-product/casting_data/casting_data/test/ok_front/cast_ok_0_1209.jpeg,ok_front,1,1,ok_front,0.9674644,True
/kaggle/input/datasets/ravirajsinh45/real-life-industrial-dataset-of-casting-product/casting_data/casting_data/test/ok_front/cast_ok_0_1210.jpeg,ok_front,1,1,ok_front,0.9823048,True
/kaggle/input/datasets/ravirajsinh45/real-life-industrial-dataset-of-casting-product/casting_data/casting_data/test/ok_front/cast_ok_0_1213.jpeg,ok_front,1,1,ok_front,0.99833184,True
/kaggle/input/datasets/ravirajsinh45/real-life-industrial-dataset-of-casting-product/casting_data/casting_data/test/ok_front/cast_ok_0_1218.jpeg,ok_front,1,1,ok_front,0.97403276,True
/kaggle/input/datasets/ravirajsinh45/real-life-industrial-dataset-of-casting-product/casting_data/casting_data/test/ok_front/cast_ok_0_1315.jpeg,ok_front,1,1,ok_front,0.9970233,True
/kaggle/input/datasets/ravirajsinh45/real-life-industrial-dataset-of-casting-product/casting_data/casting_data/test/ok_front/cast_ok_0_1316.jpeg,ok_front,1,1,ok_front,0.968134,True
/kaggle/input/datasets/ravirajsinh45/real-life-industrial-dataset-of-casting-product/casting_data/casting_data/test/ok_front/cast_ok_0_1318.jpeg,ok_front,1,1,ok_front,0.9873102,True
/kaggle/input/datasets/ravirajsinh45/real-life-industrial-dataset-of-casting-product/casting_data/casting_data/test/ok_front/cast_ok_0_1323.jpeg,ok_front,1,1,ok_front,0.9946498,True
/kaggle/input/datasets/ravirajsinh45/real-life-industrial-dataset-of-casting-product/casting_data/casting_data/test/ok_front/cast_ok_0_1326.jpeg,ok_front,1,1,ok_front,0.9794702,True
/kaggle/input/datasets/ravirajsinh45/real-life-industrial-dataset-of-casting-product/casting_data/casting_data/test/ok_front/cast_ok_0_1328.jpeg,ok_front,1,1,ok_front,0.99834836,True
/kaggle/input/datasets/ravirajsinh45/real-life-industrial-dataset-of-casting-product/casting_data/casting_data/test/ok_front/cast_ok_0_1331.jpeg,ok_front,1,1,ok_front,0.9310562,True
/kaggle/input/datasets/ravirajsinh45/real-life-industrial-dataset-of-casting-product/casting_data/casting_data/test/ok_front/cast_ok_0_1333.jpeg,ok_front,1,1,ok_front,0.9985904,True
/kaggle/input/datasets/ravirajsinh45/real-life-industrial-dataset-of-casting-product/casting_data/casting_data/test/ok_front/cast_ok_0_1334.jpeg,ok_front,1,1,ok_front,0.9907093,True
/kaggle/input/datasets/ravirajsinh45/real-life-industrial-dataset-of-casting-product/casting_data/casting_data/test/ok_front/cast_ok_0_1343.jpeg,ok_front,1,1,ok_front,0.9985669,True
/kaggle/input/datasets/ravirajsinh45/real-life-industrial-dataset-of-casting-product/casting_data/casting_data/test/ok_front/cast_ok_0_1347.jpeg,ok_front,1,1,ok_front,0.99769634,True
/kaggle/input/datasets/ravirajsinh45/real-life-industrial-dataset-of-casting-product/casting_data/casting_data/test/ok_front/cast_ok_0_1351.jpeg,ok_front,1,1,ok_front,0.9984952,True
/kaggle/input/datasets/ravirajsinh45/real-life-industrial-dataset-of-casting-product/casting_data/casting_data/test/ok_front/cast_ok_0_1368.jpeg,ok_front,1,1,ok_front,0.9972475,True
/kaggle/input/datasets/ravirajsinh45/real-life-industrial-dataset-of-casting-product/casting_data/casting_data/test/ok_front/cast_ok_0_1376.jpeg,ok_front,1,1,ok_front,0.99758923,True
/kaggle/input/datasets/ravirajsinh45/real-life-industrial-dataset-of-casting-product/casting_data/casting_data/test/ok_front/cast_ok_0_1381.jpeg,ok_front,1,1,ok_front,0.9978669,True
/kaggle/input/datasets/ravirajsinh45/real-life-industrial-dataset-of-casting-product/casting_data/casting_data/test/ok_front/cast_ok_0_1382.jpeg,ok_front,1,1,ok_front,0.9950223,True
/kaggle/input/datasets/ravirajsinh45/real-life-industrial-dataset-of-casting-product/casting_data/casting_data/test/ok_front/cast_ok_0_1384.jpeg,ok_front,1,1,ok_front,0.9974739,True
/kaggle/input/datasets/ravirajsinh45/real-life-industrial-dataset-of-casting-product/casting_data/casting_data/test/ok_front/cast_ok_0_1385.jpeg,ok_front,1,1,ok_front,0.9992218,True
/kaggle/input/datasets/ravirajsinh45/real-life-industrial-dataset-of-casting-product/casting_data/casting_data/test/ok_front/cast_ok_0_14.jpeg,ok_front,1,1,ok_front,0.99841714,True
/kaggle/input/datasets/ravirajsinh45/real-life-industrial-dataset-of-casting-product/casting_data/casting_data/test/ok_front/cast_ok_0_1415.jpeg,ok_front,1,1,ok_front,0.9942075,True
/kaggle/input/datasets/ravirajsinh45/real-life-industrial-dataset-of-casting-product/casting_data/casting_data/test/ok_front/cast_ok_0_1420.jpeg,ok_front,1,1,ok_front,0.9829185,True
/kaggle/input/datasets/ravirajsinh45/real-life-industrial-dataset-of-casting-product/casting_data/casting_data/test/ok_front/cast_ok_0_1421.jpeg,ok_front,1,1,ok_front,0.9977841,True
/kaggle/input/datasets/ravirajsinh45/real-life-industrial-dataset-of-casting-product/casting_data/casting_data/test/ok_front/cast_ok_0_1426.jpeg,ok_front,1,1,ok_front,0.99311227,True
/kaggle/input/datasets/ravirajsinh45/real-life-industrial-dataset-of-casting-product/casting_data/casting_data/test/ok_front/cast_ok_0_1430.jpeg,ok_front,1,1,ok_front,0.9984102,True
/kaggle/input/datasets/ravirajsinh45/real-life-industrial-dataset-of-casting-product/casting_data/casting_data/test/ok_front/cast_ok_0_1431.jpeg,ok_front,1,1,ok_front,0.99205714,True
/kaggle/input/datasets/ravirajsinh45/real-life-industrial-dataset-of-casting-product/casting_data/casting_data/test/ok_front/cast_ok_0_1438.jpeg,ok_front,1,1,ok_front,0.99740785,True
/kaggle/input/datasets/ravirajsinh45/real-life-industrial-dataset-of-casting-product/casting_data/casting_data/test/ok_front/cast_ok_0_16.jpeg,ok_front,1,1,ok_front,0.985718,True
/kaggle/input/datasets/ravirajsinh45/real-life-industrial-dataset-of-casting-product/casting_data/casting_data/test/ok_front/cast_ok_0_1865.jpeg,ok_front,1,1,ok_front,0.72415644,True
/kaggle/input/datasets/ravirajsinh45/real-life-industrial-dataset-of-casting-product/casting_data/casting_data/test/ok_front/cast_ok_0_1891.jpeg,ok_front,1,1,ok_front,0.9874663,True
/kaggle/input/datasets/ravirajsinh45/real-life-industrial-dataset-of-casting-product/casting_data/casting_data/test/ok_front/cast_ok_0_1925.jpeg,ok_front,1,1,ok_front,0.9593474,True
/kaggle/input/datasets/ravirajsinh45/real-life-industrial-dataset-of-casting-product/casting_data/casting_data/test/ok_front/cast_ok_0_1958.jpeg,ok_front,1,1,ok_front,0.9947831,True
/kaggle/input/datasets/ravirajsinh45/real-life-industrial-dataset-of-casting-product/casting_data/casting_data/test/ok_front/cast_ok_0_2012.jpeg,ok_front,1,1,ok_front,0.8169591,True
/kaggle/input/datasets/ravirajsinh45/real-life-industrial-dataset-of-casting-product/casting_data/casting_data/test/ok_front/cast_ok_0_2272.jpeg,ok_front,1,1,ok_front,0.9868155,True
/kaggle/input/datasets/ravirajsinh45/real-life-industrial-dataset-of-casting-product/casting_data/casting_data/test/ok_front/cast_ok_0_2273.jpeg,ok_front,1,1,ok_front,0.9898865,True
/kaggle/input/datasets/ravirajsinh45/real-life-industrial-dataset-of-casting-product/casting_data/casting_data/test/ok_front/cast_ok_0_2286.jpeg,ok_front,1,1,ok_front,0.85304135,True
/kaggle/input/datasets/ravirajsinh45/real-life-industrial-dataset-of-casting-product/casting_data/casting_data/test/ok_front/cast_ok_0_2291.jpeg,ok_front,1,1,ok_front,0.987575,True
/kaggle/input/datasets/ravirajsinh45/real-life-industrial-dataset-of-casting-product/casting_data/casting_data/test/ok_front/cast_ok_0_2303.jpeg,ok_front,1,1,ok_front,0.98790425,True
/kaggle/input/datasets/ravirajsinh45/real-life-industrial-dataset-of-casting-product/casting_data/casting_data/test/ok_front/cast_ok_0_2311.jpeg,ok_front,1,1,ok_front,0.7106281,True
/kaggle/input/datasets/ravirajsinh45/real-life-industrial-dataset-of-casting-product/casting_data/casting_data/test/ok_front/cast_ok_0_2330.jpeg,ok_front,1,1,ok_front,0.99467164,True
/kaggle/input/datasets/ravirajsinh45/real-life-industrial-dataset-of-casting-product/casting_data/casting_data/test/ok_front/cast_ok_0_2340.jpeg,ok_front,1,1,ok_front,0.96814525,True
/kaggle/input/datasets/ravirajsinh45/real-life-industrial-dataset-of-casting-product/casting_data/casting_data/test/ok_front/cast_ok_0_235.jpeg,ok_front,1,1,ok_front,0.99521315,True
/kaggle/input/datasets/ravirajsinh45/real-life-industrial-dataset-of-casting-product/casting_data/casting_data/test/ok_front/cast_ok_0_238.jpeg,ok_front,1,1,ok_front,0.9963314,True
/kaggle/input/datasets/ravirajsinh45/real-life-industrial-dataset-of-casting-product/casting_data/casting_data/test/ok_front/cast_ok_0_239.jpeg,ok_front,1,1,ok_front,0.9823423,True
/kaggle/input/datasets/ravirajsinh45/real-life-industrial-dataset-of-casting-product/casting_data/casting_data/test/ok_front/cast_ok_0_246.jpeg,ok_front,1,1,ok_front,0.9444548,True
/kaggle/input/datasets/ravirajsinh45/real-life-industrial-dataset-of-casting-product/casting_data/casting_data/test/ok_front/cast_ok_0_259.jpeg,ok_front,1,1,ok_front,0.9905421,True
/kaggle/input/datasets/ravirajsinh45/real-life-industrial-dataset-of-casting-product/casting_data/casting_data/test/ok_front/cast_ok_0_268.jpeg,ok_front,1,1,ok_front,0.9963314,True
/kaggle/input/datasets/ravirajsinh45/real-life-industrial-dataset-of-casting-product/casting_data/casting_data/test/ok_front/cast_ok_0_2686.jpeg,ok_front,1,1,ok_front,0.99920386,True
/kaggle/input/datasets/ravirajsinh45/real-life-industrial-dataset-of-casting-product/casting_data/casting_data/test/ok_front/cast_ok_0_2687.jpeg,ok_front,1,1,ok_front,0.99198204,True
/kaggle/input/datasets/ravirajsinh45/real-life-industrial-dataset-of-casting-product/casting_data/casting_data/test/ok_front/cast_ok_0_2694.jpeg,ok_front,1,1,ok_front,0.9987196,True
/kaggle/input/datasets/ravirajsinh45/real-life-industrial-dataset-of-casting-product/casting_data/casting_data/test/ok_front/cast_ok_0_2698.jpeg,ok_front,1,1,ok_front,0.9999521,True
/kaggle/input/datasets/ravirajsinh45/real-life-industrial-dataset-of-casting-product/casting_data/casting_data/test/ok_front/cast_ok_0_2699.jpeg,ok_front,1,1,ok_front,0.99969304,True
/kaggle/input/datasets/ravirajsinh45/real-life-industrial-dataset-of-casting-product/casting_data/casting_data/test/ok_front/cast_ok_0_2700.jpeg,ok_front,1,1,ok_front,0.9657061,True
/kaggle/input/datasets/ravirajsinh45/real-life-industrial-dataset-of-casting-product/casting_data/casting_data/test/ok_front/cast_ok_0_2707.jpeg,ok_front,1,1,ok_front,0.99896896,True
/kaggle/input/datasets/ravirajsinh45/real-life-industrial-dataset-of-casting-product/casting_data/casting_data/test/ok_front/cast_ok_0_2708.jpeg,ok_front,1,1,ok_front,0.99736005,True
/kaggle/input/datasets/ravirajsinh45/real-life-industrial-dataset-of-casting-product/casting_data/casting_data/test/ok_front/cast_ok_0_2722.jpeg,ok_front,1,1,ok_front,0.9988912,True
/kaggle/input/datasets/ravirajsinh45/real-life-industrial-dataset-of-casting-product/casting_data/casting_data/test/ok_front/cast_ok_0_2724.jpeg,ok_front,1,1,ok_front,0.99584526,True
/kaggle/input/datasets/ravirajsinh45/real-life-industrial-dataset-of-casting-product/casting_data/casting_data/test/ok_front/cast_ok_0_2726.jpeg,ok_front,1,1,ok_front,0.9942887,True
/kaggle/input/datasets/ravirajsinh45/real-life-industrial-dataset-of-casting-product/casting_data/casting_data/test/ok_front/cast_ok_0_2727.jpeg,ok_front,1,1,ok_front,0.96332955,True
/kaggle/input/datasets/ravirajsinh45/real-life-industrial-dataset-of-casting-product/casting_data/casting_data/test/ok_front/cast_ok_0_2729.jpeg,ok_front,1,1,ok_front,0.99931,True
/kaggle/input/datasets/ravirajsinh45/real-life-industrial-dataset-of-casting-product/casting_data/casting_data/test/ok_front/cast_ok_0_2730.jpeg,ok_front,1,1,ok_front,0.9995964,True
/kaggle/input/datasets/ravirajsinh45/real-life-industrial-dataset-of-casting-product/casting_data/casting_data/test/ok_front/cast_ok_0_2732.jpeg,ok_front,1,1,ok_front,0.9864811,True
/kaggle/input/datasets/ravirajsinh45/real-life-industrial-dataset-of-casting-product/casting_data/casting_data/test/ok_front/cast_ok_0_2737.jpeg,ok_front,1,1,ok_front,0.9975674,True
/kaggle/input/datasets/ravirajsinh45/real-life-industrial-dataset-of-casting-product/casting_data/casting_data/test/ok_front/cast_ok_0_2752.jpeg,ok_front,1,1,ok_front,0.9768287,True
/kaggle/input/datasets/ravirajsinh45/real-life-industrial-dataset-of-casting-product/casting_data/casting_data/test/ok_front/cast_ok_0_2754.jpeg,ok_front,1,1,ok_front,0.98259145,True
/kaggle/input/datasets/ravirajsinh45/real-life-industrial-dataset-of-casting-product/casting_data/casting_data/test/ok_front/cast_ok_0_2755.jpeg,ok_front,1,1,ok_front,0.99944204,True
/kaggle/input/datasets/ravirajsinh45/real-life-industrial-dataset-of-casting-product/casting_data/casting_data/test/ok_front/cast_ok_0_2758.jpeg,ok_front,1,1,ok_front,0.99067795,True
/kaggle/input/datasets/ravirajsinh45/real-life-industrial-dataset-of-casting-product/casting_data/casting_data/test/ok_front/cast_ok_0_2761.jpeg,ok_front,1,1,ok_front,0.9648188,True
/kaggle/input/datasets/ravirajsinh45/real-life-industrial-dataset-of-casting-product/casting_data/casting_data/test/ok_front/cast_ok_0_2765.jpeg,ok_front,1,1,ok_front,0.96563864,True
/kaggle/input/datasets/ravirajsinh45/real-life-industrial-dataset-of-casting-product/casting_data/casting_data/test/ok_front/cast_ok_0_2768.jpeg,ok_front,1,1,ok_front,0.9982316,True
/kaggle/input/datasets/ravirajsinh45/real-life-industrial-dataset-of-casting-product/casting_data/casting_data/test/ok_front/cast_ok_0_2769.jpeg,ok_front,1,1,ok_front,0.9954679,True
/kaggle/input/datasets/ravirajsinh45/real-life-industrial-dataset-of-casting-product/casting_data/casting_data/test/ok_front/cast_ok_0_2784.jpeg,ok_front,1,1,ok_front,0.87413484,True
/kaggle/input/datasets/ravirajsinh45/real-life-industrial-dataset-of-casting-product/casting_data/casting_data/test/ok_front/cast_ok_0_2786.jpeg,ok_front,1,1,ok_front,0.9887947,True
/kaggle/input/datasets/ravirajsinh45/real-life-industrial-dataset-of-casting-product/casting_data/casting_data/test/ok_front/cast_ok_0_2798.jpeg,ok_front,1,1,ok_front,0.9927133,True
/kaggle/input/datasets/ravirajsinh45/real-life-industrial-dataset-of-casting-product/casting_data/casting_data/test/ok_front/cast_ok_0_2801.jpeg,ok_front,1,1,ok_front,0.9958754,True
/kaggle/input/datasets/ravirajsinh45/real-life-industrial-dataset-of-casting-product/casting_data/casting_data/test/ok_front/cast_ok_0_2803.jpeg,ok_front,1,1,ok_front,0.9864806,True
/kaggle/input/datasets/ravirajsinh45/real-life-industrial-dataset-of-casting-product/casting_data/casting_data/test/ok_front/cast_ok_0_2805.jpeg,ok_front,1,1,ok_front,0.99733764,True
/kaggle/input/datasets/ravirajsinh45/real-life-industrial-dataset-of-casting-product/casting_data/casting_data/test/ok_front/cast_ok_0_2807.jpeg,ok_front,1,1,ok_front,0.75865597,True
/kaggle/input/datasets/ravirajsinh45/real-life-industrial-dataset-of-casting-product/casting_data/casting_data/test/ok_front/cast_ok_0_2810.jpeg,ok_front,1,1,ok_front,0.99447364,True
/kaggle/input/datasets/ravirajsinh45/real-life-industrial-dataset-of-casting-product/casting_data/casting_data/test/ok_front/cast_ok_0_2829.jpeg,ok_front,1,1,ok_front,0.99819404,True
/kaggle/input/datasets/ravirajsinh45/real-life-industrial-dataset-of-casting-product/casting_data/casting_data/test/ok_front/cast_ok_0_2831.jpeg,ok_front,1,1,ok_front,0.9999659,True
/kaggle/input/datasets/ravirajsinh45/real-life-industrial-dataset-of-casting-product/casting_data/casting_data/test/ok_front/cast_ok_0_2833.jpeg,ok_front,1,1,ok_front,0.92124367,True
/kaggle/input/datasets/ravirajsinh45/real-life-industrial-dataset-of-casting-product/casting_data/casting_data/test/ok_front/cast_ok_0_2840.jpeg,ok_front,1,1,ok_front,0.99631846,True
/kaggle/input/datasets/ravirajsinh45/real-life-industrial-dataset-of-casting-product/casting_data/casting_data/test/ok_front/cast_ok_0_2841.jpeg,ok_front,1,1,ok_front,0.99553204,True
/kaggle/input/datasets/ravirajsinh45/real-life-industrial-dataset-of-casting-product/casting_data/casting_data/test/ok_front/cast_ok_0_2844.jpeg,ok_front,1,1,ok_front,0.99822026,True
/kaggle/input/datasets/ravirajsinh45/real-life-industrial-dataset-of-casting-product/casting_data/casting_data/test/ok_front/cast_ok_0_2848.jpeg,ok_front,1,1,ok_front,0.9882719,True
/kaggle/input/datasets/ravirajsinh45/real-life-industrial-dataset-of-casting-product/casting_data/casting_data/test/ok_front/cast_ok_0_2850.jpeg,ok_front,1,1,ok_front,0.9985487,True
/kaggle/input/datasets/ravirajsinh45/real-life-industrial-dataset-of-casting-product/casting_data/casting_data/test/ok_front/cast_ok_0_2867.jpeg,ok_front,1,1,ok_front,0.9908556,True
/kaggle/input/datasets/ravirajsinh45/real-life-industrial-dataset-of-casting-product/casting_data/casting_data/test/ok_front/cast_ok_0_2868.jpeg,ok_front,1,1,ok_front,0.99643326,True
/kaggle/input/datasets/ravirajsinh45/real-life-industrial-dataset-of-casting-product/casting_data/casting_data/test/ok_front/cast_ok_0_2869.jpeg,ok_front,1,1,ok_front,0.9836727,True
/kaggle/input/datasets/ravirajsinh45/real-life-industrial-dataset-of-casting-product/casting_data/casting_data/test/ok_front/cast_ok_0_2884.jpeg,ok_front,1,0,def_front,0.6976311,False
/kaggle/input/datasets/ravirajsinh45/real-life-industrial-dataset-of-casting-product/casting_data/casting_data/test/ok_front/cast_ok_0_2885.jpeg,ok_front,1,1,ok_front,0.9868934,True
/kaggle/input/datasets/ravirajsinh45/real-life-industrial-dataset-of-casting-product/casting_data/casting_data/test/ok_front/cast_ok_0_2892.jpeg,ok_front,1,1,ok_front,0.9597228,True
/kaggle/input/datasets/ravirajsinh45/real-life-industrial-dataset-of-casting-product/casting_data/casting_data/test/ok_front/cast_ok_0_2894.jpeg,ok_front,1,1,ok_front,0.9999839,True
/kaggle/input/datasets/ravirajsinh45/real-life-industrial-dataset-of-casting-product/casting_data/casting_data/test/ok_front/cast_ok_0_2900.jpeg,ok_front,1,1,ok_front,0.9987608,True
/kaggle/input/datasets/ravirajsinh45/real-life-industrial-dataset-of-casting-product/casting_data/casting_data/test/ok_front/cast_ok_0_2911.jpeg,ok_front,1,1,ok_front,0.9662705,True
/kaggle/input/datasets/ravirajsinh45/real-life-industrial-dataset-of-casting-product/casting_data/casting_data/test/ok_front/cast_ok_0_2914.jpeg,ok_front,1,1,ok_front,0.9948738,True
/kaggle/input/datasets/ravirajsinh45/real-life-industrial-dataset-of-casting-product/casting_data/casting_data/test/ok_front/cast_ok_0_2915.jpeg,ok_front,1,1,ok_front,0.99967396,True
/kaggle/input/datasets/ravirajsinh45/real-life-industrial-dataset-of-casting-product/casting_data/casting_data/test/ok_front/cast_ok_0_2917.jpeg,ok_front,1,1,ok_front,0.9855839,True
/kaggle/input/datasets/ravirajsinh45/real-life-industrial-dataset-of-casting-product/casting_data/casting_data/test/ok_front/cast_ok_0_2926.jpeg,ok_front,1,1,ok_front,0.998885,True
/kaggle/input/datasets/ravirajsinh45/real-life-industrial-dataset-of-casting-product/casting_data/casting_data/test/ok_front/cast_ok_0_2927.jpeg,ok_front,1,1,ok_front,0.99979144,True
/kaggle/input/datasets/ravirajsinh45/real-life-industrial-dataset-of-casting-product/casting_data/casting_data/test/ok_front/cast_ok_0_2932.jpeg,ok_front,1,1,ok_front,0.9929275,True
/kaggle/input/datasets/ravirajsinh45/real-life-industrial-dataset-of-casting-product/casting_data/casting_data/test/ok_front/cast_ok_0_2935.jpeg,ok_front,1,1,ok_front,0.9828508,True
/kaggle/input/datasets/ravirajsinh45/real-life-industrial-dataset-of-casting-product/casting_data/casting_data/test/ok_front/cast_ok_0_31.jpeg,ok_front,1,1,ok_front,0.9993771,True
/kaggle/input/datasets/ravirajsinh45/real-life-industrial-dataset-of-casting-product/casting_data/casting_data/test/ok_front/cast_ok_0_3264.jpeg,ok_front,1,1,ok_front,0.99674964,True
/kaggle/input/datasets/ravirajsinh45/real-life-industrial-dataset-of-casting-product/casting_data/casting_data/test/ok_front/cast_ok_0_3278.jpeg,ok_front,1,1,ok_front,0.9514967,True
/kaggle/input/datasets/ravirajsinh45/real-life-industrial-dataset-of-casting-product/casting_data/casting_data/test/ok_front/cast_ok_0_3292.jpeg,ok_front,1,1,ok_front,0.9984534,True
/kaggle/input/datasets/ravirajsinh45/real-life-industrial-dataset-of-casting-product/casting_data/casting_data/test/ok_front/cast_ok_0_3294.jpeg,ok_front,1,1,ok_front,0.99786854,True
/kaggle/input/datasets/ravirajsinh45/real-life-industrial-dataset-of-casting-product/casting_data/casting_data/test/ok_front/cast_ok_0_4475.jpeg,ok_front,1,1,ok_front,0.9969394,True
/kaggle/input/datasets/ravirajsinh45/real-life-industrial-dataset-of-casting-product/casting_data/casting_data/test/ok_front/cast_ok_0_4476.jpeg,ok_front,1,1,ok_front,0.98763824,True
/kaggle/input/datasets/ravirajsinh45/real-life-industrial-dataset-of-casting-product/casting_data/casting_data/test/ok_front/cast_ok_0_4497.jpeg,ok_front,1,1,ok_front,0.9352786,True
/kaggle/input/datasets/ravirajsinh45/real-life-industrial-dataset-of-casting-product/casting_data/casting_data/test/ok_front/cast_ok_0_4498.jpeg,ok_front,1,1,ok_front,0.99954766,True
/kaggle/input/datasets/ravirajsinh45/real-life-industrial-dataset-of-casting-product/casting_data/casting_data/test/ok_front/cast_ok_0_45.jpeg,ok_front,1,1,ok_front,0.86753017,True
/kaggle/input/datasets/ravirajsinh45/real-life-industrial-dataset-of-casting-product/casting_data/casting_data/test/ok_front/cast_ok_0_49.jpeg,ok_front,1,1,ok_front,0.99906594,True
/kaggle/input/datasets/ravirajsinh45/real-life-industrial-dataset-of-casting-product/casting_data/casting_data/test/ok_front/cast_ok_0_4987.jpeg,ok_front,1,1,ok_front,0.99796224,True
/kaggle/input/datasets/ravirajsinh45/real-life-industrial-dataset-of-casting-product/casting_data/casting_data/test/ok_front/cast_ok_0_4992.jpeg,ok_front,1,1,ok_front,0.9963534,True
/kaggle/input/datasets/ravirajsinh45/real-life-industrial-dataset-of-casting-product/casting_data/casting_data/test/ok_front/cast_ok_0_5009.jpeg,ok_front,1,1,ok_front,0.96688074,True
/kaggle/input/datasets/ravirajsinh45/real-life-industrial-dataset-of-casting-product/casting_data/casting_data/test/ok_front/cast_ok_0_5012.jpeg,ok_front,1,1,ok_front,0.99904937,True
/kaggle/input/datasets/ravirajsinh45/real-life-industrial-dataset-of-casting-product/casting_data/casting_data/test/ok_front/cast_ok_0_504.jpeg,ok_front,1,1,ok_front,0.96573436,True
/kaggle/input/datasets/ravirajsinh45/real-life-industrial-dataset-of-casting-product/casting_data/casting_data/test/ok_front/cast_ok_0_505.jpeg,ok_front,1,1,ok_front,0.99907494,True
/kaggle/input/datasets/ravirajsinh45/real-life-industrial-dataset-of-casting-product/casting_data/casting_data/test/ok_front/cast_ok_0_525.jpeg,ok_front,1,1,ok_front,0.9804216,True
/kaggle/input/datasets/ravirajsinh45/real-life-industrial-dataset-of-casting-product/casting_data/casting_data/test/ok_front/cast_ok_0_526.jpeg,ok_front,1,1,ok_front,0.96804106,True
/kaggle/input/datasets/ravirajsinh45/real-life-industrial-dataset-of-casting-product/casting_data/casting_data/test/ok_front/cast_ok_0_5530.jpeg,ok_front,1,1,ok_front,0.9627264,True
/kaggle/input/datasets/ravirajsinh45/real-life-industrial-dataset-of-casting-product/casting_data/casting_data/test/ok_front/cast_ok_0_5533.jpeg,ok_front,1,1,ok_front,0.99440175,True
/kaggle/input/datasets/ravirajsinh45/real-life-industrial-dataset-of-casting-product/casting_data/casting_data/test/ok_front/cast_ok_0_5541.jpeg,ok_front,1,1,ok_front,0.9975261,True
/kaggle/input/datasets/ravirajsinh45/real-life-industrial-dataset-of-casting-product/casting_data/casting_data/test/ok_front/cast_ok_0_5560.jpeg,ok_front,1,1,ok_front,0.9683309,True
/kaggle/input/datasets/ravirajsinh45/real-life-industrial-dataset-of-casting-product/casting_data/casting_data/test/ok_front/cast_ok_0_5567.jpeg,ok_front,1,1,ok_front,0.9578485,True
/kaggle/input/datasets/ravirajsinh45/real-life-industrial-dataset-of-casting-product/casting_data/casting_data/test/ok_front/cast_ok_0_5587.jpeg,ok_front,1,1,ok_front,0.999323,True
/kaggle/input/datasets/ravirajsinh45/real-life-industrial-dataset-of-casting-product/casting_data/casting_data/test/ok_front/cast_ok_0_5590.jpeg,ok_front,1,1,ok_front,0.93232816,True
/kaggle/input/datasets/ravirajsinh45/real-life-industrial-dataset-of-casting-product/casting_data/casting_data/test/ok_front/cast_ok_0_5605.jpeg,ok_front,1,1,ok_front,0.99747425,True
/kaggle/input/datasets/ravirajsinh45/real-life-industrial-dataset-of-casting-product/casting_data/casting_data/test/ok_front/cast_ok_0_5606.jpeg,ok_front,1,1,ok_front,0.9331875,True
/kaggle/input/datasets/ravirajsinh45/real-life-industrial-dataset-of-casting-product/casting_data/casting_data/test/ok_front/cast_ok_0_5805.jpeg,ok_front,1,1,ok_front,0.98671573,True
/kaggle/input/datasets/ravirajsinh45/real-life-industrial-dataset-of-casting-product/casting_data/casting_data/test/ok_front/cast_ok_0_5809.jpeg,ok_front,1,1,ok_front,0.99800664,True
/kaggle/input/datasets/ravirajsinh45/real-life-industrial-dataset-of-casting-product/casting_data/casting_data/test/ok_front/cast_ok_0_5815.jpeg,ok_front,1,1,ok_front,0.9985617,True
/kaggle/input/datasets/ravirajsinh45/real-life-industrial-dataset-of-casting-product/casting_data/casting_data/test/ok_front/cast_ok_0_62.jpeg,ok_front,1,1,ok_front,0.9600906,True
/kaggle/input/datasets/ravirajsinh45/real-life-industrial-dataset-of-casting-product/casting_data/casting_data/test/ok_front/cast_ok_0_6365.jpeg,ok_front,1,0,def_front,0.5844929,False
/kaggle/input/datasets/ravirajsinh45/real-life-industrial-dataset-of-casting-product/casting_data/casting_data/test/ok_front/cast_ok_0_6388.jpeg,ok_front,1,1,ok_front,0.99173987,True
/kaggle/input/datasets/ravirajsinh45/real-life-industrial-dataset-of-casting-product/casting_data/casting_data/test/ok_front/cast_ok_0_64.jpeg,ok_front,1,1,ok_front,0.9964863,True
/kaggle/input/datasets/ravirajsinh45/real-life-industrial-dataset-of-casting-product/casting_data/casting_data/test/ok_front/cast_ok_0_6401.jpeg,ok_front,1,1,ok_front,0.9991301,True
/kaggle/input/datasets/ravirajsinh45/real-life-industrial-dataset-of-casting-product/casting_data/casting_data/test/ok_front/cast_ok_0_6681.jpeg,ok_front,1,1,ok_front,0.9880568,True
/kaggle/input/datasets/ravirajsinh45/real-life-industrial-dataset-of-casting-product/casting_data/casting_data/test/ok_front/cast_ok_0_6682.jpeg,ok_front,1,1,ok_front,0.9617863,True
/kaggle/input/datasets/ravirajsinh45/real-life-industrial-dataset-of-casting-product/casting_data/casting_data/test/ok_front/cast_ok_0_6714.jpeg,ok_front,1,1,ok_front,0.8637268,True
/kaggle/input/datasets/ravirajsinh45/real-life-industrial-dataset-of-casting-product/casting_data/casting_data/test/ok_front/cast_ok_0_6718.jpeg,ok_front,1,1,ok_front,0.990393,True
/kaggle/input/datasets/ravirajsinh45/real-life-industrial-dataset-of-casting-product/casting_data/casting_data/test/ok_front/cast_ok_0_7044.jpeg,ok_front,1,1,ok_front,0.99717987,True
/kaggle/input/datasets/ravirajsinh45/real-life-industrial-dataset-of-casting-product/casting_data/casting_data/test/ok_front/cast_ok_0_7089.jpeg,ok_front,1,1,ok_front,0.9466798,True
/kaggle/input/datasets/ravirajsinh45/real-life-industrial-dataset-of-casting-product/casting_data/casting_data/test/ok_front/cast_ok_0_7559.jpeg,ok_front,1,1,ok_front,0.97290266,True
/kaggle/input/datasets/ravirajsinh45/real-life-industrial-dataset-of-casting-product/casting_data/casting_data/test/ok_front/cast_ok_0_7560.jpeg,ok_front,1,1,ok_front,0.9936178,True
/kaggle/input/datasets/ravirajsinh45/real-life-industrial-dataset-of-casting-product/casting_data/casting_data/test/ok_front/cast_ok_0_7588.jpeg,ok_front,1,1,ok_front,0.98653597,True
/kaggle/input/datasets/ravirajsinh45/real-life-industrial-dataset-of-casting-product/casting_data/casting_data/test/ok_front/cast_ok_0_7595.jpeg,ok_front,1,1,ok_front,0.99280566,True
/kaggle/input/datasets/ravirajsinh45/real-life-industrial-dataset-of-casting-product/casting_data/casting_data/test/ok_front/cast_ok_0_7611.jpeg,ok_front,1,1,ok_front,0.9979798,True
/kaggle/input/datasets/ravirajsinh45/real-life-industrial-dataset-of-casting-product/casting_data/casting_data/test/ok_front/cast_ok_0_7624.jpeg,ok_front,1,1,ok_front,0.99940765,True
/kaggle/input/datasets/ravirajsinh45/real-life-industrial-dataset-of-casting-product/casting_data/casting_data/test/ok_front/cast_ok_0_7631.jpeg,ok_front,1,1,ok_front,0.99724764,True
/kaggle/input/datasets/ravirajsinh45/real-life-industrial-dataset-of-casting-product/casting_data/casting_data/test/ok_front/cast_ok_0_7632.jpeg,ok_front,1,0,def_front,0.58590233,False
/kaggle/input/datasets/ravirajsinh45/real-life-industrial-dataset-of-casting-product/casting_data/casting_data/test/ok_front/cast_ok_0_7820.jpeg,ok_front,1,1,ok_front,0.98528254,True
/kaggle/input/datasets/ravirajsinh45/real-life-industrial-dataset-of-casting-product/casting_data/casting_data/test/ok_front/cast_ok_0_7823.jpeg,ok_front,1,1,ok_front,0.98729277,True
/kaggle/input/datasets/ravirajsinh45/real-life-industrial-dataset-of-casting-product/casting_data/casting_data/test/ok_front/cast_ok_0_7839.jpeg,ok_front,1,1,ok_front,0.98669124,True
/kaggle/input/datasets/ravirajsinh45/real-life-industrial-dataset-of-casting-product/casting_data/casting_data/test/ok_front/cast_ok_0_7849.jpeg,ok_front,1,1,ok_front,0.9986143,True
/kaggle/input/datasets/ravirajsinh45/real-life-industrial-dataset-of-casting-product/casting_data/casting_data/test/ok_front/cast_ok_0_7900.jpeg,ok_front,1,1,ok_front,0.9762589,True
/kaggle/input/datasets/ravirajsinh45/real-life-industrial-dataset-of-casting-product/casting_data/casting_data/test/ok_front/cast_ok_0_7901.jpeg,ok_front,1,1,ok_front,0.9831387,True
/kaggle/input/datasets/ravirajsinh45/real-life-industrial-dataset-of-casting-product/casting_data/casting_data/test/ok_front/cast_ok_0_7925.jpeg,ok_front,1,1,ok_front,0.96402055,True
/kaggle/input/datasets/ravirajsinh45/real-life-industrial-dataset-of-casting-product/casting_data/casting_data/test/ok_front/cast_ok_0_7931.jpeg,ok_front,1,1,ok_front,0.9550187,True
/kaggle/input/datasets/ravirajsinh45/real-life-industrial-dataset-of-casting-product/casting_data/casting_data/test/ok_front/cast_ok_0_7936.jpeg,ok_front,1,1,ok_front,0.9825696,True
/kaggle/input/datasets/ravirajsinh45/real-life-industrial-dataset-of-casting-product/casting_data/casting_data/test/ok_front/cast_ok_0_7939.jpeg,ok_front,1,1,ok_front,0.9994773,True
/kaggle/input/datasets/ravirajsinh45/real-life-industrial-dataset-of-casting-product/casting_data/casting_data/test/ok_front/cast_ok_0_7945.jpeg,ok_front,1,1,ok_front,0.99256825,True
/kaggle/input/datasets/ravirajsinh45/real-life-industrial-dataset-of-casting-product/casting_data/casting_data/test/ok_front/cast_ok_0_7946.jpeg,ok_front,1,1,ok_front,0.9431324,True
/kaggle/input/datasets/ravirajsinh45/real-life-industrial-dataset-of-casting-product/casting_data/casting_data/test/ok_front/cast_ok_0_7997.jpeg,ok_front,1,1,ok_front,0.98814034,True
/kaggle/input/datasets/ravirajsinh45/real-life-industrial-dataset-of-casting-product/casting_data/casting_data/test/ok_front/cast_ok_0_8008.jpeg,ok_front,1,1,ok_front,0.9506591,True
/kaggle/input/datasets/ravirajsinh45/real-life-industrial-dataset-of-casting-product/casting_data/casting_data/test/ok_front/cast_ok_0_8010.jpeg,ok_front,1,1,ok_front,0.99867153,True
/kaggle/input/datasets/ravirajsinh45/real-life-industrial-dataset-of-casting-product/casting_data/casting_data/test/ok_front/cast_ok_0_8011.jpeg,ok_front,1,1,ok_front,0.99559987,True
/kaggle/input/datasets/ravirajsinh45/real-life-industrial-dataset-of-casting-product/casting_data/casting_data/test/ok_front/cast_ok_0_8172.jpeg,ok_front,1,1,ok_front,0.989958,True
/kaggle/input/datasets/ravirajsinh45/real-life-industrial-dataset-of-casting-product/casting_data/casting_data/test/ok_front/cast_ok_0_8177.jpeg,ok_front,1,1,ok_front,0.9890416,True
/kaggle/input/datasets/ravirajsinh45/real-life-industrial-dataset-of-casting-product/casting_data/casting_data/test/ok_front/cast_ok_0_8189.jpeg,ok_front,1,1,ok_front,0.95210093,True
/kaggle/input/datasets/ravirajsinh45/real-life-industrial-dataset-of-casting-product/casting_data/casting_data/test/ok_front/cast_ok_0_8192.jpeg,ok_front,1,1,ok_front,0.99869436,True
/kaggle/input/datasets/ravirajsinh45/real-life-industrial-dataset-of-casting-product/casting_data/casting_data/test/ok_front/cast_ok_0_8611.jpeg,ok_front,1,1,ok_front,0.9448124,True
/kaggle/input/datasets/ravirajsinh45/real-life-industrial-dataset-of-casting-product/casting_data/casting_data/test/ok_front/cast_ok_0_8612.jpeg,ok_front,1,1,ok_front,0.9823945,True
/kaggle/input/datasets/ravirajsinh45/real-life-industrial-dataset-of-casting-product/casting_data/casting_data/test/ok_front/cast_ok_0_8614.jpeg,ok_front,1,1,ok_front,0.9988305,True
/kaggle/input/datasets/ravirajsinh45/real-life-industrial-dataset-of-casting-product/casting_data/casting_data/test/ok_front/cast_ok_0_863.jpeg,ok_front,1,1,ok_front,0.99889636,True
/kaggle/input/datasets/ravirajsinh45/real-life-industrial-dataset-of-casting-product/casting_data/casting_data/test/ok_front/cast_ok_0_8637.jpeg,ok_front,1,1,ok_front,0.9718426,True
/kaggle/input/datasets/ravirajsinh45/real-life-industrial-dataset-of-casting-product/casting_data/casting_data/test/ok_front/cast_ok_0_864.jpeg,ok_front,1,1,ok_front,0.9264031,True
/kaggle/input/datasets/ravirajsinh45/real-life-industrial-dataset-of-casting-product/casting_data/casting_data/test/ok_front/cast_ok_0_8644.jpeg,ok_front,1,1,ok_front,0.99895465,True
/kaggle/input/datasets/ravirajsinh45/real-life-industrial-dataset-of-casting-product/casting_data/casting_data/test/ok_front/cast_ok_0_8652.jpeg,ok_front,1,1,ok_front,0.99290824,True
/kaggle/input/datasets/ravirajsinh45/real-life-industrial-dataset-of-casting-product/casting_data/casting_data/test/ok_front/cast_ok_0_869.jpeg,ok_front,1,1,ok_front,0.9874342,True
/kaggle/input/datasets/ravirajsinh45/real-life-industrial-dataset-of-casting-product/casting_data/casting_data/test/ok_front/cast_ok_0_880.jpeg,ok_front,1,1,ok_front,0.99871814,True
/kaggle/input/datasets/ravirajsinh45/real-life-industrial-dataset-of-casting-product/casting_data/casting_data/test/ok_front/cast_ok_0_897.jpeg,ok_front,1,1,ok_front,0.98844504,True
/kaggle/input/datasets/ravirajsinh45/real-life-industrial-dataset-of-casting-product/casting_data/casting_data/test/ok_front/cast_ok_0_903.jpeg,ok_front,1,0,def_front,0.5447417,False
/kaggle/input/datasets/ravirajsinh45/real-life-industrial-dataset-of-casting-product/casting_data/casting_data/test/ok_front/cast_ok_0_904.jpeg,ok_front,1,1,ok_front,0.9614589,True
/kaggle/input/datasets/ravirajsinh45/real-life-industrial-dataset-of-casting-product/casting_data/casting_data/test/ok_front/cast_ok_0_907.jpeg,ok_front,1,1,ok_front,0.9993912,True
/kaggle/input/datasets/ravirajsinh45/real-life-industrial-dataset-of-casting-product/casting_data/casting_data/test/ok_front/cast_ok_0_925.jpeg,ok_front,1,1,ok_front,0.99271154,True
/kaggle/input/datasets/ravirajsinh45/real-life-industrial-dataset-of-casting-product/casting_data/casting_data/test/ok_front/cast_ok_0_927.jpeg,ok_front,1,1,ok_front,0.96297866,True
/kaggle/input/datasets/ravirajsinh45/real-life-industrial-dataset-of-casting-product/casting_data/casting_data/test/ok_front/cast_ok_0_932.jpeg,ok_front,1,1,ok_front,0.980778,True
/kaggle/input/datasets/ravirajsinh45/real-life-industrial-dataset-of-casting-product/casting_data/casting_data/test/ok_front/cast_ok_0_935.jpeg,ok_front,1,1,ok_front,0.9052056,True
/kaggle/input/datasets/ravirajsinh45/real-life-industrial-dataset-of-casting-product/casting_data/casting_data/test/ok_front/cast_ok_0_937.jpeg,ok_front,1,1,ok_front,0.8387076,True
/kaggle/input/datasets/ravirajsinh45/real-life-industrial-dataset-of-casting-product/casting_data/casting_data/test/ok_front/cast_ok_0_942.jpeg,ok_front,1,1,ok_front,0.9899379,True
/kaggle/input/datasets/ravirajsinh45/real-life-industrial-dataset-of-casting-product/casting_data/casting_data/test/ok_front/cast_ok_0_952.jpeg,ok_front,1,1,ok_front,0.9919435,True
/kaggle/input/datasets/ravirajsinh45/real-life-industrial-dataset-of-casting-product/casting_data/casting_data/test/ok_front/cast_ok_0_960.jpeg,ok_front,1,1,ok_front,0.99774325,True
/kaggle/input/datasets/ravirajsinh45/real-life-industrial-dataset-of-casting-product/casting_data/casting_data/test/ok_front/cast_ok_0_973.jpeg,ok_front,1,1,ok_front,0.9732161,True
/kaggle/input/datasets/ravirajsinh45/real-life-industrial-dataset-of-casting-product/casting_data/casting_data/test/ok_front/cast_ok_0_975.jpeg,ok_front,1,1,ok_front,0.9792382,True
/kaggle/input/datasets/ravirajsinh45/real-life-industrial-dataset-of-casting-product/casting_data/casting_data/test/ok_front/cast_ok_0_976.jpeg,ok_front,1,1,ok_front,0.9910086,True
/kaggle/input/datasets/ravirajsinh45/real-life-industrial-dataset-of-casting-product/casting_data/casting_data/test/ok_front/cast_ok_0_989.jpeg,ok_front,1,1,ok_front,0.9994252,True
/kaggle/input/datasets/ravirajsinh45/real-life-industrial-dataset-of-casting-product/casting_data/casting_data/test/ok_front/cast_ok_0_9918.jpeg,ok_front,1,1,ok_front,0.99909186,True
/kaggle/input/datasets/ravirajsinh45/real-life-industrial-dataset-of-casting-product/casting_data/casting_data/test/ok_front/cast_ok_0_9920.jpeg,ok_front,1,1,ok_front,0.8946214,True
/kaggle/input/datasets/ravirajsinh45/real-life-industrial-dataset-of-casting-product/casting_data/casting_data/test/ok_front/cast_ok_0_9925.jpeg,ok_front,1,0,def_front,0.6528208,False
/kaggle/input/datasets/ravirajsinh45/real-life-industrial-dataset-of-casting-product/casting_data/casting_data/test/ok_front/cast_ok_0_9926.jpeg,ok_front,1,1,ok_front,0.98322475,True
/kaggle/input/datasets/ravirajsinh45/real-life-industrial-dataset-of-casting-product/casting_data/casting_data/test/ok_front/cast_ok_0_9928.jpeg,ok_front,1,1,ok_front,0.9547618,True
/kaggle/input/datasets/ravirajsinh45/real-life-industrial-dataset-of-casting-product/casting_data/casting_data/test/ok_front/cast_ok_0_9934.jpeg,ok_front,1,1,ok_front,0.9864781,True
/kaggle/input/datasets/ravirajsinh45/real-life-industrial-dataset-of-casting-product/casting_data/casting_data/test/ok_front/cast_ok_0_9943.jpeg,ok_front,1,1,ok_front,0.99726367,True
/kaggle/input/datasets/ravirajsinh45/real-life-industrial-dataset-of-casting-product/casting_data/casting_data/test/ok_front/cast_ok_0_9955.jpeg,ok_front,1,1,ok_front,0.9947476,True
/kaggle/input/datasets/ravirajsinh45/real-life-industrial-dataset-of-casting-product/casting_data/casting_data/test/ok_front/cast_ok_0_9961.jpeg,ok_front,1,1,ok_front,0.998497,True
/kaggle/input/datasets/ravirajsinh45/real-life-industrial-dataset-of-casting-product/casting_data/casting_data/test/ok_front/cast_ok_0_9967.jpeg,ok_front,1,1,ok_front,0.9827375,True
/kaggle/input/datasets/ravirajsinh45/real-life-industrial-dataset-of-casting-product/casting_data/casting_data/test/ok_front/cast_ok_0_9973.jpeg,ok_front,1,1,ok_front,0.97165596,True
/kaggle/input/datasets/ravirajsinh45/real-life-industrial-dataset-of-casting-product/casting_data/casting_data/test/ok_front/cast_ok_0_9975.jpeg,ok_front,1,1,ok_front,0.9437988,True
/kaggle/input/datasets/ravirajsinh45/real-life-industrial-dataset-of-casting-product/casting_data/casting_data/test/ok_front/cast_ok_0_998.jpeg,ok_front,1,1,ok_front,0.98629564,True
/kaggle/input/datasets/ravirajsinh45/real-life-industrial-dataset-of-casting-product/casting_data/casting_data/test/ok_front/cast_ok_0_9988.jpeg,ok_front,1,1,ok_front,0.9819925,True
/kaggle/input/datasets/ravirajsinh45/real-life-industrial-dataset-of-casting-product/casting_data/casting_data/test/ok_front/cast_ok_0_9993.jpeg,ok_front,1,1,ok_front,0.973252,True
/kaggle/input/datasets/ravirajsinh45/real-life-industrial-dataset-of-casting-product/casting_data/casting_data/test/ok_front/cast_ok_0_9996.jpeg,ok_front,1,1,ok_front,0.980352,True
