path,label,label_index,predicted_index,predicted_label,confidence,is_correct
/kaggle/input/datasets/ravirajsinh45/real-life-industrial-dataset-of-casting-product/casting_data/casting_data/test/def_front/cast_def_0_1059.jpeg,def_front,0,0,def_front,0.99766773,True
/kaggle/input/datasets/ravirajsinh45/real-life-industrial-dataset-of-casting-product/casting_data/casting_data/test/def_front/cast_def_0_1063.jpeg,def_front,0,0,def_front,0.9957397,True
/kaggle/input/datasets/ravirajsinh45/real-life-industrial-dataset-of-casting-product/casting_data/casting_data/test/def_front/cast_def_0_108.jpeg,def_front,0,0,def_front,1.0,True
/kaggle/input/datasets/ravirajsinh45/real-life-industrial-dataset-of-casting-product/casting_data/casting_data/test/def_front/cast_def_0_1096.jpeg,def_front,0,0,def_front,0.9973447,True
/kaggle/input/datasets/ravirajsinh45/real-life-industrial-dataset-of-casting-product/casting_data/casting_data/test/def_front/cast_def_0_112.jpeg,def_front,0,0,def_front,1.0,True
/kaggle/input/datasets/ravirajsinh45/real-life-industrial-dataset-of-casting-product/casting_data/casting_data/test/def_front/cast_def_0_1134.jpeg,def_front,0,0,def_front,0.9999993,True
/kaggle/input/datasets/ravirajsinh45/real-life-industrial-dataset-of-casting-product/casting_data/casting_data/test/def_front/cast_def_0_1136.jpeg,def_front,0,0,def_front,0.9999546,True
/kaggle/input/datasets/ravirajsinh45/real-life-industrial-dataset-of-casting-product/casting_data/casting_data/test/def_front/cast_def_0_1137.jpeg,def_front,0,0,def_front,0.9999875,True
/kaggle/input/datasets/ravirajsinh45/real-life-industrial-dataset-of-casting-product/casting_data/casting_data/test/def_front/cast_def_0_1153.jpeg,def_front,0,0,def_front,0.99999356,True
/kaggle/input/datasets/ravirajsinh45/real-life-industrial-dataset-of-casting-product/casting_data/casting_data/test/def_front/cast_def_0_1171.jpeg,def_front,0,0,def_front,0.99998474,True
/kaggle/input/datasets/ravirajsinh45/real-life-industrial-dataset-of-casting-product/casting_data/casting_data/test/def_front/cast_def_0_1172.jpeg,def_front,0,0,def_front,0.99999976,True
/kaggle/input/datasets/ravirajsinh45/real-life-industrial-dataset-of-casting-product/casting_data/casting_data/test/def_front/cast_def_0_1174.jpeg,def_front,0,0,def_front,0.99999976,True
/kaggle/input/datasets/ravirajsinh45/real-life-industrial-dataset-of-casting-product/casting_data/casting_data/test/def_front/cast_def_0_118.jpeg,def_front,0,0,def_front,0.9998091,True
/kaggle/input/datasets/ravirajsinh45/real-life-industrial-dataset-of-casting-product/casting_data/casting_data/test/def_front/cast_def_0_1186.jpeg,def_front,0,0,def_front,0.9997334,True
/kaggle/input/datasets/ravirajsinh45/real-life-industrial-dataset-of-casting-product/casting_data/casting_data/test/def_front/cast_def_0_1189.jpeg,def_front,0,0,def_front,1.0,True
/kaggle/input/datasets/ravirajsinh45/real-life-industrial-dataset-of-casting-product/casting_data/casting_data/test/def_front/cast_def_0_1191.jpeg,def_front,0,0,def_front,0.99980277,True
/kaggle/input/datasets/ravirajsinh45/real-life-industrial-dataset-of-casting-product/casting_data/casting_data/test/def_front/cast_def_0_1203.jpeg,def_front,0,0,def_front,0.9998685,True
/kaggle/input/datasets/ravirajsinh45/real-life-industrial-dataset-of-casting-product/casting_data/casting_data/test/def_front/cast_def_0_1211.jpeg,def_front,0,0,def_front,1.0,True
/kaggle/input/datasets/ravirajsinh45/real-life-industrial-dataset-of-casting-product/casting_data/casting_data/test/def_front/cast_def_0_1215.jpeg,def_front,0,0,def_front,0.9999982,True
/kaggle/input/datasets/ravirajsinh45/real-life-industrial-dataset-of-casting-product/casting_data/casting_data/test/def_front/cast_def_0_1231.jpeg,def_front,0,0,def_front,0.999974,True
/kaggle/input/datasets/ravirajsinh45/real-life-industrial-dataset-of-casting-product/casting_data/casting_data/test/def_front/cast_def_0_1233.jpeg,def_front,0,0,def_front,0.99999833,True
/kaggle/input/datasets/ravirajsinh45/real-life-industrial-dataset-of-casting-product/casting_data/casting_data/test/def_front/cast_def_0_1238.jpeg,def_front,0,0,def_front,0.9999963,True
/kaggle/input/datasets/ravirajsinh45/real-life-industrial-dataset-of-casting-product/casting_data/casting_data/test/def_front/cast_def_0_1239.jpeg,def_front,0,0,def_front,0.99884593,True
/kaggle/input/datasets/ravirajsinh45/real-life-industrial-dataset-of-casting-product/casting_data/casting_data/test/def_front/cast_def_0_1258.jpeg,def_front,0,0,def_front,0.99996483,True
/kaggle/input/datasets/ravirajsinh45/real-life-industrial-dataset-of-casting-product/casting_data/casting_data/test/def_front/cast_def_0_1260.jpeg,def_front,0,0,def_front,1.0,True
/kaggle/input/datasets/ravirajsinh45/real-life-industrial-dataset-of-casting-product/casting_data/casting_data/test/def_front/cast_def_0_1264.jpeg,def_front,0,0,def_front,0.9987663,True
/kaggle/input/datasets/ravirajsinh45/real-life-industrial-dataset-of-casting-product/casting_data/casting_data/test/def_front/cast_def_0_1269.jpeg,def_front,0,0,def_front,0.9999013,True
/kaggle/input/datasets/ravirajsinh45/real-life-industrial-dataset-of-casting-product/casting_data/casting_data/test/def_front/cast_def_0_1291.jpeg,def_front,0,0,def_front,0.9964965,True
/kaggle/input/datasets/ravirajsinh45/real-life-industrial-dataset-of-casting-product/casting_data/casting_data/test/def_front/cast_def_0_1292.jpeg,def_front,0,0,def_front,1.0,True
/kaggle/input/datasets/ravirajsinh45/real-life-industrial-dataset-of-casting-product/casting_data/casting_data/test/def_front/cast_def_0_1294.jpeg,def_front,0,0,def_front,1.0,True
/kaggle/input/datasets/ravirajsinh45/real-life-industrial-dataset-of-casting-product/casting_data/casting_data/test/def_front/cast_def_0_1298.jpeg,def_front,0,0,def_front,0.9999981,True
/kaggle/input/datasets/ravirajsinh45/real-life-industrial-dataset-of-casting-product/casting_data/casting_data/test/def_front/cast_def_0_1320.jpeg,def_front,0,0,def_front,0.99999285,True
/kaggle/input/datasets/ravirajsinh45/real-life-industrial-dataset-of-casting-product/casting_data/casting_data/test/def_front/cast_def_0_1323.jpeg,def_front,0,0,def_front,0.99993193,True
/kaggle/input/datasets/ravirajsinh45/real-life-industrial-dataset-of-casting-product/casting_data/casting_data/test/def_front/cast_def_0_1324.jpeg,def_front,0,0,def_front,0.99998784,True
/kaggle/input/datasets/ravirajsinh45/real-life-industrial-dataset-of-casting-product/casting_data/casting_data/test/def_front/cast_def_0_1351.jpeg,def_front,0,0,def_front,0.9999995,True
/kaggle/input/datasets/ravirajsinh45/real-life-industrial-dataset-of-casting-product/casting_data/casting_data/test/def_front/cast_def_0_1352.jpeg,def_front,0,1,ok_front,0.57547694,False
/kaggle/input/datasets/ravirajsinh45/real-life-industrial-dataset-of-casting-product/casting_data/casting_data/test/def_front/cast_def_0_1358.jpeg,def_front,0,0,def_front,0.9985714,True
/kaggle/input/datasets/ravirajsinh45/real-life-industrial-dataset-of-casting-product/casting_data/casting_data/test/def_front/cast_def_0_1359.jpeg,def_front,0,0,def_front,0.99926835,True
/kaggle/input/datasets/ravirajsinh45/real-life-industrial-dataset-of-casting-product/casting_data/casting_data/test/def_front/cast_def_0_1376.jpeg,def_front,0,0,def_front,1.0,True
/kaggle/input/datasets/ravirajsinh45/real-life-industrial-dataset-of-casting-product/casting_data/casting_data/test/def_front/cast_def_0_1379.jpeg,def_front,0,0,def_front,0.99995935,True
/kaggle/input/datasets/ravirajsinh45/real-life-industrial-dataset-of-casting-product/casting_data/casting_data/test/def_front/cast_def_0_138.jpeg,def_front,0,0,def_front,1.0,True
/kaggle/input/datasets/ravirajsinh45/real-life-industrial-dataset-of-casting-product/casting_data/casting_data/test/def_front/cast_def_0_1381.jpeg,def_front,0,0,def_front,0.99999976,True
/kaggle/input/datasets/ravirajsinh45/real-life-industrial-dataset-of-casting-product/casting_data/casting_data/test/def_front/cast_def_0_1388.jpeg,def_front,0,0,def_front,0.9999974,True
/kaggle/input/datasets/ravirajsinh45/real-life-industrial-dataset-of-casting-product/casting_data/casting_data/test/def_front/cast_def_0_1392.jpeg,def_front,0,0,def_front,1.0,True
/kaggle/input/datasets/ravirajsinh45/real-life-industrial-dataset-of-casting-product/casting_data/casting_data/test/def_front/cast_def_0_1394.jpeg,def_front,0,0,def_front,0.9999937,True
/kaggle/input/datasets/ravirajsinh45/real-life-industrial-dataset-of-casting-product/casting_data/casting_data/test/def_front/cast_def_0_1397.jpeg,def_front,0,0,def_front,1.0,True
/kaggle/input/datasets/ravirajsinh45/real-life-industrial-dataset-of-casting-product/casting_data/casting_data/test/def_front/cast_def_0_1399.jpeg,def_front,0,0,def_front,0.99762625,True
/kaggle/input/datasets/ravirajsinh45/real-life-industrial-dataset-of-casting-product/casting_data/casting_data/test/def_front/cast_def_0_1400.jpeg,def_front,0,0,def_front,0.99992347,True
/kaggle/input/datasets/ravirajsinh45/real-life-industrial-dataset-of-casting-product/casting_data/casting_data/test/def_front/cast_def_0_1411.jpeg,def_front,0,0,def_front,0.99998033,True
/kaggle/input/datasets/ravirajsinh45/real-life-industrial-dataset-of-casting-product/casting_data/casting_data/test/def_front/cast_def_0_1412.jpeg,def_front,0,0,def_front,0.99999166,True
/kaggle/input/datasets/ravirajsinh45/real-life-industrial-dataset-of-casting-product/casting_data/casting_data/test/def_front/cast_def_0_1413.jpeg,def_front,0,1,ok_front,0.6257115,False
/kaggle/input/datasets/ravirajsinh45/real-life-industrial-dataset-of-casting-product/casting_data/casting_data/test/def_front/cast_def_0_1414.jpeg,def_front,0,0,def_front,1.0,True
/kaggle/input/datasets/ravirajsinh45/real-life-industrial-dataset-of-casting-product/casting_data/casting_data/test/def_front/cast_def_0_1418.jpeg,def_front,0,0,def_front,0.9999976,True
/kaggle/input/datasets/ravirajsinh45/real-life-industrial-dataset-of-casting-product/casting_data/casting_data/test/def_front/cast_def_0_1421.jpeg,def_front,0,0,def_front,0.99999964,True
/kaggle/input/datasets/ravirajsinh45/real-life-industrial-dataset-of-casting-product/casting_data/casting_data/test/def_front/cast_def_0_1422.jpeg,def_front,0,0,def_front,0.9999176,True
/kaggle/input/datasets/ravirajsinh45/real-life-industrial-dataset-of-casting-product/casting_data/casting_data/test/def_front/cast_def_0_1424.jpeg,def_front,0,0,def_front,0.9972097,True
/kaggle/input/datasets/ravirajsinh45/real-life-industrial-dataset-of-casting-product/casting_data/casting_data/test/def_front/cast_def_0_1425.jpeg,def_front,0,0,def_front,0.999099,True
/kaggle/input/datasets/ravirajsinh45/real-life-industrial-dataset-of-casting-product/casting_data/casting_data/test/def_front/cast_def_0_143.jpeg,def_front,0,0,def_front,0.9994999,True
/kaggle/input/datasets/ravirajsinh45/real-life-industrial-dataset-of-casting-product/casting_data/casting_data/test/def_front/cast_def_0_144.jpeg,def_front,0,0,def_front,0.99999964,True
/kaggle/input/datasets/ravirajsinh45/real-life-industrial-dataset-of-casting-product/casting_data/casting_data/test/def_front/cast_def_0_1443.jpeg,def_front,0,0,def_front,0.9997414,True
/kaggle/input/datasets/ravirajsinh45/real-life-industrial-dataset-of-casting-product/casting_data/casting_data/test/def_front/cast_def_0_1447.jpeg,def_front,0,0,def_front,1.0,True
/kaggle/input/datasets/ravirajsinh45/real-life-industrial-dataset-of-casting-product/casting_data/casting_data/test/def_front/cast_def_0_1453.jpeg,def_front,0,0,def_front,1.0,True
/kaggle/input/datasets/ravirajsinh45/real-life-industrial-dataset-of-casting-product/casting_data/casting_data/test/def_front/cast_def_0_1462.jpeg,def_front,0,0,def_front,0.9993248,True
/kaggle/input/datasets/ravirajsinh45/real-life-industrial-dataset-of-casting-product/casting_data/casting_data/test/def_front/cast_def_0_1466.jpeg,def_front,0,0,def_front,0.9999999,True
/kaggle/input/datasets/ravirajsinh45/real-life-industrial-dataset-of-casting-product/casting_data/casting_data/test/def_front/cast_def_0_1467.jpeg,def_front,0,0,def_front,1.0,True
/kaggle/input/datasets/ravirajsinh45/real-life-industrial-dataset-of-casting-product/casting_data/casting_data/test/def_front/cast_def_0_147.jpeg,def_front,0,0,def_front,0.99996614,True
/kaggle/input/datasets/ravirajsinh45/real-life-industrial-dataset-of-casting-product/casting_data/casting_data/test/def_front/cast_def_0_1471.jpeg,def_front,0,1,ok_front,0.61038613,False
/kaggle/input/datasets/ravirajsinh45/real-life-industrial-dataset-of-casting-product/casting_data/casting_data/test/def_front/cast_def_0_1474.jpeg,def_front,0,0,def_front,0.9999999,True
/kaggle/input/datasets/ravirajsinh45/real-life-industrial-dataset-of-casting-product/casting_data/casting_data/test/def_front/cast_def_0_1476.jpeg,def_front,0,0,def_front,0.9999373,True
/kaggle/input/datasets/ravirajsinh45/real-life-industrial-dataset-of-casting-product/casting_data/casting_data/test/def_front/cast_def_0_1477.jpeg,def_front,0,0,def_front,0.9996481,True
/kaggle/input/datasets/ravirajsinh45/real-life-industrial-dataset-of-casting-product/casting_data/casting_data/test/def_front/cast_def_0_148.jpeg,def_front,0,0,def_front,0.9999995,True
/kaggle/input/datasets/ravirajsinh45/real-life-industrial-dataset-of-casting-product/casting_data/casting_data/test/def_front/cast_def_0_1480.jpeg,def_front,0,0,def_front,0.9997893,True
/kaggle/input/datasets/ravirajsinh45/real-life-industrial-dataset-of-casting-product/casting_data/casting_data/test/def_front/cast_def_0_1486.jpeg,def_front,0,0,def_front,0.99976474,True
/kaggle/input/datasets/ravirajsinh45/real-life-industrial-dataset-of-casting-product/casting_data/casting_data/test/def_front/cast_def_0_1488.jpeg,def_front,0,0,def_front,0.9989881,True
/kaggle/input/datasets/ravirajsinh45/real-life-industrial-dataset-of-casting-product/casting_data/casting_data/test/def_front/cast_def_0_149.jpeg,def_front,0,0,def_front,0.9999976,True
/kaggle/input/datasets/ravirajsinh45/real-life-industrial-dataset-of-casting-product/casting_data/casting_data/test/def_front/cast_def_0_1492.jpeg,def_front,0,0,def_front,0.9962782,True
/kaggle/input/datasets/ravirajsinh45/real-life-industrial-dataset-of-casting-product/casting_data/casting_data/test/def_front/cast_def_0_1493.jpeg,def_front,0,0,def_front,0.9966898,True
/kaggle/input/datasets/ravirajsinh45/real-life-industrial-dataset-of-casting-product/casting_data/casting_data/test/def_front/cast_def_0_1497.jpeg,def_front,0,0,def_front,0.9999994,True
/kaggle/input/datasets/ravirajsinh45/real-life-industrial-dataset-of-casting-product/casting_data/casting_data/test/def_front/cast_def_0_1499.jpeg,def_front,0,0,def_front,0.9999995,True
/kaggle/input/datasets/ravirajsinh45/real-life-industrial-dataset-of-casting-product/casting_data/casting_data/test/def_front/cast_def_0_15.jpeg,def_front,0,1,ok_front,0.5752503,False
/kaggle/input/datasets/ravirajsinh45/real-life-industrial-dataset-of-casting-product/casting_data/casting_data/test/def_front/cast_def_0_150.jpeg,def_front,0,1,ok_front,0.99083954,False
/kaggle/input/datasets/ravirajsinh45/real-life-industrial-dataset-of-casting-product/casting_data/casting_data/test/def_front/cast_def_0_1500.jpeg,def_front,0,0,def_front,0.99980754,True
/kaggle/input/datasets/ravirajsinh45/real-life-industrial-dataset-of-casting-product/casting_data/casting_data/test/def_front/cast_def_0_1505.jpeg,def_front,0,0,def_front,0.99999094,True
/kaggle/input/datasets/ravirajsinh45/real-life-industrial-dataset-of-casting-product/casting_data/casting_data/test/def_front/cast_def_0_1506.jpeg,def_front,0,1,ok_front,0.5758546,False
/kaggle/input/datasets/ravirajsinh45/real-life-industrial-dataset-of-casting-product/casting_data/casting_data/test/def_front/cast_def_0_1507.jpeg,def_front,0,0,def_front,0.9999999,True
/kaggle/input/datasets/ravirajsinh45/real-life-industrial-dataset-of-casting-product/casting_data/casting_data/test/def_front/cast_def_0_1509.jpeg,def_front,0,0,def_front,0.9998171,True
/kaggle/input/datasets/ravirajsinh45/real-life-industrial-dataset-of-casting-product/casting_data/casting_data/test/def_front/cast_def_0_151.jpeg,def_front,0,0,def_front,0.9999995,True
/kaggle/input/datasets/ravirajsinh45/real-life-industrial-dataset-of-casting-product/casting_data/casting_data/test/def_front/cast_def_0_1510.jpeg,def_front,0,0,def_front,0.99999964,True
/kaggle/input/datasets/ravirajsinh45/real-life-industrial-dataset-of-casting-product/casting_data/casting_data/test/def_front/cast_def_0_1511.jpeg,def_front,0,0,def_front,0.9999999,True
/kaggle/input/datasets/ravirajsinh45/real-life-industrial-dataset-of-casting-product/casting_data/casting_data/test/def_front/cast_def_0_1517.jpeg,def_front,0,0,def_front,0.9999429,True
/kaggle/input/datasets/ravirajsinh45/real-life-industrial-dataset-of-casting-product/casting_data/casting_data/test/def_front/cast_def_0_1518.jpeg,def_front,0,0,def_front,1.0,True
/kaggle/input/datasets/ravirajsinh45/real-life-industrial-dataset-of-casting-product/casting_data/casting_data/test/def_front/cast_def_0_1519.jpeg,def_front,0,1,ok_front,0.5700345,False
/kaggle/input/datasets/ravirajsinh45/real-life-industrial-dataset-of-casting-product/casting_data/casting_data/test/def_front/cast_def_0_1528.jpeg,def_front,0,0,def_front,0.9970385,True
/kaggle/input/datasets/ravirajsinh45/real-life-industrial-dataset-of-casting-product/casting_data/casting_data/test/def_front/cast_def_0_1529.jpeg,def_front,0,0,def_front,0.9999999,True
/kaggle/input/datasets/ravirajsinh45/real-life-industrial-dataset-of-casting-product/casting_data/casting_data/test/def_front/cast_def_0_1535.jpeg,def_front,0,1,ok_front,0.6582761,False
/kaggle/input/datasets/ravirajsinh45/real-life-industrial-dataset-of-casting-product/casting_data/casting_data/test/def_front/cast_def_0_1536.jpeg,def_front,0,1,ok_front,0.60362923,False
/kaggle/input/datasets/ravirajsinh45/real-life-industrial-dataset-of-casting-product/casting_data/casting_data/test/def_front/cast_def_0_1539.jpeg,def_front,0,0,def_front,0.9980951,True
/kaggle/input/datasets/ravirajsinh45/real-life-industrial-dataset-of-casting-product/casting_data/casting_data/test/def_front/cast_def_0_154.jpeg,def_front,0,0,def_front,1.0,True
/kaggle/input/datasets/ravirajsinh45/real-life-industrial-dataset-of-casting-product/casting_data/casting_data/test/def_front/cast_def_0_1544.jpeg,def_front,0,0,def_front,0.9999306,True
/kaggle/input/datasets/ravirajsinh45/real-life-industrial-dataset-of-casting-product/casting_data/casting_data/test/def_front/cast_def_0_1546.jpeg,def_front,0,0,def_front,1.0,True
/kaggle/input/datasets/ravirajsinh45/real-life-industrial-dataset-of-casting-product/casting_data/casting_data/test/def_front/cast_def_0_1547.jpeg,def_front,0,0,def_front,1.0,True
/kaggle/input/datasets/ravirajsinh45/real-life-industrial-dataset-of-casting-product/casting_data/casting_data/test/def_front/cast_def_0_1553.jpeg,def_front,0,0,def_front,0.9999994,True
/kaggle/input/datasets/ravirajsinh45/real-life-industrial-dataset-of-casting-product/casting_data/casting_data/test/def_front/cast_def_0_1555.jpeg,def_front,0,0,def_front,1.0,True
/kaggle/input/datasets/ravirajsinh45/real-life-industrial-dataset-of-casting-product/casting_data/casting_data/test/def_front/cast_def_0_1556.jpeg,def_front,0,0,def_front,1.0,True
/kaggle/input/datasets/ravirajsinh45/real-life-industrial-dataset-of-casting-product/casting_data/casting_data/test/def_front/cast_def_0_1560.jpeg,def_front,0,0,def_front,1.0,True
/kaggle/input/datasets/ravirajsinh45/real-life-industrial-dataset-of-casting-product/casting_data/casting_data/test/def_front/cast_def_0_1565.jpeg,def_front,0,0,def_front,1.0,True
/kaggle/input/datasets/ravirajsinh45/real-life-industrial-dataset-of-casting-product/casting_data/casting_data/test/def_front/cast_def_0_1567.jpeg,def_front,0,0,def_front,0.99849725,True
/kaggle/input/datasets/ravirajsinh45/real-life-industrial-dataset-of-casting-product/casting_data/casting_data/test/def_front/cast_def_0_1568.jpeg,def_front,0,0,def_front,0.9999976,True
/kaggle/input/datasets/ravirajsinh45/real-life-industrial-dataset-of-casting-product/casting_data/casting_data/test/def_front/cast_def_0_1569.jpeg,def_front,0,0,def_front,0.9999995,True
/kaggle/input/datasets/ravirajsinh45/real-life-industrial-dataset-of-casting-product/casting_data/casting_data/test/def_front/cast_def_0_157.jpeg,def_front,0,0,def_front,0.99999595,True
/kaggle/input/datasets/ravirajsinh45/real-life-industrial-dataset-of-casting-product/casting_data/casting_data/test/def_front/cast_def_0_1570.jpeg,def_front,0,0,def_front,0.9999808,True
/kaggle/input/datasets/ravirajsinh45/real-life-industrial-dataset-of-casting-product/casting_data/casting_data/test/def_front/cast_def_0_1571.jpeg,def_front,0,0,def_front,0.99996233,True
/kaggle/input/datasets/ravirajsinh45/real-life-industrial-dataset-of-casting-product/casting_data/casting_data/test/def_front/cast_def_0_1573.jpeg,def_front,0,0,def_front,0.99975365,True
/kaggle/input/datasets/ravirajsinh45/real-life-industrial-dataset-of-casting-product/casting_data/casting_data/test/def_front/cast_def_0_1574.jpeg,def_front,0,0,def_front,1.0,True
/kaggle/input/datasets/ravirajsinh45/real-life-industrial-dataset-of-casting-product/casting_data/casting_data/test/def_front/cast_def_0_1576.jpeg,def_front,0,0,def_front,0.996132,True
/kaggle/input/datasets/ravirajsinh45/real-life-industrial-dataset-of-casting-product/casting_data/casting_data/test/def_front/cast_def_0_158.jpeg,def_front,0,0,def_front,0.99929357,True
/kaggle/input/datasets/ravirajsinh45/real-life-industrial-dataset-of-casting-product/casting_data/casting_data/test/def_front/cast_def_0_1583.jpeg,def_front,0,0,def_front,0.99999976,True
/kaggle/input/datasets/ravirajsinh45/real-life-industrial-dataset-of-casting-product/casting_data/casting_data/test/def_front/cast_def_0_1585.jpeg,def_front,0,1,ok_front,0.6219994,False
/kaggle/input/datasets/ravirajsinh45/real-life-industrial-dataset-of-casting-product/casting_data/casting_data/test/def_front/cast_def_0_1586.jpeg,def_front,0,0,def_front,0.9965425,True
/kaggle/input/datasets/ravirajsinh45/real-life-industrial-dataset-of-casting-product/casting_data/casting_data/test/def_front/cast_def_0_1589.jpeg,def_front,0,0,def_front,0.9999871,True
/kaggle/input/datasets/ravirajsinh45/real-life-industrial-dataset-of-casting-product/casting_data/casting_data/test/def_front/cast_def_0_159.jpeg,def_front,0,0,def_front,0.9997538,True
/kaggle/input/datasets/ravirajsinh45/real-life-industrial-dataset-of-casting-product/casting_data/casting_data/test/def_front/cast_def_0_1590.jpeg,def_front,0,0,def_front,0.9984769,True
/kaggle/input/datasets/ravirajsinh45/real-life-industrial-dataset-of-casting-product/casting_data/casting_data/test/def_front/cast_def_0_1591.jpeg,def_front,0,1,ok_front,0.92593765,False
/kaggle/input/datasets/ravirajsinh45/real-life-industrial-dataset-of-casting-product/casting_data/casting_data/test/def_front/cast_def_0_1593.jpeg,def_front,0,0,def_front,1.0,True
/kaggle/input/datasets/ravirajsinh45/real-life-industrial-dataset-of-casting-product/casting_data/casting_data/test/def_front/cast_def_0_1594.jpeg,def_front,0,0,def_front,0.9999007,True
/kaggle/input/datasets/ravirajsinh45/real-life-industrial-dataset-of-casting-product/casting_data/casting_data/test/def_front/cast_def_0_1596.jpeg,def_front,0,0,def_front,0.9999498,True
/kaggle/input/datasets/ravirajsinh45/real-life-industrial-dataset-of-casting-product/casting_data/casting_data/test/def_front/cast_def_0_1599.jpeg,def_front,0,0,def_front,0.99989367,True
/kaggle/input/datasets/ravirajsinh45/real-life-industrial-dataset-of-casting-product/casting_data/casting_data/test/def_front/cast_def_0_160.jpeg,def_front,0,0,def_front,0.9999999,True
/kaggle/input/datasets/ravirajsinh45/real-life-industrial-dataset-of-casting-product/casting_data/casting_data/test/def_front/cast_def_0_1603.jpeg,def_front,0,0,def_front,0.99999964,True
/kaggle/input/datasets/ravirajsinh45/real-life-industrial-dataset-of-casting-product/casting_data/casting_data/test/def_front/cast_def_0_1607.jpeg,def_front,0,1,ok_front,0.64277077,False
/kaggle/input/datasets/ravirajsinh45/real-life-industrial-dataset-of-casting-product/casting_data/casting_data/test/def_front/cast_def_0_1608.jpeg,def_front,0,0,def_front,0.9999902,True
/kaggle/input/datasets/ravirajsinh45/real-life-industrial-dataset-of-casting-product/casting_data/casting_data/test/def_front/cast_def_0_161.jpeg,def_front,0,0,def_front,0.9999554,True
/kaggle/input/datasets/ravirajsinh45/real-life-industrial-dataset-of-casting-product/casting_data/casting_data/test/def_front/cast_def_0_1612.jpeg,def_front,0,0,def_front,0.9956054,True
/kaggle/input/datasets/ravirajsinh45/real-life-industrial-dataset-of-casting-product/casting_data/casting_data/test/def_front/cast_def_0_1613.jpeg,def_front,0,0,def_front,1.0,True
/kaggle/input/datasets/ravirajsinh45/real-life-industrial-dataset-of-casting-product/casting_data/casting_data/test/def_front/cast_def_0_1614.jpeg,def_front,0,0,def_front,0.9991072,True
/kaggle/input/datasets/ravirajsinh45/real-life-industrial-dataset-of-casting-product/casting_data/casting_data/test/def_front/cast_def_0_1617.jpeg,def_front,0,0,def_front,0.9999391,True
/kaggle/input/datasets/ravirajsinh45/real-life-industrial-dataset-of-casting-product/casting_data/casting_data/test/def_front/cast_def_0_1618.jpeg,def_front,0,0,def_front,0.9999956,True
/kaggle/input/datasets/ravirajsinh45/real-life-industrial-dataset-of-casting-product/casting_data/casting_data/test/def_front/cast_def_0_162.jpeg,def_front,0,0,def_front,0.9999864,True
/kaggle/input/datasets/ravirajsinh45/real-life-industrial-dataset-of-casting-product/casting_data/casting_data/test/def_front/cast_def_0_1620.jpeg,def_front,0,0,def_front,0.99973613,True
/kaggle/input/datasets/ravirajsinh45/real-life-industrial-dataset-of-casting-product/casting_data/casting_data/test/def_front/cast_def_0_1625.jpeg,def_front,0,0,def_front,0.99999857,True
/kaggle/input/datasets/ravirajsinh45/real-life-industrial-dataset-of-casting-product/casting_data/casting_data/test/def_front/cast_def_0_1628.jpeg,def_front,0,0,def_front,0.9999999,True
/kaggle/input/datasets/ravirajsinh45/real-life-industrial-dataset-of-casting-product/casting_data/casting_data/test/def_front/cast_def_0_1629.jpeg,def_front,0,0,def_front,1.0,True
/kaggle/input/datasets/ravirajsinh45/real-life-industrial-dataset-of-casting-product/casting_data/casting_data/test/def_front/cast_def_0_1633.jpeg,def_front,0,0,def_front,0.9997601,True
/kaggle/input/datasets/ravirajsinh45/real-life-industrial-dataset-of-casting-product/casting_data/casting_data/test/def_front/cast_def_0_1634.jpeg,def_front,0,0,def_front,0.9990958,True
/kaggle/input/datasets/ravirajsinh45/real-life-industrial-dataset-of-casting-product/casting_data/casting_data/test/def_front/cast_def_0_1635.jpeg,def_front,0,0,def_front,1.0,True
/kaggle/input/datasets/ravirajsinh45/real-life-industrial-dataset-of-casting-product/casting_data/casting_data/test/def_front/cast_def_0_1636.jpeg,def_front,0,0,def_front,0.99700934,True
/kaggle/input/datasets/ravirajsinh45/real-life-industrial-dataset-of-casting-product/casting_data/casting_data/test/def_front/cast_def_0_1637.jpeg,def_front,0,0,def_front,1.0,True
/kaggle/input/datasets/ravirajsinh45/real-life-industrial-dataset-of-casting-product/casting_data/casting_data/test/def_front/cast_def_0_1638.jpeg,def_front,0,0,def_front,1.0,True
/kaggle/input/datasets/ravirajsinh45/real-life-industrial-dataset-of-casting-product/casting_data/casting_data/test/def_front/cast_def_0_1639.jpeg,def_front,0,0,def_front,0.99999976,True
/kaggle/input/datasets/ravirajsinh45/real-life-industrial-dataset-of-casting-product/casting_data/casting_data/test/def_front/cast_def_0_164.jpeg,def_front,0,0,def_front,1.0,True
/kaggle/input/datasets/ravirajsinh45/real-life-industrial-dataset-of-casting-product/casting_data/casting_data/test/def_front/cast_def_0_1640.jpeg,def_front,0,0,def_front,0.9971987,True
/kaggle/input/datasets/ravirajsinh45/real-life-industrial-dataset-of-casting-product/casting_data/casting_data/test/def_front/cast_def_0_1642.jpeg,def_front,0,0,def_front,0.99979943,True
/kaggle/input/datasets/ravirajsinh45/real-life-industrial-dataset-of-casting-product/casting_data/casting_data/test/def_front/cast_def_0_1644.jpeg,def_front,0,0,def_front,0.9987161,True
/kaggle/input/datasets/ravirajsinh45/real-life-industrial-dataset-of-casting-product/casting_data/casting_data/test/def_front/cast_def_0_1645.jpeg,def_front,0,0,def_front,0.9997367,True
/kaggle/input/datasets/ravirajsinh45/real-life-industrial-dataset-of-casting-product/casting_data/casting_data/test/def_front/cast_def_0_1647.jpeg,def_front,0,0,def_front,0.99999833,True
/kaggle/input/datasets/ravirajsinh45/real-life-industrial-dataset-of-casting-product/casting_data/casting_data/test/def_front/cast_def_0_1653.jpeg,def_front,0,0,def_front,1.0,True
/kaggle/input/datasets/ravirajsinh45/real-life-industrial-dataset-of-casting-product/casting_data/casting_data/test/def_front/cast_def_0_1660.jpeg,def_front,0,0,def_front,1.0,True
/kaggle/input/datasets/ravirajsinh45/real-life-industrial-dataset-of-casting-product/casting_data/casting_data/test/def_front/cast_def_0_1661.jpeg,def_front,0,0,def_front,0.9998708,True
/kaggle/input/datasets/ravirajsinh45/real-life-industrial-dataset-of-casting-product/casting_data/casting_data/test/def_front/cast_def_0_1665.jpeg,def_front,0,0,def_front,1.0,True
/kaggle/input/datasets/ravirajsinh45/real-life-industrial-dataset-of-casting-product/casting_data/casting_data/test/def_front/cast_def_0_1666.jpeg,def_front,0,0,def_front,0.99806637,True
/kaggle/input/datasets/ravirajsinh45/real-life-industrial-dataset-of-casting-product/casting_data/casting_data/test/def_front/cast_def_0_1677.jpeg,def_front,0,0,def_front,0.99995625,True
/kaggle/input/datasets/ravirajsinh45/real-life-industrial-dataset-of-casting-product/casting_data/casting_data/test/def_front/cast_def_0_1678.jpeg,def_front,0,0,def_front,0.99865735,True
/kaggle/input/datasets/ravirajsinh45/real-life-industrial-dataset-of-casting-product/casting_data/casting_data/test/def_front/cast_def_0_1681.jpeg,def_front,0,0,def_front,0.99998975,True
/kaggle/input/datasets/ravirajsinh45/real-life-industrial-dataset-of-casting-product/casting_data/casting_data/test/def_front/cast_def_0_1682.jpeg,def_front,0,0,def_front,0.9999908,True
/kaggle/input/datasets/ravirajsinh45/real-life-industrial-dataset-of-casting-product/casting_data/casting_data/test/def_front/cast_def_0_1683.jpeg,def_front,0,0,def_front,1.0,True
/kaggle/input/datasets/ravirajsinh45/real-life-industrial-dataset-of-casting-product/casting_data/casting_data/test/def_front/cast_def_0_1684.jpeg,def_front,0,0,def_front,0.9999958,True
/kaggle/input/datasets/ravirajsinh45/real-life-industrial-dataset-of-casting-product/casting_data/casting_data/test/def_front/cast_def_0_1685.jpeg,def_front,0,0,def_front,0.9999746,True
/kaggle/input/datasets/ravirajsinh45/real-life-industrial-dataset-of-casting-product/casting_data/casting_data/test/def_front/cast_def_0_1686.jpeg,def_front,0,0,def_front,1.0,True
/kaggle/input/datasets/ravirajsinh45/real-life-industrial-dataset-of-casting-product/casting_data/casting_data/test/def_front/cast_def_0_1688.jpeg,def_front,0,0,def_front,0.9999795,True
/kaggle/input/datasets/ravirajsinh45/real-life-industrial-dataset-of-casting-product/casting_data/casting_data/test/def_front/cast_def_0_174.jpeg,def_front,0,0,def_front,1.0,True
/kaggle/input/datasets/ravirajsinh45/real-life-industrial-dataset-of-casting-product/casting_data/casting_data/test/def_front/cast_def_0_175.jpeg,def_front,0,0,def_front,0.9999974,True
/kaggle/input/datasets/ravirajsinh45/real-life-industrial-dataset-of-casting-product/casting_data/casting_data/test/def_front/cast_def_0_176.jpeg,def_front,0,0,def_front,0.9999341,True
/kaggle/input/datasets/ravirajsinh45/real-life-industrial-dataset-of-casting-product/casting_data/casting_data/test/def_front/cast_def_0_181.jpeg,def_front,0,0,def_front,1.0,True
/kaggle/input/datasets/ravirajsinh45/real-life-industrial-dataset-of-casting-product/casting_data/casting_data/test/def_front/cast_def_0_182.jpeg,def_front,0,0,def_front,0.9999988,True
/kaggle/input/datasets/ravirajsinh45/real-life-industrial-dataset-of-casting-product/casting_data/casting_data/test/def_front/cast_def_0_184.jpeg,def_front,0,0,def_front,0.9999151,True
/kaggle/input/datasets/ravirajsinh45/real-life-industrial-dataset-of-casting-product/casting_data/casting_data/test/def_front/cast_def_0_186.jpeg,def_front,0,1,ok_front,0.5923446,False
/kaggle/input/datasets/ravirajsinh45/real-life-industrial-dataset-of-casting-product/casting_data/casting_data/test/def_front/cast_def_0_1895.jpeg,def_front,0,0,def_front,1.0,True
/kaggle/input/datasets/ravirajsinh45/real-life-industrial-dataset-of-casting-product/casting_data/casting_data/test/def_front/cast_def_0_190.jpeg,def_front,0,0,def_front,0.9999989,True
/kaggle/input/datasets/ravirajsinh45/real-life-industrial-dataset-of-casting-product/casting_data/casting_data/test/def_front/cast_def_0_1903.jpeg,def_front,0,0,def_front,0.99997234,True
/kaggle/input/datasets/ravirajsinh45/real-life-industrial-dataset-of-casting-product/casting_data/casting_data/test/def_front/cast_def_0_193.jpeg,def_front,0,0,def_front,1.0,True
/kaggle/input/datasets/ravirajsinh45/real-life-industrial-dataset-of-casting-product/casting_data/casting_data/test/def_front/cast_def_0_1935.jpeg,def_front,0,0,def_front,0.9995333,True
/kaggle/input/datasets/ravirajsinh45/real-life-industrial-dataset-of-casting-product/casting_data/casting_data/test/def_front/cast_def_0_197.jpeg,def_front,0,0,def_front,0.9999498,True
/kaggle/input/datasets/ravirajsinh45/real-life-industrial-dataset-of-casting-product/casting_data/casting_data/test/def_front/cast_def_0_2053.jpeg,def_front,0,0,def_front,0.99996364,True
/kaggle/input/datasets/ravirajsinh45/real-life-industrial-dataset-of-casting-product/casting_data/casting_data/test/def_front/cast_def_0_2084.jpeg,def_front,0,0,def_front,1.0,True
/kaggle/input/datasets/ravirajsinh45/real-life-industrial-dataset-of-casting-product/casting_data/casting_data/test/def_front/cast_def_0_2100.jpeg,def_front,0,0,def_front,0.99987495,True
/kaggle/input/datasets/ravirajsinh45/real-life-industrial-dataset-of-casting-product/casting_data/casting_data/test/def_front/cast_def_0_2102.jpeg,def_front,0,1,ok_front,0.6025646,False
/kaggle/input/datasets/ravirajsinh45/real-life-industrial-dataset-of-casting-product/casting_data/casting_data/test/def_front/cast_def_0_2104.jpeg,def_front,0,0,def_front,0.9999999,True
/kaggle/input/datasets/ravirajsinh45/real-life-industrial-dataset-of-casting-product/casting_data/casting_data/test/def_front/cast_def_0_2126.jpeg,def_front,0,0,def_front,0.9999956,True
/kaggle/input/datasets/ravirajsinh45/real-life-industrial-dataset-of-casting-product/casting_data/casting_data/test/def_front/cast_def_0_2135.jpeg,def_front,0,0,def_front,1.0,True
/kaggle/input/datasets/ravirajsinh45/real-life-industrial-dataset-of-casting-product/casting_data/casting_data/test/def_front/cast_def_0_2136.jpeg,def_front,0,0,def_front,0.99990034,True
/kaggle/input/datasets/ravirajsinh45/real-life-industrial-dataset-of-casting-product/casting_data/casting_data/test/def_front/cast_def_0_2137.jpeg,def_front,0,0,def_front,1.0,True
/kaggle/input/datasets/ravirajsinh45/real-life-industrial-dataset-of-casting-product/casting_data/casting_data/test/def_front/cast_def_0_2154.jpeg,def_front,0,1,ok_front,0.5675135,False
/kaggle/input/datasets/ravirajsinh45/real-life-industrial-dataset-of-casting-product/casting_data/casting_data/test/def_front/cast_def_0_2155.jpeg,def_front,0,1,ok_front,0.6151791,False
/kaggle/input/datasets/ravirajsinh45/real-life-industrial-dataset-of-casting-product/casting_data/casting_data/test/def_front/cast_def_0_2156.jpeg,def_front,0,0,def_front,0.99998546,True
/kaggle/input/datasets/ravirajsinh45/real-life-industrial-dataset-of-casting-product/casting_data/casting_data/test/def_front/cast_def_0_216.jpeg,def_front,0,0,def_front,0.99997675,True
/kaggle/input/datasets/ravirajsinh45/real-life-industrial-dataset-of-casting-product/casting_data/casting_data/test/def_front/cast_def_0_2176.jpeg,def_front,0,0,def_front,0.999954,True
/kaggle/input/datasets/ravirajsinh45/real-life-industrial-dataset-of-casting-product/casting_data/casting_data/test/def_front/cast_def_0_2177.jpeg,def_front,0,1,ok_front,0.57754445,False
/kaggle/input/datasets/ravirajsinh45/real-life-industrial-dataset-of-casting-product/casting_data/casting_data/test/def_front/cast_def_0_2179.jpeg,def_front,0,0,def_front,0.9997633,True
/kaggle/input/datasets/ravirajsinh45/real-life-industrial-dataset-of-casting-product/casting_data/casting_data/test/def_front/cast_def_0_218.jpeg,def_front,0,0,def_front,0.99999166,True
/kaggle/input/datasets/ravirajsinh45/real-life-industrial-dataset-of-casting-product/casting_data/casting_data/test/def_front/cast_def_0_220.jpeg,def_front,0,0,def_front,0.9999021,True
/kaggle/input/datasets/ravirajsinh45/real-life-industrial-dataset-of-casting-product/casting_data/casting_data/test/def_front/cast_def_0_221.jpeg,def_front,0,0,def_front,0.9999989,True
/kaggle/input/datasets/ravirajsinh45/real-life-industrial-dataset-of-casting-product/casting_data/casting_data/test/def_front/cast_def_0_2211.jpeg,def_front,0,0,def_front,0.9999877,True
/kaggle/input/datasets/ravirajsinh45/real-life-industrial-dataset-of-casting-product/casting_data/casting_data/test/def_front/cast_def_0_2212.jpeg,def_front,0,0,def_front,0.9999999,True
/kaggle/input/datasets/ravirajsinh45/real-life-industrial-dataset-of-casting-product/casting_data/casting_data/test/def_front/cast_def_0_2215.jpeg,def_front,0,0,def_front,0.9999877,True
/kaggle/input/datasets/ravirajsinh45/real-life-industrial-dataset-of-casting-product/casting_data/casting_data/test/def_front/cast_def_0_224.jpeg,def_front,0,0,def_front,0.9999995,True
/kaggle/input/datasets/ravirajsinh45/real-life-industrial-dataset-of-casting-product/casting_data/casting_data/test/def_front/cast_def_0_2241.jpeg,def_front,0,0,def_front,0.9999995,True
/kaggle/input/datasets/ravirajsinh45/real-life-industrial-dataset-of-casting-product/casting_data/casting_data/test/def_front/cast_def_0_2244.jpeg,def_front,0,0,def_front,0.9998846,True
/kaggle/input/datasets/ravirajsinh45/real-life-industrial-dataset-of-casting-product/casting_data/casting_data/test/def_front/cast_def_0_2247.jpeg,def_front,0,0,def_front,0.9999999,True
/kaggle/input/datasets/ravirajsinh45/real-life-industrial-dataset-of-casting-product/casting_data/casting_data/test/def_front/cast_def_0_2273.jpeg,def_front,0,0,def_front,0.99998784,True
/kaggle/input/datasets/ravirajsinh45/real-life-industrial-dataset-of-casting-product/casting_data/casting_data/test/def_front/cast_def_0_2274.jpeg,def_front,0,0,def_front,0.99963725,True
/kaggle/input/datasets/ravirajsinh45/real-life-industrial-dataset-of-casting-product/casting_data/casting_data/test/def_front/cast_def_0_2276.jpeg,def_front,0,0,def_front,1.0,True
/kaggle/input/datasets/ravirajsinh45/real-life-industrial-dataset-of-casting-product/casting_data/casting_data/test/def_front/cast_def_0_228.jpeg,def_front,0,0,def_front,0.9993468,True
/kaggle/input/datasets/ravirajsinh45/real-life-industrial-dataset-of-casting-product/casting_data/casting_data/test/def_front/cast_def_0_2299.jpeg,def_front,0,0,def_front,0.9999975,True
/kaggle/input/datasets/ravirajsinh45/real-life-industrial-dataset-of-casting-product/casting_data/casting_data/test/def_front/cast_def_0_230.jpeg,def_front,0,0,def_front,0.99995625,True
/kaggle/input/datasets/ravirajsinh45/real-life-industrial-dataset-of-casting-product/casting_data/casting_data/test/def_front/cast_def_0_2305.jpeg,def_front,0,0,def_front,0.9994646,True
/kaggle/input/datasets/ravirajsinh45/real-life-industrial-dataset-of-casting-product/casting_data/casting_data/test/def_front/cast_def_0_2308.jpeg,def_front,0,1,ok_front,0.6162064,False
/kaggle/input/datasets/ravirajsinh45/real-life-industrial-dataset-of-casting-product/casting_data/casting_data/test/def_front/cast_def_0_2309.jpeg,def_front,0,0,def_front,0.9999591,True
/kaggle/input/datasets/ravirajsinh45/real-life-industrial-dataset-of-casting-product/casting_data/casting_data/test/def_front/cast_def_0_231.jpeg,def_front,0,0,def_front,0.99999964,True
/kaggle/input/datasets/ravirajsinh45/real-life-industrial-dataset-of-casting-product/casting_data/casting_data/test/def_front/cast_def_0_2319.jpeg,def_front,0,0,def_front,0.9998086,True
/kaggle/input/datasets/ravirajsinh45/real-life-industrial-dataset-of-casting-product/casting_data/casting_data/test/def_front/cast_def_0_2324.jpeg,def_front,0,0,def_front,1.0,True
/kaggle/input/datasets/ravirajsinh45/real-life-industrial-dataset-of-casting-product/casting_data/casting_data/test/def_front/cast_def_0_2339.jpeg,def_front,0,0,def_front,0.9999999,True
/kaggle/input/datasets/ravirajsinh45/real-life-industrial-dataset-of-casting-product/casting_data/casting_data/test/def_front/cast_def_0_2341.jpeg,def_front,0,0,def_front,0.9999232,True
/kaggle/input/datasets/ravirajsinh45/real-life-industrial-dataset-of-casting-product/casting_data/casting_data/test/def_front/cast_def_0_2342.jpeg,def_front,0,0,def_front,1.0,True
/kaggle/input/datasets/ravirajsinh45/real-life-industrial-dataset-of-casting-product/casting_data/casting_data/test/def_front/cast_def_0_235.jpeg,def_front,0,0,def_front,1.0,True
/kaggle/input/datasets/ravirajsinh45/real-life-industrial-dataset-of-casting-product/casting_data/casting_data/test/def_front/cast_def_0_236.jpeg,def_front,0,0,def_front,0.9990004,True
/kaggle/input/datasets/ravirajsinh45/real-life-industrial-dataset-of-casting-product/casting_data/casting_data/test/def_front/cast_def_0_2372.jpeg,def_front,0,0,def_front,0.99996686,True
/kaggle/input/datasets/ravirajsinh45/real-life-industrial-dataset-of-casting-product/casting_data/casting_data/test/def_front/cast_def_0_2375.jpeg,def_front,0,0,def_front,0.9999995,True
/kaggle/input/datasets/ravirajsinh45/real-life-industrial-dataset-of-casting-product/casting_data/casting_data/test/def_front/cast_def_0_2376.jpeg,def_front,0,0,def_front,0.9996793,True
/kaggle/input/datasets/ravirajsinh45/real-life-industrial-dataset-of-casting-product/casting_data/casting_data/test/def_front/cast_def_0_2392.jpeg,def_front,0,0,def_front,0.99999344,True
/kaggle/input/datasets/ravirajsinh45/real-life-industrial-dataset-of-casting-product/casting_data/casting_data/test/def_front/cast_def_0_2393.jpeg,def_front,0,0,def_front,0.99998975,True
/kaggle/input/datasets/ravirajsinh45/real-life-industrial-dataset-of-casting-product/casting_data/casting_data/test/def_front/cast_def_0_2396.jpeg,def_front,0,0,def_front,1.0,True
/kaggle/input/datasets/ravirajsinh45/real-life-industrial-dataset-of-casting-product/casting_data/casting_data/test/def_front/cast_def_0_242.jpeg,def_front,0,0,def_front,1.0,True
/kaggle/input/datasets/ravirajsinh45/real-life-industrial-dataset-of-casting-product/casting_data/casting_data/test/def_front/cast_def_0_2420.jpeg,def_front,0,0,def_front,0.9999958,True
/kaggle/input/datasets/ravirajsinh45/real-life-industrial-dataset-of-casting-product/casting_data/casting_data/test/def_front/cast_def_0_2421.jpeg,def_front,0,0,def_front,0.9999993,True
/kaggle/input/datasets/ravirajsinh45/real-life-industrial-dataset-of-casting-product/casting_data/casting_data/test/def_front/cast_def_0_2422.jpeg,def_front,0,0,def_front,0.99979144,True
/kaggle/input/datasets/ravirajsinh45/real-life-industrial-dataset-of-casting-product/casting_data/casting_data/test/def_front/cast_def_0_2442.jpeg,def_front,0,0,def_front,0.99991024,True
/kaggle/input/datasets/ravirajsinh45/real-life-industrial-dataset-of-casting-product/casting_data/casting_data/test/def_front/cast_def_0_2451.jpeg,def_front,0,0,def_front,1.0,True
/kaggle/input/datasets/ravirajsinh45/real-life-industrial-dataset-of-casting-product/casting_data/casting_data/test/def_front/cast_def_0_2453.jpeg,def_front,0,0,def_front,0.9999492,True
/kaggle/input/datasets/ravirajsinh45/real-life-industrial-dataset-of-casting-product/casting_data/casting_data/test/def_front/cast_def_0_246.jpeg,def_front,0,0,def_front,1.0,True
/kaggle/input/datasets/ravirajsinh45/real-life-industrial-dataset-of-casting-product/casting_data/casting_data/test/def_front/cast_def_0_247.jpeg,def_front,0,0,def_front,0.99999976,True
/kaggle/input/datasets/ravirajsinh45/real-life-industrial-dataset-of-casting-product/casting_data/casting_data/test/def_front/cast_def_0_2479.jpeg,def_front,0,0,def_front,0.9999838,True
/kaggle/input/datasets/ravirajsinh45/real-life-industrial-dataset-of-casting-product/casting_data/casting_data/test/def_front/cast_def_0_2480.jpeg,def_front,0,0,def_front,1.0,True
/kaggle/input/datasets/ravirajsinh45/real-life-industrial-dataset-of-casting-product/casting_data/casting_data/test/def_front/cast_def_0_2483.jpeg,def_front,0,1,ok_front,0.5938365,False
/kaggle/input/datasets/ravirajsinh45/real-life-industrial-dataset-of-casting-product/casting_data/casting_data/test/def_front/cast_def_0_2486.jpeg,def_front,0,0,def_front,0.9999999,True
/kaggle/input/datasets/ravirajsinh45/real-life-industrial-dataset-of-casting-product/casting_data/casting_data/test/def_front/cast_def_0_2487.jpeg,def_front,0,0,def_front,0.9999794,True
/kaggle/input/datasets/ravirajsinh45/real-life-industrial-dataset-of-casting-product/casting_data/casting_data/test/def_front/cast_def_0_249.jpeg,def_front,0,0,def_front,0.9978358,True
/kaggle/input/datasets/ravirajsinh45/real-life-industrial-dataset-of-casting-product/casting_data/casting_data/test/def_front/cast_def_0_2509.jpeg,def_front,0,0,def_front,0.99985313,True
/kaggle/input/datasets/ravirajsinh45/real-life-industrial-dataset-of-casting-product/casting_data/casting_data/test/def_front/cast_def_0_2510.jpeg,def_front,0,0,def_front,0.9999286,True
/kaggle/input/datasets/ravirajsinh45/real-life-industrial-dataset-of-casting-product/casting_data/casting_data/test/def_front/cast_def_0_2514.jpeg,def_front,0,0,def_front,0.99982625,True
/kaggle/input/datasets/ravirajsinh45/real-life-industrial-dataset-of-casting-product/casting_data/casting_data/test/def_front/cast_def_0_2515.jpeg,def_front,0,0,def_front,0.99999917,True
/kaggle/input/datasets/ravirajsinh45/real-life-industrial-dataset-of-casting-product/casting_data/casting_data/test/def_front/cast_def_0_2516.jpeg,def_front,0,0,def_front,1.0,True
/kaggle/input/datasets/ravirajsinh45/real-life-industrial-dataset-of-casting-product/casting_data/casting_data/test/def_front/cast_def_0_2526.jpeg,def_front,0,0,def_front,0.9999944,True
/kaggle/input/datasets/ravirajsinh45/real-life-industrial-dataset-of-casting-product/casting_data/casting_data/test/def_front/cast_def_0_2528.jpeg,def_front,0,0,def_front,1.0,True
/kaggle/input/datasets/ravirajsinh45/real-life-industrial-dataset-of-casting-product/casting_data/casting_data/test/def_front/cast_def_0_2551.jpeg,def_front,0,0,def_front,0.99999976,True
/kaggle/input/datasets/ravirajsinh45/real-life-industrial-dataset-of-casting-product/casting_data/casting_data/test/def_front/cast_def_0_2553.jpeg,def_front,0,0,def_front,0.9999881,True
/kaggle/input/datasets/ravirajsinh45/real-life-industrial-dataset-of-casting-product/casting_data/casting_data/test/def_front/cast_def_0_257.jpeg,def_front,0,0,def_front,0.9999994,True
/kaggle/input/datasets/ravirajsinh45/real-life-industrial-dataset-of-casting-product/casting_data/casting_data/test/def_front/cast_def_0_259.jpeg,def_front,0,0,def_front,0.99997103,True
/kaggle/input/datasets/ravirajsinh45/real-life-industrial-dataset-of-casting-product/casting_data/casting_data/test/def_front/cast_def_0_26.jpeg,def_front,0,0,def_front,0.9999932,True
/kaggle/input/datasets/ravirajsinh45/real-life-industrial-dataset-of-casting-product/casting_data/casting_data/test/def_front/cast_def_0_260.jpeg,def_front,0,0,def_front,1.0,True
/kaggle/input/datasets/ravirajsinh45/real-life-industrial-dataset-of-casting-product/casting_data/casting_data/test/def_front/cast_def_0_275.jpeg,def_front,0,0,def_front,0.99906415,True
/kaggle/input/datasets/ravirajsinh45/real-life-industrial-dataset-of-casting-product/casting_data/casting_data/test/def_front/cast_def_0_28.jpeg,def_front,0,0,def_front,0.9999467,True
/kaggle/input/datasets/ravirajsinh45/real-life-industrial-dataset-of-casting-product/casting_data/casting_data/test/def_front/cast_def_0_280.jpeg,def_front,0,0,def_front,0.9999323,True
/kaggle/input/datasets/ravirajsinh45/real-life-industrial-dataset-of-casting-product/casting_data/casting_data/test/def_front/cast_def_0_283.jpeg,def_front,0,0,def_front,0.99999976,True
/kaggle/input/datasets/ravirajsinh45/real-life-industrial-dataset-of-casting-product/casting_data/casting_data/test/def_front/cast_def_0_290.jpeg,def_front,0,0,def_front,1.0,True
/kaggle/input/datasets/ravirajsinh45/real-life-industrial-dataset-of-casting-product/casting_data/casting_data/test/def_front/cast_def_0_291.jpeg,def_front,0,0,def_front,0.999574,True
/kaggle/input/datasets/ravirajsinh45/real-life-industrial-dataset-of-casting-product/casting_data/casting_data/test/def_front/cast_def_0_299.jpeg,def_front,0,0,def_front,0.9999999,True
/kaggle/input/datasets/ravirajsinh45/real-life-industrial-dataset-of-casting-product/casting_data/casting_data/test/def_front/cast_def_0_302.jpeg,def_front,0,0,def_front,0.9999981,True
/kaggle/input/datasets/ravirajsinh45/real-life-industrial-dataset-of-casting-product/casting_data/casting_data/test/def_front/cast_def_0_303.jpeg,def_front,0,0,def_front,0.9999857,True
/kaggle/input/datasets/ravirajsinh45/real-life-industrial-dataset-of-casting-product/casting_data/casting_data/test/def_front/cast_def_0_3105.jpeg,def_front,0,0,def_front,0.99428153,True
/kaggle/input/datasets/ravirajsinh45/real-life-industrial-dataset-of-casting-product/casting_data/casting_data/test/def_front/cast_def_0_3106.jpeg,def_front,0,0,def_front,1.0,True
/kaggle/input/datasets/ravirajsinh45/real-life-industrial-dataset-of-casting-product/casting_data/casting_data/test/def_front/cast_def_0_3108.jpeg,def_front,0,0,def_front,1.0,True
/kaggle/input/datasets/ravirajsinh45/real-life-industrial-dataset-of-casting-product/casting_data/casting_data/test/def_front/cast_def_0_3121.jpeg,def_front,0,0,def_front,0.9999769,True
/kaggle/input/datasets/ravirajsinh45/real-life-industrial-dataset-of-casting-product/casting_data/casting_data/test/def_front/cast_def_0_3122.jpeg,def_front,0,0,def_front,0.9999999,True
/kaggle/input/datasets/ravirajsinh45/real-life-industrial-dataset-of-casting-product/casting_data/casting_data/test/def_front/cast_def_0_3123.jpeg,def_front,0,0,def_front,0.9999958,True
/kaggle/input/datasets/ravirajsinh45/real-life-industrial-dataset-of-casting-product/casting_data/casting_data/test/def_front/cast_def_0_3387.jpeg,def_front,0,0,def_front,0.99997604,True
/kaggle/input/datasets/ravirajsinh45/real-life-industrial-dataset-of-casting-product/casting_data/casting_data/test/def_front/cast_def_0_3388.jpeg,def_front,0,0,def_front,1.0,True
/kaggle/input/datasets/ravirajsinh45/real-life-industrial-dataset-of-casting-product/casting_data/casting_data/test/def_front/cast_def_0_340.jpeg,def_front,0,0,def_front,0.99995315,True
/kaggle/input/datasets/ravirajsinh45/real-life-industrial-dataset-of-casting-product/casting_data/casting_data/test/def_front/cast_def_0_3412.jpeg,def_front,0,0,def_front,0.9999089,True
/kaggle/input/datasets/ravirajsinh45/real-life-industrial-dataset-of-casting-product/casting_data/casting_data/test/def_front/cast_def_0_3416.jpeg,def_front,0,0,def_front,1.0,True
/kaggle/input/datasets/ravirajsinh45/real-life-industrial-dataset-of-casting-product/casting_data/casting_data/test/def_front/cast_def_0_3438.jpeg,def_front,0,0,def_front,1.0,True
/kaggle/input/datasets/ravirajsinh45/real-life-industrial-dataset-of-casting-product/casting_data/casting_data/test/def_front/cast_def_0_3446.jpeg,def_front,0,0,def_front,0.99898213,True
/kaggle/input/datasets/ravirajsinh45/real-life-industrial-dataset-of-casting-product/casting_data/casting_data/test/def_front/cast_def_0_3473.jpeg,def_front,0,0,def_front,0.99802715,True
/kaggle/input/datasets/ravirajsinh45/real-life-industrial-dataset-of-casting-product/casting_data/casting_data/test/def_front/cast_def_0_3500.jpeg,def_front,0,0,def_front,0.99999964,True
/kaggle/input/datasets/ravirajsinh45/real-life-industrial-dataset-of-casting-product/casting_data/casting_data/test/def_front/cast_def_0_3503.jpeg,def_front,0,0,def_front,0.9999945,True
/kaggle/input/datasets/ravirajsinh45/real-life-industrial-dataset-of-casting-product/casting_data/casting_data/test/def_front/cast_def_0_363.jpeg,def_front,0,0,def_front,0.99999857,True
/kaggle/input/datasets/ravirajsinh45/real-life-industrial-dataset-of-casting-product/casting_data/casting_data/test/def_front/cast_def_0_367.jpeg,def_front,0,0,def_front,1.0,True
/kaggle/input/datasets/ravirajsinh45/real-life-industrial-dataset-of-casting-product/casting_data/casting_data/test/def_front/cast_def_0_40.jpeg,def_front,0,0,def_front,1.0,True
/kaggle/input/datasets/ravirajsinh45/real-life-industrial-dataset-of-casting-product/casting_data/casting_data/test/def_front/cast_def_0_411.jpeg,def_front,0,0,def_front,0.9999802,True
/kaggle/input/datasets/ravirajsinh45/real-life-industrial-dataset-of-casting-product/casting_data/casting_data/test/def_front/cast_def_0_4133.jpeg,def_front,0,0,def_front,1.0,True
/kaggle/input/datasets/ravirajsinh45/real-life-industrial-dataset-of-casting-product/casting_data/casting_data/test/def_front/cast_def_0_4134.jpeg,def_front,0,0,def_front,1.0,True
/kaggle/input/datasets/ravirajsinh45/real-life-industrial-dataset-of-casting-product/casting_data/casting_data/test/def_front/cast_def_0_4137.jpeg,def_front,0,0,def_front,0.99999976,True
/kaggle/input/datasets/ravirajsinh45/real-life-industrial-dataset-of-casting-product/casting_data/casting_data/test/def_front/cast_def_0_4156.jpeg,def_front,0,0,def_front,0.9999969,True
/kaggle/input/datasets/ravirajsinh45/real-life-industrial-dataset-of-casting-product/casting_data/casting_data/test/def_front/cast_def_0_4160.jpeg,def_front,0,0,def_front,1.0,True
/kaggle/input/datasets/ravirajsinh45/real-life-industrial-dataset-of-casting-product/casting_data/casting_data/test/def_front/cast_def_0_4164.jpeg,def_front,0,0,def_front,0.9995165,True
/kaggle/input/datasets/ravirajsinh45/real-life-industrial-dataset-of-casting-product/casting_data/casting_data/test/def_front/cast_def_0_4175.jpeg,def_front,0,0,def_front,0.9999989,True
/kaggle/input/datasets/ravirajsinh45/real-life-industrial-dataset-of-casting-product/casting_data/casting_data/test/def_front/cast_def_0_4186.jpeg,def_front,0,0,def_front,0.99928516,True
/kaggle/input/datasets/ravirajsinh45/real-life-industrial-dataset-of-casting-product/casting_data/casting_data/test/def_front/cast_def_0_4198.jpeg,def_front,0,1,ok_front,0.5671567,False
/kaggle/input/datasets/ravirajsinh45/real-life-industrial-dataset-of-casting-product/casting_data/casting_data/test/def_front/cast_def_0_432.jpeg,def_front,0,0,def_front,1.0,True
/kaggle/input/datasets/ravirajsinh45/real-life-industrial-dataset-of-casting-product/casting_data/casting_data/test/def_front/cast_def_0_434.jpeg,def_front,0,0,def_front,0.99875903,True
/kaggle/input/datasets/ravirajsinh45/real-life-industrial-dataset-of-casting-product/casting_data/casting_data/test/def_front/cast_def_0_436.jpeg,def_front,0,0,def_front,0.9999988,True
/kaggle/input/datasets/ravirajsinh45/real-life-industrial-dataset-of-casting-product/casting_data/casting_data/test/def_front/cast_def_0_437.jpeg,def_front,0,0,def_front,1.0,True
/kaggle/input/datasets/ravirajsinh45/real-life-industrial-dataset-of-casting-product/casting_data/casting_data/test/def_front/cast_def_0_439.jpeg,def_front,0,0,def_front,0.9999783,True
/kaggle/input/datasets/ravirajsinh45/real-life-industrial-dataset-of-casting-product/casting_data/casting_data/test/def_front/cast_def_0_441.jpeg,def_front,0,0,def_front,0.999778,True
/kaggle/input/datasets/ravirajsinh45/real-life-industrial-dataset-of-casting-product/casting_data/casting_data/test/def_front/cast_def_0_442.jpeg,def_front,0,0,def_front,0.99960643,True
/kaggle/input/datasets/ravirajsinh45/real-life-industrial-dataset-of-casting-product/casting_data/casting_data/test/def_front/cast_def_0_450.jpeg,def_front,0,0,def_front,0.9999188,True
/kaggle/input/datasets/ravirajsinh45/real-life-industrial-dataset-of-casting-product/casting_data/casting_data/test/def_front/cast_def_0_455.jpeg,def_front,0,0,def_front,1.0,True
/kaggle/input/datasets/ravirajsinh45/real-life-industrial-dataset-of-casting-product/casting_data/casting_data/test/def_front/cast_def_0_456.jpeg,def_front,0,0,def_front,0.99987817,True
/kaggle/input/datasets/ravirajsinh45/real-life-industrial-dataset-of-casting-product/casting_data/casting_data/test/def_front/cast_def_0_457.jpeg,def_front,0,0,def_front,0.9998667,True
/kaggle/input/datasets/ravirajsinh45/real-life-industrial-dataset-of-casting-product/casting_data/casting_data/test/def_front/cast_def_0_459.jpeg,def_front,0,0,def_front,0.9999964,True
/kaggle/input/datasets/ravirajsinh45/real-life-industrial-dataset-of-casting-product/casting_data/casting_data/test/def_front/cast_def_0_460.jpeg,def_front,0,0,def_front,0.99950385,True
/kaggle/input/datasets/ravirajsinh45/real-life-industrial-dataset-of-casting-product/casting_data/casting_data/test/def_front/cast_def_0_461.jpeg,def_front,0,1,ok_front,0.64442325,False
/kaggle/input/datasets/ravirajsinh45/real-life-industrial-dataset-of-casting-product/casting_data/casting_data/test/def_front/cast_def_0_462.jpeg,def_front,0,0,def_front,0.99999964,True
/kaggle/input/datasets/ravirajsinh45/real-life-industrial-dataset-of-casting-product/casting_data/casting_data/test/def_front/cast_def_0_468.jpeg,def_front,0,0,def_front,0.9999069,True
/kaggle/input/datasets/ravirajsinh45/real-life-industrial-dataset-of-casting-product/casting_data/casting_data/test/def_front/cast_def_0_480.jpeg,def_front,0,1,ok_front,0.6019651,False
/kaggle/input/datasets/ravirajsinh45/real-life-industrial-dataset-of-casting-product/casting_data/casting_data/test/def_front/cast_def_0_483.jpeg,def_front,0,0,def_front,0.9998894,True
/kaggle/input/datasets/ravirajsinh45/real-life-industrial-dataset-of-casting-product/casting_data/casting_data/test/def_front/cast_def_0_485.jpeg,def_front,0,0,def_front,0.99928206,True
/kaggle/input/datasets/ravirajsinh45/real-life-industrial-dataset-of-casting-product/casting_data/casting_data/test/def_front/cast_def_0_486.jpeg,def_front,0,0,def_front,0.9999982,True
/kaggle/input/datasets/ravirajsinh45/real-life-industrial-dataset-of-casting-product/casting_data/casting_data/test/def_front/cast_def_0_49.jpeg,def_front,0,0,def_front,1.0,True
/kaggle/input/datasets/ravirajsinh45/real-life-industrial-dataset-of-casting-product/casting_data/casting_data/test/def_front/cast_def_0_490.jpeg,def_front,0,0,def_front,0.99930954,True
/kaggle/input/datasets/ravirajsinh45/real-life-industrial-dataset-of-casting-product/casting_data/casting_data/test/def_front/cast_def_0_491.jpeg,def_front,0,0,def_front,0.9950642,True
/kaggle/input/datasets/ravirajsinh45/real-life-industrial-dataset-of-casting-product/casting_data/casting_data/test/def_front/cast_def_0_495.jpeg,def_front,0,0,def_front,0.99998736,True
/kaggle/input/datasets/ravirajsinh45/real-life-industrial-dataset-of-casting-product/casting_data/casting_data/test/def_front/cast_def_0_496.jpeg,def_front,0,0,def_front,0.9999995,True
/kaggle/input/datasets/ravirajsinh45/real-life-industrial-dataset-of-casting-product/casting_data/casting_data/test/def_front/cast_def_0_499.jpeg,def_front,0,0,def_front,0.99999774,True
/kaggle/input/datasets/ravirajsinh45/real-life-industrial-dataset-of-casting-product/casting_data/casting_data/test/def_front/cast_def_0_500.jpeg,def_front,0,0,def_front,0.99999976,True
/kaggle/input/datasets/ravirajsinh45/real-life-industrial-dataset-of-casting-product/casting_data/casting_data/test/def_front/cast_def_0_501.jpeg,def_front,0,0,def_front,0.9997743,True
/kaggle/input/datasets/ravirajsinh45/real-life-industrial-dataset-of-casting-product/casting_data/casting_data/test/def_front/cast_def_0_504.jpeg,def_front,0,0,def_front,0.9999999,True
/kaggle/input/datasets/ravirajsinh45/real-life-industrial-dataset-of-casting-product/casting_data/casting_data/test/def_front/cast_def_0_505.jpeg,def_front,0,0,def_front,0.99988866,True
/kaggle/input/datasets/ravirajsinh45/real-life-industrial-dataset-of-casting-product/casting_data/casting_data/test/def_front/cast_def_0_506.jpeg,def_front,0,0,def_front,1.0,True
/kaggle/input/datasets/ravirajsinh45/real-life-industrial-dataset-of-casting-product/casting_data/casting_data/test/def_front/cast_def_0_507.jpeg,def_front,0,0,def_front,0.9999927,True
/kaggle/input/datasets/ravirajsinh45/real-life-industrial-dataset-of-casting-product/casting_data/casting_data/test/def_front/cast_def_0_514.jpeg,def_front,0,0,def_front,0.99923885,True
/kaggle/input/datasets/ravirajsinh45/real-life-industrial-dataset-of-casting-product/casting_data/casting_data/test/def_front/cast_def_0_515.jpeg,def_front,0,0,def_front,0.9999138,True
/kaggle/input/datasets/ravirajsinh45/real-life-industrial-dataset-of-casting-product/casting_data/casting_data/test/def_front/cast_def_0_519.jpeg,def_front,0,0,def_front,0.9999999,True
/kaggle/input/datasets/ravirajsinh45/real-life-industrial-dataset-of-casting-product/casting_data/casting_data/test/def_front/cast_def_0_520.jpeg,def_front,0,0,def_front,0.9999974,True
/kaggle/input/datasets/ravirajsinh45/real-life-industrial-dataset-of-casting-product/casting_data/casting_data/test/def_front/cast_def_0_5251.jpeg,def_front,0,0,def_front,1.0,True
/kaggle/input/datasets/ravirajsinh45/real-life-industrial-dataset-of-casting-product/casting_data/casting_data/test/def_front/cast_def_0_5289.jpeg,def_front,0,0,def_front,0.9999701,True
/kaggle/input/datasets/ravirajsinh45/real-life-industrial-dataset-of-casting-product/casting_data/casting_data/test/def_front/cast_def_0_5297.jpeg,def_front,0,0,def_front,1.0,True
/kaggle/input/datasets/ravirajsinh45/real-life-industrial-dataset-of-casting-product/casting_data/casting_data/test/def_front/cast_def_0_5302.jpeg,def_front,0,0,def_front,1.0,True
/kaggle/input/datasets/ravirajsinh45/real-life-industrial-dataset-of-casting-product/casting_data/casting_data/test/def_front/cast_def_0_531.jpeg,def_front,0,0,def_front,0.99985325,True
/kaggle/input/datasets/ravirajsinh45/real-life-industrial-dataset-of-casting-product/casting_data/casting_data/test/def_front/cast_def_0_532.jpeg,def_front,0,0,def_front,0.9999988,True
/kaggle/input/datasets/ravirajsinh45/real-life-industrial-dataset-of-casting-product/casting_data/casting_data/test/def_front/cast_def_0_534.jpeg,def_front,0,0,def_front,1.0,True
/kaggle/input/datasets/ravirajsinh45/real-life-industrial-dataset-of-casting-product/casting_data/casting_data/test/def_front/cast_def_0_535.jpeg,def_front,0,0,def_front,0.9999887,True
/kaggle/input/datasets/ravirajsinh45/real-life-industrial-dataset-of-casting-product/casting_data/casting_data/test/def_front/cast_def_0_536.jpeg,def_front,0,0,def_front,0.9996785,True
/kaggle/input/datasets/ravirajsinh45/real-life-industrial-dataset-of-casting-product/casting_data/casting_data/test/def_front/cast_def_0_537.jpeg,def_front,0,0,def_front,0.9957924,True
/kaggle/input/datasets/ravirajsinh45/real-life-industrial-dataset-of-casting-product/casting_data/casting_data/test/def_front/cast_def_0_538.jpeg,def_front,0,0,def_front,0.9998796,True
/kaggle/input/datasets/ravirajsinh45/real-life-industrial-dataset-of-casting-product/casting_data/casting_data/test/def_front/cast_def_0_549.jpeg,def_front,0,0,def_front,0.9995647,True
/kaggle/input/datasets/ravirajsinh45/real-life-industrial-dataset-of-casting-product/casting_data/casting_data/test/def_front/cast_def_0_551.jpeg,def_front,0,0,def_front,0.9999964,True
/kaggle/input/datasets/ravirajsinh45/real-life-industrial-dataset-of-casting-product/casting_data/casting_data/test/def_front/cast_def_0_552.jpeg,def_front,0,0,def_front,1.0,True
/kaggle/input/datasets/ravirajsinh45/real-life-industrial-dataset-of-casting-product/casting_data/casting_data/test/def_front/cast_def_0_555.jpeg,def_front,0,0,def_front,0.9995956,True
/kaggle/input/datasets/ravirajsinh45/real-life-industrial-dataset-of-casting-product/casting_data/casting_data/test/def_front/cast_def_0_558.jpeg,def_front,0,0,def_front,0.99999964,True
/kaggle/input/datasets/ravirajsinh45/real-life-industrial-dataset-of-casting-product/casting_data/casting_data/test/def_front/cast_def_0_560.jpeg,def_front,0,0,def_front,1.0,True
/kaggle/input/datasets/ravirajsinh45/real-life-industrial-dataset-of-casting-product/casting_data/casting_data/test/def_front/cast_def_0_564.jpeg,def_front,0,0,def_front,0.99999285,True
/kaggle/input/datasets/ravirajsinh45/real-life-industrial-dataset-of-casting-product/casting_data/casting_data/test/def_front/cast_def_0_586.jpeg,def_front,0,0,def_front,0.9999962,True
/kaggle/input/datasets/ravirajsinh45/real-life-industrial-dataset-of-casting-product/casting_data/casting_data/test/def_front/cast_def_0_588.jpeg,def_front,0,0,def_front,0.9999999,True
/kaggle/input/datasets/ravirajsinh45/real-life-industrial-dataset-of-casting-product/casting_data/casting_data/test/def_front/cast_def_0_589.jpeg,def_front,0,0,def_front,1.0,True
/kaggle/input/datasets/ravirajsinh45/real-life-industrial-dataset-of-casting-product/casting_data/casting_data/test/def_front/cast_def_0_590.jpeg,def_front,0,0,def_front,1.0,True
/kaggle/input/datasets/ravirajsinh45/real-life-industrial-dataset-of-casting-product/casting_data/casting_data/test/def_front/cast_def_0_591.jpeg,def_front,0,0,def_front,0.99999046,True
/kaggle/input/datasets/ravirajsinh45/real-life-industrial-dataset-of-casting-product/casting_data/casting_data/test/def_front/cast_def_0_592.jpeg,def_front,0,0,def_front,1.0,True
/kaggle/input/datasets/ravirajsinh45/real-life-industrial-dataset-of-casting-product/casting_data/casting_data/test/def_front/cast_def_0_594.jpeg,def_front,0,0,def_front,0.99999845,True
/kaggle/input/datasets/ravirajsinh45/real-life-industrial-dataset-of-casting-product/casting_data/casting_data/test/def_front/cast_def_0_61.jpeg,def_front,0,1,ok_front,0.61412746,False
/kaggle/input/datasets/ravirajsinh45/real-life-industrial-dataset-of-casting-product/casting_data/casting_data/test/def_front/cast_def_0_616.jpeg,def_front,0,0,def_front,0.9987531,True
/kaggle/input/datasets/ravirajsinh45/real-life-industrial-dataset-of-casting-product/casting_data/casting_data/test/def_front/cast_def_0_617.jpeg,def_front,0,0,def_front,0.9999467,True
/kaggle/input/datasets/ravirajsinh45/real-life-industrial-dataset-of-casting-product/casting_data/casting_data/test/def_front/cast_def_0_618.jpeg,def_front,0,0,def_front,0.99927133,True
/kaggle/input/datasets/ravirajsinh45/real-life-industrial-dataset-of-casting-product/casting_data/casting_data/test/def_front/cast_def_0_619.jpeg,def_front,0,0,def_front,0.99999964,True
/kaggle/input/datasets/ravirajsinh45/real-life-industrial-dataset-of-casting-product/casting_data/casting_data/test/def_front/cast_def_0_620.jpeg,def_front,0,0,def_front,0.999998,True
/kaggle/input/datasets/ravirajsinh45/real-life-industrial-dataset-of-casting-product/casting_data/casting_data/test/def_front/cast_def_0_621.jpeg,def_front,0,0,def_front,0.9999174,True
/kaggle/input/datasets/ravirajsinh45/real-life-industrial-dataset-of-casting-product/casting_data/casting_data/test/def_front/cast_def_0_629.jpeg,def_front,0,0,def_front,0.9997352,True
/kaggle/input/datasets/ravirajsinh45/real-life-industrial-dataset-of-casting-product/casting_data/casting_data/test/def_front/cast_def_0_641.jpeg,def_front,0,0,def_front,0.999997,True
/kaggle/input/datasets/ravirajsinh45/real-life-industrial-dataset-of-casting-product/casting_data/casting_data/test/def_front/cast_def_0_642.jpeg,def_front,0,0,def_front,0.99999535,True
/kaggle/input/datasets/ravirajsinh45/real-life-industrial-dataset-of-casting-product/casting_data/casting_data/test/def_front/cast_def_0_643.jpeg,def_front,0,0,def_front,0.9999913,True
/kaggle/input/datasets/ravirajsinh45/real-life-industrial-dataset-of-casting-product/casting_data/casting_data/test/def_front/cast_def_0_645.jpeg,def_front,0,0,def_front,0.9995258,True
/kaggle/input/datasets/ravirajsinh45/real-life-industrial-dataset-of-casting-product/casting_data/casting_data/test/def_front/cast_def_0_646.jpeg,def_front,0,0,def_front,1.0,True
/kaggle/input/datasets/ravirajsinh45/real-life-industrial-dataset-of-casting-product/casting_data/casting_data/test/def_front/cast_def_0_647.jpeg,def_front,0,0,def_front,1.0,True
/kaggle/input/datasets/ravirajsinh45/real-life-industrial-dataset-of-casting-product/casting_data/casting_data/test/def_front/cast_def_0_648.jpeg,def_front,0,0,def_front,0.99999976,True
/kaggle/input/datasets/ravirajsinh45/real-life-industrial-dataset-of-casting-product/casting_data/casting_data/test/def_front/cast_def_0_65.jpeg,def_front,0,0,def_front,1.0,True
/kaggle/input/datasets/ravirajsinh45/real-life-industrial-dataset-of-casting-product/casting_data/casting_data/test/def_front/cast_def_0_656.jpeg,def_front,0,0,def_front,1.0,True
/kaggle/input/datasets/ravirajsinh45/real-life-industrial-dataset-of-casting-product/casting_data/casting_data/test/def_front/cast_def_0_659.jpeg,def_front,0,0,def_front,1.0,True
/kaggle/input/datasets/ravirajsinh45/real-life-industrial-dataset-of-casting-product/casting_data/casting_data/test/def_front/cast_def_0_661.jpeg,def_front,0,0,def_front,0.9999994,True
/kaggle/input/datasets/ravirajsinh45/real-life-industrial-dataset-of-casting-product/casting_data/casting_data/test/def_front/cast_def_0_662.jpeg,def_front,0,0,def_front,0.9998048,True
/kaggle/input/datasets/ravirajsinh45/real-life-industrial-dataset-of-casting-product/casting_data/casting_data/test/def_front/cast_def_0_663.jpeg,def_front,0,0,def_front,0.99823016,True
/kaggle/input/datasets/ravirajsinh45/real-life-industrial-dataset-of-casting-product/casting_data/casting_data/test/def_front/cast_def_0_666.jpeg,def_front,0,1,ok_front,0.6335683,False
/kaggle/input/datasets/ravirajsinh45/real-life-industrial-dataset-of-casting-product/casting_data/casting_data/test/def_front/cast_def_0_669.jpeg,def_front,0,0,def_front,0.9994179,True
/kaggle/input/datasets/ravirajsinh45/real-life-industrial-dataset-of-casting-product/casting_data/casting_data/test/def_front/cast_def_0_67.jpeg,def_front,0,0,def_front,0.9999989,True
/kaggle/input/datasets/ravirajsinh45/real-life-industrial-dataset-of-casting-product/casting_data/casting_data/test/def_front/cast_def_0_7.jpeg,def_front,0,0,def_front,0.999984,True
/kaggle/input/datasets/ravirajsinh45/real-life-industrial-dataset-of-casting-product/casting_data/casting_data/test/def_front/cast_def_0_703.jpeg,def_front,0,0,def_front,0.9999889,True
/kaggle/input/datasets/ravirajsinh45/real-life-industrial-dataset-of-casting-product/casting_data/casting_data/test/def_front/cast_def_0_708.jpeg,def_front,0,0,def_front,0.9989048,True
/kaggle/input/datasets/ravirajsinh45/real-life-industrial-dataset-of-casting-product/casting_data/casting_data/test/def_front/cast_def_0_715.jpeg,def_front,0,0,def_front,0.99971646,True
/kaggle/input/datasets/ravirajsinh45/real-life-industrial-dataset-of-casting-product/casting_data/casting_data/test/def_front/cast_def_0_717.jpeg,def_front,0,0,def_front,0.9999466,True
/kaggle/input/datasets/ravirajsinh45/real-life-industrial-dataset-of-casting-product/casting_data/casting_data/test/def_front/cast_def_0_7241.jpeg,def_front,0,0,def_front,1.0,True
/kaggle/input/datasets/ravirajsinh45/real-life-industrial-dataset-of-casting-product/casting_data/casting_data/test/def_front/cast_def_0_7271.jpeg,def_front,0,0,def_front,0.9999994,True
/kaggle/input/datasets/ravirajsinh45/real-life-industrial-dataset-of-casting-product/casting_data/casting_data/test/def_front/cast_def_0_732.jpeg,def_front,0,0,def_front,0.9999999,True
/kaggle/input/datasets/ravirajsinh45/real-life-industrial-dataset-of-casting-product/casting_data/casting_data/test/def_front/cast_def_0_7442.jpeg,def_front,0,0,def_front,0.9988751,True
/kaggle/input/datasets/ravirajsinh45/real-life-industrial-dataset-of-casting-product/casting_data/casting_data/test/def_front/cast_def_0_7454.jpeg,def_front,0,0,def_front,0.9999429,True
/kaggle/input/datasets/ravirajsinh45/real-life-industrial-dataset-of-casting-product/casting_data/casting_data/test/def_front/cast_def_0_7468.jpeg,def_front,0,0,def_front,0.9996995,True
/kaggle/input/datasets/ravirajsinh45/real-life-industrial-dataset-of-casting-product/casting_data/casting_data/test/def_front/cast_def_0_7481.jpeg,def_front,0,0,def_front,1.0,True
/kaggle/input/datasets/ravirajsinh45/real-life-industrial-dataset-of-casting-product/casting_data/casting_data/test/def_front/cast_def_0_7596.jpeg,def_front,0,0,def_front,0.99999833,True
/kaggle/input/datasets/ravirajsinh45/real-life-industrial-dataset-of-casting-product/casting_data/casting_data/test/def_front/cast_def_0_7653.jpeg,def_front,0,0,def_front,0.99997675,True
/kaggle/input/datasets/ravirajsinh45/real-life-industrial-dataset-of-casting-product/casting_data/casting_data/test/def_front/cast_def_0_7659.jpeg,def_front,0,0,def_front,1.0,True
/kaggle/input/datasets/ravirajsinh45/real-life-industrial-dataset-of-casting-product/casting_data/casting_data/test/def_front/cast_def_0_811.jpeg,def_front,0,0,def_front,0.99997187,True
/kaggle/input/datasets/ravirajsinh45/real-life-industrial-dataset-of-casting-product/casting_data/casting_data/test/def_front/cast_def_0_829.jpeg,def_front,0,0,def_front,0.99995875,True
/kaggle/input/datasets/ravirajsinh45/real-life-industrial-dataset-of-casting-product/casting_data/casting_data/test/def_front/cast_def_0_831.jpeg,def_front,0,0,def_front,0.9980684,True
/kaggle/input/datasets/ravirajsinh45/real-life-industrial-dataset-of-casting-product/casting_data/casting_data/test/def_front/cast_def_0_849.jpeg,def_front,0,0,def_front,0.9999999,True
/kaggle/input/datasets/ravirajsinh45/real-life-industrial-dataset-of-casting-product/casting_data/casting_data/test/def_front/cast_def_0_85.jpeg,def_front,0,0,def_front,1.0,True
/kaggle/input/datasets/ravirajsinh45/real-life-industrial-dataset-of-casting-product/casting_data/casting_data/test/def_front/cast_def_0_87.jpeg,def_front,0,0,def_front,0.9999994,True
/kaggle/input/datasets/ravirajsinh45/real-life-industrial-dataset-of-casting-product/casting_data/casting_data/test/def_front/cast_def_0_88.jpeg,def_front,0,0,def_front,0.99986625,True
/kaggle/input/datasets/ravirajsinh45/real-life-industrial-dataset-of-casting-product/casting_data/casting_data/test/def_front/cast_def_0_9270.jpeg,def_front,0,0,def_front,0.9999993,True
/kaggle/input/datasets/ravirajsinh45/real-life-industrial-dataset-of-casting-product/casting_data/casting_data/test/def_front/cast_def_0_939.jpeg,def_front,0,0,def_front,1.0,True
/kaggle/input/datasets/ravirajsinh45/real-life-industrial-dataset-of-casting-product/casting_data/casting_data/test/def_front/cast_def_0_9747.jpeg,def_front,0,0,def_front,0.99934703,True
/kaggle/input/datasets/ravirajsinh45/real-life-industrial-dataset-of-casting-product/casting_data/casting_data/test/def_front/cast_def_0_9751.jpeg,def_front,0,0,def_front,0.99665016,True
/kaggle/input/datasets/ravirajsinh45/real-life-industrial-dataset-of-casting-product/casting_data/casting_data/test/def_front/cast_def_0_9758.jpeg,def_front,0,0,def_front,1.0,True
/kaggle/input/datasets/ravirajsinh45/real-life-industrial-dataset-of-casting-product/casting_data/casting_data/test/def_front/cast_def_0_983.jpeg,def_front,0,0,def_front,0.9993381,True
/kaggle/input/datasets/ravirajsinh45/real-life-industrial-dataset-of-casting-product/casting_data/casting_data/test/def_front/cast_def_0_9921.jpeg,def_front,0,1,ok_front,0.6497537,False
/kaggle/input/datasets/ravirajsinh45/real-life-industrial-dataset-of-casting-product/casting_data/casting_data/test/def_front/cast_def_0_9925.jpeg,def_front,0,0,def_front,0.9999912,True
/kaggle/input/datasets/ravirajsinh45/real-life-industrial-dataset-of-casting-product/casting_data/casting_data/test/def_front/cast_def_0_9927.jpeg,def_front,0,0,def_front,0.9999999,True
/kaggle/input/datasets/ravirajsinh45/real-life-industrial-dataset-of-casting-product/casting_data/casting_data/test/def_front/cast_def_0_9960.jpeg,def_front,0,0,def_front,0.9999995,True
/kaggle/input/datasets/ravirajsinh45/real-life-industrial-dataset-of-casting-product/casting_data/casting_data/test/def_front/cast_def_0_9969.jpeg,def_front,0,0,def_front,0.9999752,True
/kaggle/input/datasets/ravirajsinh45/real-life-industrial-dataset-of-casting-product/casting_data/casting_data/test/def_front/cast_def_0_9991.jpeg,def_front,0,0,def_front,0.99542254,True
/kaggle/input/datasets/ravirajsinh45/real-life-industrial-dataset-of-casting-product/casting_data/casting_data/test/def_front/new__0_1339.jpeg,def_front,0,0,def_front,0.9999956,True
/kaggle/input/datasets/ravirajsinh45/real-life-industrial-dataset-of-casting-product/casting_data/casting_data/test/def_front/new__0_1353.jpeg,def_front,0,0,def_front,0.9999994,True
/kaggle/input/datasets/ravirajsinh45/real-life-industrial-dataset-of-casting-product/casting_data/casting_data/test/def_front/new__0_1385.jpeg,def_front,0,0,def_front,0.99997663,True
/kaggle/input/datasets/ravirajsinh45/real-life-industrial-dataset-of-casting-product/casting_data/casting_data/test/def_front/new__0_1664.jpeg,def_front,0,1,ok_front,0.57543796,False
/kaggle/input/datasets/ravirajsinh45/real-life-industrial-dataset-of-casting-product/casting_data/casting_data/test/def_front/new__0_1780.jpeg,def_front,0,0,def_front,0.999982,True
/kaggle/input/datasets/ravirajsinh45/real-life-industrial-dataset-of-casting-product/casting_data/casting_data/test/def_front/new__0_2055.jpeg,def_front,0,0,def_front,0.99998665,True
/kaggle/input/datasets/ravirajsinh45/real-life-industrial-dataset-of-casting-product/casting_data/casting_data/test/def_front/new__0_2091.jpeg,def_front,0,0,def_front,0.9999999,True
/kaggle/input/datasets/ravirajsinh45/real-life-industrial-dataset-of-casting-product/casting_data/casting_data/test/def_front/new__0_2306.jpeg,def_front,0,0,def_front,0.9998566,True
/kaggle/input/datasets/ravirajsinh45/real-life-industrial-dataset-of-casting-product/casting_data/casting_data/test/def_front/new__0_2783.jpeg,def_front,0,0,def_front,1.0,True
/kaggle/input/datasets/ravirajsinh45/real-life-industrial-dataset-of-casting-product/casting_data/casting_data/test/def_front/new__0_3255.jpeg,def_front,0,0,def_front,0.9999999,True
/kaggle/input/datasets/ravirajsinh45/real-life-industrial-dataset-of-casting-product/casting_data/casting_data/test/def_front/new__0_3299.jpeg,def_front,0,1,ok_front,0.61008734,False
/kaggle/input/datasets/ravirajsinh45/real-life-industrial-dataset-of-casting-product/casting_data/casting_data/test/def_front/new__0_3476.jpeg,def_front,0,0,def_front,0.99989796,True
/kaggle/input/datasets/ravirajsinh45/real-life-industrial-dataset-of-casting-product/casting_data/casting_data/test/def_front/new__0_3539.jpeg,def_front,0,0,def_front,0.99999976,True
/kaggle/input/datasets/ravirajsinh45/real-life-industrial-dataset-of-casting-product/casting_data/casting_data/test/def_front/new__0_3645.jpeg,def_front,0,0,def_front,0.9999875,True
/kaggle/input/datasets/ravirajsinh45/real-life-industrial-dataset-of-casting-product/casting_data/casting_data/test/def_front/new__0_3963.jpeg,def_front,0,0,def_front,1.0,True
/kaggle/input/datasets/ravirajsinh45/real-life-industrial-dataset-of-casting-product/casting_data/casting_data/test/def_front/new__0_3973.jpeg,def_front,0,0,def_front,0.9999939,True
/kaggle/input/datasets/ravirajsinh45/real-life-industrial-dataset-of-casting-product/casting_data/casting_data/test/def_front/new__0_4483.jpeg,def_front,0,0,def_front,0.99995804,True
/kaggle/input/datasets/ravirajsinh45/real-life-industrial-dataset-of-casting-product/casting_data/casting_data/test/def_front/new__0_4505.jpeg,def_front,0,0,def_front,0.9999995,True
/kaggle/input/datasets/ravirajsinh45/real-life-industrial-dataset-of-casting-product/casting_data/casting_data/test/def_front/new__0_4633.jpeg,def_front,0,0,def_front,0.99933285,True
/kaggle/input/datasets/ravirajsinh45/real-life-industrial-dataset-of-casting-product/casting_data/casting_data/test/def_front/new__0_5164.jpeg,def_front,0,0,def_front,0.9999492,True
/kaggle/input/datasets/ravirajsinh45/real-life-industrial-dataset-of-casting-product/casting_data/casting_data/test/def_front/new__0_5223.jpeg,def_front,0,0,def_front,0.99986696,True
/kaggle/input/datasets/ravirajsinh45/real-life-industrial-dataset-of-casting-product/casting_data/casting_data/test/def_front/new__0_5231.jpeg,def_front,0,0,def_front,1.0,True
/kaggle/input/datasets/ravirajsinh45/real-life-industrial-dataset-of-casting-product/casting_data/casting_data/test/def_front/new__0_6223.jpeg,def_front,0,0,def_front,0.99999964,True
/kaggle/input/datasets/ravirajsinh45/real-life-industrial-dataset-of-casting-product/casting_data/casting_data/test/def_front/new__0_6287.jpeg,def_front,0,0,def_front,0.9999995,True
/kaggle/input/datasets/ravirajsinh45/real-life-industrial-dataset-of-casting-product/casting_data/casting_data/test/def_front/new__0_6459.jpeg,def_front,0,0,def_front,0.9999931,True
/kaggle/input/datasets/ravirajsinh45/real-life-industrial-dataset-of-casting-product/casting_data/casting_data/test/def_front/new__0_6647.jpeg,def_front,0,0,def_front,0.999998,True
/kaggle/input/datasets/ravirajsinh45/real-life-industrial-dataset-of-casting-product/casting_data/casting_data/test/def_front/new__0_6708.jpeg,def_front,0,0,def_front,0.99999964,True
/kaggle/input/datasets/ravirajsinh45/real-life-industrial-dataset-of-casting-product/casting_data/casting_data/test/def_front/new__0_7229.jpeg,def_front,0,0,def_front,0.99999547,True
/kaggle/input/datasets/ravirajsinh45/real-life-industrial-dataset-of-casting-product/casting_data/casting_data/test/def_front/new__0_7323.jpeg,def_front,0,0,def_front,0.99998677,True
/kaggle/input/datasets/ravirajsinh45/real-life-industrial-dataset-of-casting-product/casting_data/casting_data/test/def_front/new__0_7515.jpeg,def_front,0,0,def_front,0.9999988,True
/kaggle/input/datasets/ravirajsinh45/real-life-industrial-dataset-of-casting-product/casting_data/casting_data/test/def_front/new__0_8133.jpeg,def_front,0,0,def_front,0.99999523,True
/kaggle/input/datasets/ravirajsinh45/real-life-industrial-dataset-of-casting-product/casting_data/casting_data/test/def_front/new__0_8159.jpeg,def_front,0,0,def_front,0.9996105,True
/kaggle/input/datasets/ravirajsinh45/real-life-industrial-dataset-of-casting-product/casting_data/casting_data/test/def_front/new__0_8634.jpeg,def_front,0,0,def_front,0.9999982,True
/kaggle/input/datasets/ravirajsinh45/real-life-industrial-dataset-of-casting-product/casting_data/casting_data/test/def_front/new__0_8737.jpeg,def_front,0,0,def_front,0.999998,True
/kaggle/input/datasets/ravirajsinh45/real-life-industrial-dataset-of-casting-product/casting_data/casting_data/test/def_front/new__0_9014.jpeg,def_front,0,0,def_front,0.9999919,True
/kaggle/input/datasets/ravirajsinh45/real-life-industrial-dataset-of-casting-product/casting_data/casting_data/test/def_front/new__0_9248.jpeg,def_front,0,0,def_front,0.99975187,True
/kaggle/input/datasets/ravirajsinh45/real-life-industrial-dataset-of-casting-product/casting_data/casting_data/test/def_front/new__0_9334.jpeg,def_front,0,0,def_front,0.9999449,True
/kaggle/input/datasets/ravirajsinh45/real-life-industrial-dataset-of-casting-product/casting_data/casting_data/test/ok_front/cast_ok_0_10.jpeg,ok_front,1,1,ok_front,0.99619114,True
/kaggle/input/datasets/ravirajsinh45/real-life-industrial-dataset-of-casting-product/casting_data/casting_data/test/ok_front/cast_ok_0_1001.jpeg,ok_front,1,1,ok_front,0.9965389,True
/kaggle/input/datasets/ravirajsinh45/real-life-industrial-dataset-of-casting-product/casting_data/casting_data/test/ok_front/cast_ok_0_1002.jpeg,ok_front,1,1,ok_front,0.9985055,True
/kaggle/input/datasets/ravirajsinh45/real-life-industrial-dataset-of-casting-product/casting_data/casting_data/test/ok_front/cast_ok_0_1003.jpeg,ok_front,1,1,ok_front,0.99950314,True
/kaggle/input/datasets/ravirajsinh45/real-life-industrial-dataset-of-casting-product/casting_data/casting_data/test/ok_front/cast_ok_0_1019.jpeg,ok_front,1,1,ok_front,0.99971193,True
/kaggle/input/datasets/ravirajsinh45/real-life-industrial-dataset-of-casting-product/casting_data/casting_data/test/ok_front/cast_ok_0_1020.jpeg,ok_front,1,1,ok_front,0.99998486,True
/kaggle/input/datasets/ravirajsinh45/real-life-industrial-dataset-of-casting-product/casting_data/casting_data/test/ok_front/cast_ok_0_1021.jpeg,ok_front,1,1,ok_front,0.9998543,True
/kaggle/input/datasets/ravirajsinh45/real-life-industrial-dataset-of-casting-product/casting_data/casting_data/test/ok_front/cast_ok_0_1022.jpeg,ok_front,1,0,def_front,0.5936599,False
/kaggle/input/datasets/ravirajsinh45/real-life-industrial-dataset-of-casting-product/casting_data/casting_data/test/ok_front/cast_ok_0_1026.jpeg,ok_front,1,1,ok_front,0.99715793,True
/kaggle/input/datasets/ravirajsinh45/real-life-industrial-dataset-of-casting-product/casting_data/casting_data/test/ok_front/cast_ok_0_1028.jpeg,ok_front,1,0,def_front,0.6065539,False
/kaggle/input/datasets/ravirajsinh45/real-life-industrial-dataset-of-casting-product/casting_data/casting_data/test/ok_front/cast_ok_0_1031.jpeg,ok_front,1,1,ok_front,0.99989223,True
/kaggle/input/datasets/ravirajsinh45/real-life-industrial-dataset-of-casting-product/casting_data/casting_data/test/ok_front/cast_ok_0_1040.jpeg,ok_front,1,1,ok_front,0.9991456,True
/kaggle/input/datasets/ravirajsinh45/real-life-industrial-dataset-of-casting-product/casting_data/casting_data/test/ok_front/cast_ok_0_1066.jpeg,ok_front,1,1,ok_front,0.99670535,True
/kaggle/input/datasets/ravirajsinh45/real-life-industrial-dataset-of-casting-product/casting_data/casting_data/test/ok_front/cast_ok_0_1069.jpeg,ok_front,1,1,ok_front,0.9935642,True
/kaggle/input/datasets/ravirajsinh45/real-life-industrial-dataset-of-casting-product/casting_data/casting_data/test/ok_front/cast_ok_0_1077.jpeg,ok_front,1,1,ok_front,0.99494743,True
/kaggle/input/datasets/ravirajsinh45/real-life-industrial-dataset-of-casting-product/casting_data/casting_data/test/ok_front/cast_ok_0_1088.jpeg,ok_front,1,1,ok_front,0.9999945,True
/kaggle/input/datasets/ravirajsinh45/real-life-industrial-dataset-of-casting-product/casting_data/casting_data/test/ok_front/cast_ok_0_1092.jpeg,ok_front,1,1,ok_front,0.99749017,True
/kaggle/input/datasets/ravirajsinh45/real-life-industrial-dataset-of-casting-product/casting_data/casting_data/test/ok_front/cast_ok_0_1093.jpeg,ok_front,1,1,ok_front,0.99993,True
/kaggle/input/datasets/ravirajsinh45/real-life-industrial-dataset-of-casting-product/casting_data/casting_data/test/ok_front/cast_ok_0_1095.jpeg,ok_front,1,1,ok_front,0.99982774,True
/kaggle/input/datasets/ravirajsinh45/real-life-industrial-dataset-of-casting-product/casting_data/casting_data/test/ok_front/cast_ok_0_1096.jpeg,ok_front,1,1,ok_front,0.9983216,True
/kaggle/input/datasets/ravirajsinh45/real-life-industrial-dataset-of-casting-product/casting_data/casting_data/test/ok_front/cast_ok_0_1120.jpeg,ok_front,1,1,ok_front,0.9997278,True
/kaggle/input/datasets/ravirajsinh45/real-life-industrial-dataset-of-casting-product/casting_data/casting_data/test/ok_front/cast_ok_0_1121.jpeg,ok_front,1,1,ok_front,0.99690455,True
/kaggle/input/datasets/ravirajsinh45/real-life-industrial-dataset-of-casting-product/casting_data/casting_data/test/ok_front/cast_ok_0_1127.jpeg,ok_front,1,1,ok_front,0.99988616,True
/kaggle/input/datasets/ravirajsinh45/real-life-industrial-dataset-of-casting-product/casting_data/casting_data/test/ok_front/cast_ok_0_1132.jpeg,ok_front,1,1,ok_front,0.9999186,True
/kaggle/input/datasets/ravirajsinh45/real-life-industrial-dataset-of-casting-product/casting_data/casting_data/test/ok_front/cast_ok_0_1134.jpeg,ok_front,1,1,ok_front,0.999998,True
/kaggle/input/datasets/ravirajsinh45/real-life-industrial-dataset-of-casting-product/casting_data/casting_data/test/ok_front/cast_ok_0_1137.jpeg,ok_front,1,0,def_front,0.5956466,False
/kaggle/input/datasets/ravirajsinh45/real-life-industrial-dataset-of-casting-product/casting_data/casting_data/test/ok_front/cast_ok_0_1140.jpeg,ok_front,1,1,ok_front,0.99997985,True
/kaggle/input/datasets/ravirajsinh45/real-life-industrial-dataset-of-casting-product/casting_data/casting_data/test/ok_front/cast_ok_0_1141.jpeg,ok_front,1,1,ok_front,0.9986241,True
/kaggle/input/datasets/ravirajsinh45/real-life-industrial-dataset-of-casting-product/casting_data/casting_data/test/ok_front/cast_ok_0_1144.jpeg,ok_front,1,1,ok_front,0.99953747,True
/kaggle/input/datasets/ravirajsinh45/real-life-industrial-dataset-of-casting-product/casting_data/casting_data/test/ok_front/cast_ok_0_1145.jpeg,ok_front,1,0,def_front,0.58667904,False
/kaggle/input/datasets/ravirajsinh45/real-life-industrial-dataset-of-casting-product/casting_data/casting_data/test/ok_front/cast_ok_0_1160.jpeg,ok_front,1,1,ok_front,0.9996697,True
/kaggle/input/datasets/ravirajsinh45/real-life-industrial-dataset-of-casting-product/casting_data/casting_data/test/ok_front/cast_ok_0_1165.jpeg,ok_front,1,1,ok_front,0.99982554,True
/kaggle/input/datasets/ravirajsinh45/real-life-industrial-dataset-of-casting-product/casting_data/casting_data/test/ok_front/cast_ok_0_1169.jpeg,ok_front,1,0,def_front,0.6364156,False
/kaggle/input/datasets/ravirajsinh45/real-life-industrial-dataset-of-casting-product/casting_data/casting_data/test/ok_front/cast_ok_0_1170.jpeg,ok_front,1,1,ok_front,0.99997306,True
/kaggle/input/datasets/ravirajsinh45/real-life-industrial-dataset-of-casting-product/casting_data/casting_data/test/ok_front/cast_ok_0_1171.jpeg,ok_front,1,1,ok_front,0.9999273,True
/kaggle/input/datasets/ravirajsinh45/real-life-industrial-dataset-of-casting-product/casting_data/casting_data/test/ok_front/cast_ok_0_1172.jpeg,ok_front,1,1,ok_front,0.99689806,True
/kaggle/input/datasets/ravirajsinh45/real-life-industrial-dataset-of-casting-product/casting_data/casting_data/test/ok_front/cast_ok_0_1173.jpeg,ok_front,1,1,ok_front,0.9964707,True
/kaggle/input/datasets/ravirajsinh45/real-life-industrial-dataset-of-casting-product/casting_data/casting_data/test/ok_front/cast_ok_0_1174.jpeg,ok_front,1,1,ok_front,0.9956886,True
/kaggle/input/datasets/ravirajsinh45/real-life-industrial-dataset-of-casting-product/casting_data/casting_data/test/ok_front/cast_ok_0_1176.jpeg,ok_front,1,1,ok_front,0.99935037,True
/kaggle/input/datasets/ravirajsinh45/real-life-industrial-dataset-of-casting-product/casting_data/casting_data/test/ok_front/cast_ok_0_1180.jpeg,ok_front,1,0,def_front,0.5850984,False
/kaggle/input/datasets/ravirajsinh45/real-life-industrial-dataset-of-casting-product/casting_data/casting_data/test/ok_front/cast_ok_0_1200.jpeg,ok_front,1,1,ok_front,0.9997254,True
/kaggle/input/datasets/ravirajsinh45/real-life-industrial-dataset-of-casting-product/casting_data/casting_data/test/ok_front/cast_ok_0_1202.jpeg,ok_front,1,1,ok_front,0.99992955,True
/kaggle/input/datasets/ravirajsinh45/real-life-industrial-dataset-of-casting-product/casting_data/casting_data/test/ok_front/cast_ok_0_1203.jpeg,ok_front,1,1,ok_front,0.9983381,True
/kaggle/input/datasets/ravirajsinh45/real-life-industrial-dataset-of-casting-product/casting_data/casting_data/test/ok_front/cast_ok_0_1207.jpeg,ok_front,1,0,def_front,0.62820333,False
/kaggle/input/datasets/ravirajsinh45/real-life-industrial-dataset-of-casting-product/casting_data/casting_data/test/ok_front/cast_ok_0_1209.jpeg,ok_front,1,1,ok_front,0.9999982,True
/kaggle/input/datasets/ravirajsinh45/real-life-industrial-dataset-of-casting-product/casting_data/casting_data/test/ok_front/cast_ok_0_1210.jpeg,ok_front,1,0,def_front,0.57509834,False
/kaggle/input/datasets/ravirajsinh45/real-life-industrial-dataset-of-casting-product/casting_data/casting_data/test/ok_front/cast_ok_0_1213.jpeg,ok_front,1,1,ok_front,0.99981827,True
/kaggle/input/datasets/ravirajsinh45/real-life-industrial-dataset-of-casting-product/casting_data/casting_data/test/ok_front/cast_ok_0_1218.jpeg,ok_front,1,1,ok_front,0.9942649,True
/kaggle/input/datasets/ravirajsinh45/real-life-industrial-dataset-of-casting-product/casting_data/casting_data/test/ok_front/cast_ok_0_1315.jpeg,ok_front,1,1,ok_front,0.99994063,True
/kaggle/input/datasets/ravirajsinh45/real-life-industrial-dataset-of-casting-product/casting_data/casting_data/test/ok_front/cast_ok_0_1316.jpeg,ok_front,1,0,def_front,0.58265054,False
/kaggle/input/datasets/ravirajsinh45/real-life-industrial-dataset-of-casting-product/casting_data/casting_data/test/ok_front/cast_ok_0_1318.jpeg,ok_front,1,0,def_front,0.56612325,False
/kaggle/input/datasets/ravirajsinh45/real-life-industrial-dataset-of-casting-product/casting_data/casting_data/test/ok_front/cast_ok_0_1323.jpeg,ok_front,1,1,ok_front,0.998692,True
/kaggle/input/datasets/ravirajsinh45/real-life-industrial-dataset-of-casting-product/casting_data/casting_data/test/ok_front/cast_ok_0_1326.jpeg,ok_front,1,1,ok_front,0.9953472,True
/kaggle/input/datasets/ravirajsinh45/real-life-industrial-dataset-of-casting-product/casting_data/casting_data/test/ok_front/cast_ok_0_1328.jpeg,ok_front,1,1,ok_front,0.9983835,True
/kaggle/input/datasets/ravirajsinh45/real-life-industrial-dataset-of-casting-product/casting_data/casting_data/test/ok_front/cast_ok_0_1331.jpeg,ok_front,1,0,def_front,0.6476289,False
/kaggle/input/datasets/ravirajsinh45/real-life-industrial-dataset-of-casting-product/casting_data/casting_data/test/ok_front/cast_ok_0_1333.jpeg,ok_front,1,1,ok_front,0.9999863,True
/kaggle/input/datasets/ravirajsinh45/real-life-industrial-dataset-of-casting-product/casting_data/casting_data/test/ok_front/cast_ok_0_1334.jpeg,ok_front,1,1,ok_front,0.99986243,True
/kaggle/input/datasets/ravirajsinh45/real-life-industrial-dataset-of-casting-product/casting_data/casting_data/test/ok_front/cast_ok_0_1343.jpeg,ok_front,1,1,ok_front,0.9999311,True
/kaggle/input/datasets/ravirajsinh45/real-life-industrial-dataset-of-casting-product/casting_data/casting_data/test/ok_front/cast_ok_0_1347.jpeg,ok_front,1,1,ok_front,0.9995974,True
/kaggle/input/datasets/ravirajsinh45/real-life-industrial-dataset-of-casting-product/casting_data/casting_data/test/ok_front/cast_ok_0_1351.jpeg,ok_front,1,1,ok_front,0.9976997,True
/kaggle/input/datasets/ravirajsinh45/real-life-industrial-dataset-of-casting-product/casting_data/casting_data/test/ok_front/cast_ok_0_1368.jpeg,ok_front,1,0,def_front,0.6066946,False
/kaggle/input/datasets/ravirajsinh45/real-life-industrial-dataset-of-casting-product/casting_data/casting_data/test/ok_front/cast_ok_0_1376.jpeg,ok_front,1,1,ok_front,0.9996778,True
/kaggle/input/datasets/ravirajsinh45/real-life-industrial-dataset-of-casting-product/casting_data/casting_data/test/ok_front/cast_ok_0_1381.jpeg,ok_front,1,1,ok_front,0.99949837,True
/kaggle/input/datasets/ravirajsinh45/real-life-industrial-dataset-of-casting-product/casting_data/casting_data/test/ok_front/cast_ok_0_1382.jpeg,ok_front,1,0,def_front,0.6385436,False
/kaggle/input/datasets/ravirajsinh45/real-life-industrial-dataset-of-casting-product/casting_data/casting_data/test/ok_front/cast_ok_0_1384.jpeg,ok_front,1,1,ok_front,0.99997795,True
/kaggle/input/datasets/ravirajsinh45/real-life-industrial-dataset-of-casting-product/casting_data/casting_data/test/ok_front/cast_ok_0_1385.jpeg,ok_front,1,1,ok_front,0.9997291,True
/kaggle/input/datasets/ravirajsinh45/real-life-industrial-dataset-of-casting-product/casting_data/casting_data/test/ok_front/cast_ok_0_14.jpeg,ok_front,1,1,ok_front,0.99948466,True
/kaggle/input/datasets/ravirajsinh45/real-life-industrial-dataset-of-casting-product/casting_data/casting_data/test/ok_front/cast_ok_0_1415.jpeg,ok_front,1,1,ok_front,0.99998856,True
/kaggle/input/datasets/ravirajsinh45/real-life-industrial-dataset-of-casting-product/casting_data/casting_data/test/ok_front/cast_ok_0_1420.jpeg,ok_front,1,1,ok_front,0.9996277,True
/kaggle/input/datasets/ravirajsinh45/real-life-industrial-dataset-of-casting-product/casting_data/casting_data/test/ok_front/cast_ok_0_1421.jpeg,ok_front,1,1,ok_front,0.99966395,True
/kaggle/input/datasets/ravirajsinh45/real-life-industrial-dataset-of-casting-product/casting_data/casting_data/test/ok_front/cast_ok_0_1426.jpeg,ok_front,1,0,def_front,0.6499962,False
/kaggle/input/datasets/ravirajsinh45/real-life-industrial-dataset-of-casting-product/casting_data/casting_data/test/ok_front/cast_ok_0_1430.jpeg,ok_front,1,1,ok_front,0.99964476,True
/kaggle/input/datasets/ravirajsinh45/real-life-industrial-dataset-of-casting-product/casting_data/casting_data/test/ok_front/cast_ok_0_1431.jpeg,ok_front,1,1,ok_front,0.9978405,True
/kaggle/input/datasets/ravirajsinh45/real-life-industrial-dataset-of-casting-product/casting_data/casting_data/test/ok_front/cast_ok_0_1438.jpeg,ok_front,1,1,ok_front,0.9994855,True
/kaggle/input/datasets/ravirajsinh45/real-life-industrial-dataset-of-casting-product/casting_data/casting_data/test/ok_front/cast_ok_0_16.jpeg,ok_front,1,0,def_front,0.58299917,False
/kaggle/input/datasets/ravirajsinh45/real-life-industrial-dataset-of-casting-product/casting_data/casting_data/test/ok_front/cast_ok_0_1865.jpeg,ok_front,1,1,ok_front,0.99755365,True
/kaggle/input/datasets/ravirajsinh45/real-life-industrial-dataset-of-casting-product/casting_data/casting_data/test/ok_front/cast_ok_0_1891.jpeg,ok_front,1,1,ok_front,0.9969652,True
/kaggle/input/datasets/ravirajsinh45/real-life-industrial-dataset-of-casting-product/casting_data/casting_data/test/ok_front/cast_ok_0_1925.jpeg,ok_front,1,1,ok_front,0.99998915,True
/kaggle/input/datasets/ravirajsinh45/real-life-industrial-dataset-of-casting-product/casting_data/casting_data/test/ok_front/cast_ok_0_1958.jpeg,ok_front,1,1,ok_front,0.99995255,True
/kaggle/input/datasets/ravirajsinh45/real-life-industrial-dataset-of-casting-product/casting_data/casting_data/test/ok_front/cast_ok_0_2012.jpeg,ok_front,1,1,ok_front,0.99868625,True
/kaggle/input/datasets/ravirajsinh45/real-life-industrial-dataset-of-casting-product/casting_data/casting_data/test/ok_front/cast_ok_0_2272.jpeg,ok_front,1,1,ok_front,0.99998426,True
/kaggle/input/datasets/ravirajsinh45/real-life-industrial-dataset-of-casting-product/casting_data/casting_data/test/ok_front/cast_ok_0_2273.jpeg,ok_front,1,1,ok_front,0.99997854,True
/kaggle/input/datasets/ravirajsinh45/real-life-industrial-dataset-of-casting-product/casting_data/casting_data/test/ok_front/cast_ok_0_2286.jpeg,ok_front,1,1,ok_front,0.9998956,True
/kaggle/input/datasets/ravirajsinh45/real-life-industrial-dataset-of-casting-product/casting_data/casting_data/test/ok_front/cast_ok_0_2291.jpeg,ok_front,1,1,ok_front,0.999941,True
/kaggle/input/datasets/ravirajsinh45/real-life-industrial-dataset-of-casting-product/casting_data/casting_data/test/ok_front/cast_ok_0_2303.jpeg,ok_front,1,0,def_front,0.6115076,False
/kaggle/input/datasets/ravirajsinh45/real-life-industrial-dataset-of-casting-product/casting_data/casting_data/test/ok_front/cast_ok_0_2311.jpeg,ok_front,1,0,def_front,0.62979734,False
/kaggle/input/datasets/ravirajsinh45/real-life-industrial-dataset-of-casting-product/casting_data/casting_data/test/ok_front/cast_ok_0_2330.jpeg,ok_front,1,0,def_front,0.6417831,False
/kaggle/input/datasets/ravirajsinh45/real-life-industrial-dataset-of-casting-product/casting_data/casting_data/test/ok_front/cast_ok_0_2340.jpeg,ok_front,1,1,ok_front,0.9948086,True
/kaggle/input/datasets/ravirajsinh45/real-life-industrial-dataset-of-casting-product/casting_data/casting_data/test/ok_front/cast_ok_0_235.jpeg,ok_front,1,0,def_front,0.57040316,False
/kaggle/input/datasets/ravirajsinh45/real-life-industrial-dataset-of-casting-product/casting_data/casting_data/test/ok_front/cast_ok_0_238.jpeg,ok_front,1,1,ok_front,0.9997814,True
/kaggle/input/datasets/ravirajsinh45/real-life-industrial-dataset-of-casting-product/casting_data/casting_data/test/ok_front/cast_ok_0_239.jpeg,ok_front,1,1,ok_front,0.9989183,True
/kaggle/input/datasets/ravirajsinh45/real-life-industrial-dataset-of-casting-product/casting_data/casting_data/test/ok_front/cast_ok_0_246.jpeg,ok_front,1,0,def_front,0.6316478,False
/kaggle/input/datasets/ravirajsinh45/real-life-industrial-dataset-of-casting-product/casting_data/casting_data/test/ok_front/cast_ok_0_259.jpeg,ok_front,1,0,def_front,0.5698005,False
/kaggle/input/datasets/ravirajsinh45/real-life-industrial-dataset-of-casting-product/casting_data/casting_data/test/ok_front/cast_ok_0_268.jpeg,ok_front,1,1,ok_front,0.9994609,True
/kaggle/input/datasets/ravirajsinh45/real-life-industrial-dataset-of-casting-product/casting_data/casting_data/test/ok_front/cast_ok_0_2686.jpeg,ok_front,1,1,ok_front,0.99986804,True
/kaggle/input/datasets/ravirajsinh45/real-life-industrial-dataset-of-casting-product/casting_data/casting_data/test/ok_front/cast_ok_0_2687.jpeg,ok_front,1,1,ok_front,0.99998224,True
/kaggle/input/datasets/ravirajsinh45/real-life-industrial-dataset-of-casting-product/casting_data/casting_data/test/ok_front/cast_ok_0_2694.jpeg,ok_front,1,1,ok_front,0.9999702,True
/kaggle/input/datasets/ravirajsinh45/real-life-industrial-dataset-of-casting-product/casting_data/casting_data/test/ok_front/cast_ok_0_2698.jpeg,ok_front,1,1,ok_front,0.999681,True
/kaggle/input/datasets/ravirajsinh45/real-life-industrial-dataset-of-casting-product/casting_data/casting_data/test/ok_front/cast_ok_0_2699.jpeg,ok_front,1,1,ok_front,0.9997602,True
/kaggle/input/datasets/ravirajsinh45/real-life-industrial-dataset-of-casting-product/casting_data/casting_data/test/ok_front/cast_ok_0_2700.jpeg,ok_front,1,1,ok_front,0.99758875,True
/kaggle/input/datasets/ravirajsinh45/real-life-industrial-dataset-of-casting-product/casting_data/casting_data/test/ok_front/cast_ok_0_2707.jpeg,ok_front,1,1,ok_front,0.9999633,True
/kaggle/input/datasets/ravirajsinh45/real-life-industrial-dataset-of-casting-product/casting_data/casting_data/test/ok_front/cast_ok_0_2708.jpeg,ok_front,1,1,ok_front,0.99986017,True
/kaggle/input/datasets/ravirajsinh45/real-life-industrial-dataset-of-casting-product/casting_data/casting_data/test/ok_front/cast_ok_0_2722.jpeg,ok_front,1,1,ok_front,0.9997329,True
/kaggle/input/datasets/ravirajsinh45/real-life-industrial-dataset-of-casting-product/casting_data/casting_data/test/ok_front/cast_ok_0_2724.jpeg,ok_front,1,1,ok_front,0.99848664,True
/kaggle/input/datasets/ravirajsinh45/real-life-industrial-dataset-of-casting-product/casting_data/casting_data/test/ok_front/cast_ok_0_2726.jpeg,ok_front,1,0,def_front,0.5613782,False
/kaggle/input/datasets/ravirajsinh45/real-life-industrial-dataset-of-casting-product/casting_data/casting_data/test/ok_front/cast_ok_0_2727.jpeg,ok_front,1,1,ok_front,0.9998012,True
/kaggle/input/datasets/ravirajsinh45/real-life-industrial-dataset-of-casting-product/casting_data/casting_data/test/ok_front/cast_ok_0_2729.jpeg,ok_front,1,1,ok_front,0.9999974,True
/kaggle/input/datasets/ravirajsinh45/real-life-industrial-dataset-of-casting-product/casting_data/casting_data/test/ok_front/cast_ok_0_2730.jpeg,ok_front,1,1,ok_front,0.99874973,True
/kaggle/input/datasets/ravirajsinh45/real-life-industrial-dataset-of-casting-product/casting_data/casting_data/test/ok_front/cast_ok_0_2732.jpeg,ok_front,1,1,ok_front,0.99478143,True
/kaggle/input/datasets/ravirajsinh45/real-life-industrial-dataset-of-casting-product/casting_data/casting_data/test/ok_front/cast_ok_0_2737.jpeg,ok_front,1,1,ok_front,0.9983541,True
/kaggle/input/datasets/ravirajsinh45/real-life-industrial-dataset-of-casting-product/casting_data/casting_data/test/ok_front/cast_ok_0_2752.jpeg,ok_front,1,1,ok_front,0.9943218,True
/kaggle/input/datasets/ravirajsinh45/real-life-industrial-dataset-of-casting-product/casting_data/casting_data/test/ok_front/cast_ok_0_2754.jpeg,ok_front,1,1,ok_front,0.9965653,True
/kaggle/input/datasets/ravirajsinh45/real-life-industrial-dataset-of-casting-product/casting_data/casting_data/test/ok_front/cast_ok_0_2755.jpeg,ok_front,1,1,ok_front,0.99988925,True
/kaggle/input/datasets/ravirajsinh45/real-life-industrial-dataset-of-casting-product/casting_data/casting_data/test/ok_front/cast_ok_0_2758.jpeg,ok_front,1,1,ok_front,0.99911755,True
/kaggle/input/datasets/ravirajsinh45/real-life-industrial-dataset-of-casting-product/casting_data/casting_data/test/ok_front/cast_ok_0_2761.jpeg,ok_front,1,1,ok_front,0.99815035,True
/kaggle/input/datasets/ravirajsinh45/real-life-industrial-dataset-of-casting-product/casting_data/casting_data/test/ok_front/cast_ok_0_2765.jpeg,ok_front,1,0,def_front,0.5718234,False
/kaggle/input/datasets/ravirajsinh45/real-life-industrial-dataset-of-casting-product/casting_data/casting_data/test/ok_front/cast_ok_0_2768.jpeg,ok_front,1,1,ok_front,0.9998621,True
/kaggle/input/datasets/ravirajsinh45/real-life-industrial-dataset-of-casting-product/casting_data/casting_data/test/ok_front/cast_ok_0_2769.jpeg,ok_front,1,1,ok_front,0.9999962,True
/kaggle/input/datasets/ravirajsinh45/real-life-industrial-dataset-of-casting-product/casting_data/casting_data/test/ok_front/cast_ok_0_2784.jpeg,ok_front,1,1,ok_front,0.99976045,True
/kaggle/input/datasets/ravirajsinh45/real-life-industrial-dataset-of-casting-product/casting_data/casting_data/test/ok_front/cast_ok_0_2786.jpeg,ok_front,1,1,ok_front,0.9969777,True
/kaggle/input/datasets/ravirajsinh45/real-life-industrial-dataset-of-casting-product/casting_data/casting_data/test/ok_front/cast_ok_0_2798.jpeg,ok_front,1,1,ok_front,0.9995479,True
/kaggle/input/datasets/ravirajsinh45/real-life-industrial-dataset-of-casting-product/casting_data/casting_data/test/ok_front/cast_ok_0_2801.jpeg,ok_front,1,1,ok_front,0.9999932,True
/kaggle/input/datasets/ravirajsinh45/real-life-industrial-dataset-of-casting-product/casting_data/casting_data/test/ok_front/cast_ok_0_2803.jpeg,ok_front,1,1,ok_front,0.99747676,True
/kaggle/input/datasets/ravirajsinh45/real-life-industrial-dataset-of-casting-product/casting_data/casting_data/test/ok_front/cast_ok_0_2805.jpeg,ok_front,1,1,ok_front,0.99995244,True
/kaggle/input/datasets/ravirajsinh45/real-life-industrial-dataset-of-casting-product/casting_data/casting_data/test/ok_front/cast_ok_0_2807.jpeg,ok_front,1,1,ok_front,0.9978137,True
/kaggle/input/datasets/ravirajsinh45/real-life-industrial-dataset-of-casting-product/casting_data/casting_data/test/ok_front/cast_ok_0_2810.jpeg,ok_front,1,1,ok_front,0.99884427,True
/kaggle/input/datasets/ravirajsinh45/real-life-industrial-dataset-of-casting-product/casting_data/casting_data/test/ok_front/cast_ok_0_2829.jpeg,ok_front,1,1,ok_front,0.9994487,True
/kaggle/input/datasets/ravirajsinh45/real-life-industrial-dataset-of-casting-product/casting_data/casting_data/test/ok_front/cast_ok_0_2831.jpeg,ok_front,1,1,ok_front,0.9999267,True
/kaggle/input/datasets/ravirajsinh45/real-life-industrial-dataset-of-casting-product/casting_data/casting_data/test/ok_front/cast_ok_0_2833.jpeg,ok_front,1,1,ok_front,0.9999826,True
/kaggle/input/datasets/ravirajsinh45/real-life-industrial-dataset-of-casting-product/casting_data/casting_data/test/ok_front/cast_ok_0_2840.jpeg,ok_front,1,1,ok_front,0.99968565,True
/kaggle/input/datasets/ravirajsinh45/real-life-industrial-dataset-of-casting-product/casting_data/casting_data/test/ok_front/cast_ok_0_2841.jpeg,ok_front,1,1,ok_front,0.9984118,True
/kaggle/input/datasets/ravirajsinh45/real-life-industrial-dataset-of-casting-product/casting_data/casting_data/test/ok_front/cast_ok_0_2844.jpeg,ok_front,1,1,ok_front,0.9995486,True
/kaggle/input/datasets/ravirajsinh45/real-life-industrial-dataset-of-casting-product/casting_data/casting_data/test/ok_front/cast_ok_0_2848.jpeg,ok_front,1,1,ok_front,0.9991047,True
/kaggle/input/datasets/ravirajsinh45/real-life-industrial-dataset-of-casting-product/casting_data/casting_data/test/ok_front/cast_ok_0_2850.jpeg,ok_front,1,1,ok_front,0.99991906,True
/kaggle/input/datasets/ravirajsinh45/real-life-industrial-dataset-of-casting-product/casting_data/casting_data/test/ok_front/cast_ok_0_2867.jpeg,ok_front,1,0,def_front,0.63927233,False
/kaggle/input/datasets/ravirajsinh45/real-life-industrial-dataset-of-casting-product/casting_data/casting_data/test/ok_front/cast_ok_0_2868.jpeg,ok_front,1,1,ok_front,0.99998796,True
/kaggle/input/datasets/ravirajsinh45/real-life-industrial-dataset-of-casting-product/casting_data/casting_data/test/ok_front/cast_ok_0_2869.jpeg,ok_front,1,0,def_front,0.61897504,False
/kaggle/input/datasets/ravirajsinh45/real-life-industrial-dataset-of-casting-product/casting_data/casting_data/test/ok_front/cast_ok_0_2884.jpeg,ok_front,1,0,def_front,0.56242675,False
/kaggle/input/datasets/ravirajsinh45/real-life-industrial-dataset-of-casting-product/casting_data/casting_data/test/ok_front/cast_ok_0_2885.jpeg,ok_front,1,1,ok_front,0.99986863,True
/kaggle/input/datasets/ravirajsinh45/real-life-industrial-dataset-of-casting-product/casting_data/casting_data/test/ok_front/cast_ok_0_2892.jpeg,ok_front,1,0,def_front,0.644778,False
/kaggle/input/datasets/ravirajsinh45/real-life-industrial-dataset-of-casting-product/casting_data/casting_data/test/ok_front/cast_ok_0_2894.jpeg,ok_front,1,1,ok_front,0.999918,True
/kaggle/input/datasets/ravirajsinh45/real-life-industrial-dataset-of-casting-product/casting_data/casting_data/test/ok_front/cast_ok_0_2900.jpeg,ok_front,1,1,ok_front,0.99976546,True
/kaggle/input/datasets/ravirajsinh45/real-life-industrial-dataset-of-casting-product/casting_data/casting_data/test/ok_front/cast_ok_0_2911.jpeg,ok_front,1,0,def_front,0.59505033,False
/kaggle/input/datasets/ravirajsinh45/real-life-industrial-dataset-of-casting-product/casting_data/casting_data/test/ok_front/cast_ok_0_2914.jpeg,ok_front,1,1,ok_front,0.9984597,True
/kaggle/input/datasets/ravirajsinh45/real-life-industrial-dataset-of-casting-product/casting_data/casting_data/test/ok_front/cast_ok_0_2915.jpeg,ok_front,1,1,ok_front,0.99903935,True
/kaggle/input/datasets/ravirajsinh45/real-life-industrial-dataset-of-casting-product/casting_data/casting_data/test/ok_front/cast_ok_0_2917.jpeg,ok_front,1,1,ok_front,0.99993455,True
/kaggle/input/datasets/ravirajsinh45/real-life-industrial-dataset-of-casting-product/casting_data/casting_data/test/ok_front/cast_ok_0_2926.jpeg,ok_front,1,1,ok_front,0.9995567,True
/kaggle/input/datasets/ravirajsinh45/real-life-industrial-dataset-of-casting-product/casting_data/casting_data/test/ok_front/cast_ok_0_2927.jpeg,ok_front,1,1,ok_front,0.9999914,True
/kaggle/input/datasets/ravirajsinh45/real-life-industrial-dataset-of-casting-product/casting_data/casting_data/test/ok_front/cast_ok_0_2932.jpeg,ok_front,1,1,ok_front,0.9975309,True
/kaggle/input/datasets/ravirajsinh45/real-life-industrial-dataset-of-casting-product/casting_data/casting_data/test/ok_front/cast_ok_0_2935.jpeg,ok_front,1,1,ok_front,0.9992336,True
/kaggle/input/datasets/ravirajsinh45/real-life-industrial-dataset-of-casting-product/casting_data/casting_data/test/ok_front/cast_ok_0_31.jpeg,ok_front,1,1,ok_front,0.99797493,True
/kaggle/input/datasets/ravirajsinh45/real-life-industrial-dataset-of-casting-product/casting_data/casting_data/test/ok_front/cast_ok_0_3264.jpeg,ok_front,1,1,ok_front,0.99998736,True
/kaggle/input/datasets/ravirajsinh45/real-life-industrial-dataset-of-casting-product/casting_data/casting_data/test/ok_front/cast_ok_0_3278.jpeg,ok_front,1,0,def_front,0.56463605,False
/kaggle/input/datasets/ravirajsinh45/real-life-industrial-dataset-of-casting-product/casting_data/casting_data/test/ok_front/cast_ok_0_3292.jpeg,ok_front,1,0,def_front,0.56797504,False
/kaggle/input/datasets/ravirajsinh45/real-life-industrial-dataset-of-casting-product/casting_data/casting_data/test/ok_front/cast_ok_0_3294.jpeg,ok_front,1,1,ok_front,0.9998073,True
/kaggle/input/datasets/ravirajsinh45/real-life-industrial-dataset-of-casting-product/casting_data/casting_data/test/ok_front/cast_ok_0_4475.jpeg,ok_front,1,1,ok_front,0.9999672,True
/kaggle/input/datasets/ravirajsinh45/real-life-industrial-dataset-of-casting-product/casting_data/casting_data/test/ok_front/cast_ok_0_4476.jpeg,ok_front,1,0,def_front,0.5912746,False
/kaggle/input/datasets/ravirajsinh45/real-life-industrial-dataset-of-casting-product/casting_data/casting_data/test/ok_front/cast_ok_0_4497.jpeg,ok_front,1,0,def_front,0.56464314,False
/kaggle/input/datasets/ravirajsinh45/real-life-industrial-dataset-of-casting-product/casting_data/casting_data/test/ok_front/cast_ok_0_4498.jpeg,ok_front,1,1,ok_front,0.99993086,True
/kaggle/input/datasets/ravirajsinh45/real-life-industrial-dataset-of-casting-product/casting_data/casting_data/test/ok_front/cast_ok_0_45.jpeg,ok_front,1,1,ok_front,0.9984871,True
/kaggle/input/datasets/ravirajsinh45/real-life-industrial-dataset-of-casting-product/casting_data/casting_data/test/ok_front/cast_ok_0_49.jpeg,ok_front,1,1,ok_front,0.9969818,True
/kaggle/input/datasets/ravirajsinh45/real-life-industrial-dataset-of-casting-product/casting_data/casting_data/test/ok_front/cast_ok_0_4987.jpeg,ok_front,1,1,ok_front,0.9997242,True
/kaggle/input/datasets/ravirajsinh45/real-life-industrial-dataset-of-casting-product/casting_data/casting_data/test/ok_front/cast_ok_0_4992.jpeg,ok_front,1,0,def_front,0.6315138,False
/kaggle/input/datasets/ravirajsinh45/real-life-industrial-dataset-of-casting-product/casting_data/casting_data/test/ok_front/cast_ok_0_5009.jpeg,ok_front,1,0,def_front,0.5693015,False
/kaggle/input/datasets/ravirajsinh45/real-life-industrial-dataset-of-casting-product/casting_data/casting_data/test/ok_front/cast_ok_0_5012.jpeg,ok_front,1,0,def_front,0.6317908,False
/kaggle/input/datasets/ravirajsinh45/real-life-industrial-dataset-of-casting-product/casting_data/casting_data/test/ok_front/cast_ok_0_504.jpeg,ok_front,1,1,ok_front,0.9984565,True
/kaggle/input/datasets/ravirajsinh45/real-life-industrial-dataset-of-casting-product/casting_data/casting_data/test/ok_front/cast_ok_0_505.jpeg,ok_front,1,1,ok_front,0.99985766,True
/kaggle/input/datasets/ravirajsinh45/real-life-industrial-dataset-of-casting-product/casting_data/casting_data/test/ok_front/cast_ok_0_525.jpeg,ok_front,1,0,def_front,0.64287806,False
/kaggle/input/datasets/ravirajsinh45/real-life-industrial-dataset-of-casting-product/casting_data/casting_data/test/ok_front/cast_ok_0_526.jpeg,ok_front,1,1,ok_front,0.99993145,True
/kaggle/input/datasets/ravirajsinh45/real-life-industrial-dataset-of-casting-product/casting_data/casting_data/test/ok_front/cast_ok_0_5530.jpeg,ok_front,1,1,ok_front,0.9998864,True
/kaggle/input/datasets/ravirajsinh45/real-life-industrial-dataset-of-casting-product/casting_data/casting_data/test/ok_front/cast_ok_0_5533.jpeg,ok_front,1,1,ok_front,0.999998,True
/kaggle/input/datasets/ravirajsinh45/real-life-industrial-dataset-of-casting-product/casting_data/casting_data/test/ok_front/cast_ok_0_5541.jpeg,ok_front,1,1,ok_front,0.99940646,True
/kaggle/input/datasets/ravirajsinh45/real-life-industrial-dataset-of-casting-product/casting_data/casting_data/test/ok_front/cast_ok_0_5560.jpeg,ok_front,1,0,def_front,0.6425636,False
/kaggle/input/datasets/ravirajsinh45/real-life-industrial-dataset-of-casting-product/casting_data/casting_data/test/ok_front/cast_ok_0_5567.jpeg,ok_front,1,1,ok_front,0.9935328,True
/kaggle/input/datasets/ravirajsinh45/real-life-industrial-dataset-of-casting-product/casting_data/casting_data/test/ok_front/cast_ok_0_5587.jpeg,ok_front,1,0,def_front,0.6365459,False
/kaggle/input/datasets/ravirajsinh45/real-life-industrial-dataset-of-casting-product/casting_data/casting_data/test/ok_front/cast_ok_0_5590.jpeg,ok_front,1,1,ok_front,0.99645066,True
/kaggle/input/datasets/ravirajsinh45/real-life-industrial-dataset-of-casting-product/casting_data/casting_data/test/ok_front/cast_ok_0_5605.jpeg,ok_front,1,1,ok_front,0.99977034,True
/kaggle/input/datasets/ravirajsinh45/real-life-industrial-dataset-of-casting-product/casting_data/casting_data/test/ok_front/cast_ok_0_5606.jpeg,ok_front,1,1,ok_front,0.9999958,True
/kaggle/input/datasets/ravirajsinh45/real-life-industrial-dataset-of-casting-product/casting_data/casting_data/test/ok_front/cast_ok_0_5805.jpeg,ok_front,1,1,ok_front,0.99998415,True
/kaggle/input/datasets/ravirajsinh45/real-life-industrial-dataset-of-casting-product/casting_data/casting_data/test/ok_front/cast_ok_0_5809.jpeg,ok_front,1,1,ok_front,0.997018,True
/kaggle/input/datasets/ravirajsinh45/real-life-industrial-dataset-of-casting-product/casting_data/casting_data/test/ok_front/cast_ok_0_5815.jpeg,ok_front,1,1,ok_front,0.9997608,True
/kaggle/input/datasets/ravirajsinh45/real-life-industrial-dataset-of-casting-product/casting_data/casting_data/test/ok_front/cast_ok_0_62.jpeg,ok_front,1,0,def_front,0.61326635,False
/kaggle/input/datasets/ravirajsinh45/real-life-industrial-dataset-of-casting-product/casting_data/casting_data/test/ok_front/cast_ok_0_6365.jpeg,ok_front,1,0,def_front,0.6367177,False
/kaggle/input/datasets/ravirajsinh45/real-life-industrial-dataset-of-casting-product/casting_data/casting_data/test/ok_front/cast_ok_0_6388.jpeg,ok_front,1,1,ok_front,0.99987674,True
/kaggle/input/datasets/ravirajsinh45/real-life-industrial-dataset-of-casting-product/casting_data/casting_data/test/ok_front/cast_ok_0_64.jpeg,ok_front,1,1,ok_front,0.9999962,True
/kaggle/input/datasets/ravirajsinh45/real-life-industrial-dataset-of-casting-product/casting_data/casting_data/test/ok_front/cast_ok_0_6401.jpeg,ok_front,1,1,ok_front,0.99924904,True
/kaggle/input/datasets/ravirajsinh45/real-life-industrial-dataset-of-casting-product/casting_data/casting_data/test/ok_front/cast_ok_0_6681.jpeg,ok_front,1,1,ok_front,0.99375653,True
/kaggle/input/datasets/ravirajsinh45/real-life-industrial-dataset-of-casting-product/casting_data/casting_data/test/ok_front/cast_ok_0_6682.jpeg,ok_front,1,1,ok_front,0.9999931,True
/kaggle/input/datasets/ravirajsinh45/real-life-industrial-dataset-of-casting-product/casting_data/casting_data/test/ok_front/cast_ok_0_6714.jpeg,ok_front,1,1,ok_front,0.9999945,True
/kaggle/input/datasets/ravirajsinh45/real-life-industrial-dataset-of-casting-product/casting_data/casting_data/test/ok_front/cast_ok_0_6718.jpeg,ok_front,1,0,def_front,0.6281716,False
/kaggle/input/datasets/ravirajsinh45/real-life-industrial-dataset-of-casting-product/casting_data/casting_data/test/ok_front/cast_ok_0_7044.jpeg,ok_front,1,1,ok_front,0.99971884,True
/kaggle/input/datasets/ravirajsinh45/real-life-industrial-dataset-of-casting-product/casting_data/casting_data/test/ok_front/cast_ok_0_7089.jpeg,ok_front,1,0,def_front,0.6148766,False
/kaggle/input/datasets/ravirajsinh45/real-life-industrial-dataset-of-casting-product/casting_data/casting_data/test/ok_front/cast_ok_0_7559.jpeg,ok_front,1,0,def_front,0.58582073,False
/kaggle/input/datasets/ravirajsinh45/real-life-industrial-dataset-of-casting-product/casting_data/casting_data/test/ok_front/cast_ok_0_7560.jpeg,ok_front,1,0,def_front,0.6251957,False
/kaggle/input/datasets/ravirajsinh45/real-life-industrial-dataset-of-casting-product/casting_data/casting_data/test/ok_front/cast_ok_0_7588.jpeg,ok_front,1,1,ok_front,0.99882454,True
/kaggle/input/datasets/ravirajsinh45/real-life-industrial-dataset-of-casting-product/casting_data/casting_data/test/ok_front/cast_ok_0_7595.jpeg,ok_front,1,1,ok_front,0.99997604,True
/kaggle/input/datasets/ravirajsinh45/real-life-industrial-dataset-of-casting-product/casting_data/casting_data/test/ok_front/cast_ok_0_7611.jpeg,ok_front,1,1,ok_front,0.9999771,True
/kaggle/input/datasets/ravirajsinh45/real-life-industrial-dataset-of-casting-product/casting_data/casting_data/test/ok_front/cast_ok_0_7624.jpeg,ok_front,1,1,ok_front,0.998992,True
/kaggle/input/datasets/ravirajsinh45/real-life-industrial-dataset-of-casting-product/casting_data/casting_data/test/ok_front/cast_ok_0_7631.jpeg,ok_front,1,1,ok_front,0.99999344,True
/kaggle/input/datasets/ravirajsinh45/real-life-industrial-dataset-of-casting-product/casting_data/casting_data/test/ok_front/cast_ok_0_7632.jpeg,ok_front,1,1,ok_front,0.9999064,True
/kaggle/input/datasets/ravirajsinh45/real-life-industrial-dataset-of-casting-product/casting_data/casting_data/test/ok_front/cast_ok_0_7820.jpeg,ok_front,1,1,ok_front,0.9962748,True
/kaggle/input/datasets/ravirajsinh45/real-life-industrial-dataset-of-casting-product/casting_data/casting_data/test/ok_front/cast_ok_0_7823.jpeg,ok_front,1,1,ok_front,0.99999785,True
/kaggle/input/datasets/ravirajsinh45/real-life-industrial-dataset-of-casting-product/casting_data/casting_data/test/ok_front/cast_ok_0_7839.jpeg,ok_front,1,0,def_front,0.58177745,False
/kaggle/input/datasets/ravirajsinh45/real-life-industrial-dataset-of-casting-product/casting_data/casting_data/test/ok_front/cast_ok_0_7849.jpeg,ok_front,1,1,ok_front,0.9997044,True
/kaggle/input/datasets/ravirajsinh45/real-life-industrial-dataset-of-casting-product/casting_data/casting_data/test/ok_front/cast_ok_0_7900.jpeg,ok_front,1,1,ok_front,0.99849916,True
/kaggle/input/datasets/ravirajsinh45/real-life-industrial-dataset-of-casting-product/casting_data/casting_data/test/ok_front/cast_ok_0_7901.jpeg,ok_front,1,1,ok_front,0.9999918,True
/kaggle/input/datasets/ravirajsinh45/real-life-industrial-dataset-of-casting-product/casting_data/casting_data/test/ok_front/cast_ok_0_7925.jpeg,ok_front,1,0,def_front,0.62117845,False
/kaggle/input/datasets/ravirajsinh45/real-life-industrial-dataset-of-casting-product/casting_data/casting_data/test/ok_front/cast_ok_0_7931.jpeg,ok_front,1,1,ok_front,0.9962519,True
/kaggle/input/datasets/ravirajsinh45/real-life-industrial-dataset-of-casting-product/casting_data/casting_data/test/ok_front/cast_ok_0_7936.jpeg,ok_front,1,1,ok_front,0.9992238,True
/kaggle/input/datasets/ravirajsinh45/real-life-industrial-dataset-of-casting-product/casting_data/casting_data/test/ok_front/cast_ok_0_7939.jpeg,ok_front,1,1,ok_front,0.99942136,True
/kaggle/input/datasets/ravirajsinh45/real-life-industrial-dataset-of-casting-product/casting_data/casting_data/test/ok_front/cast_ok_0_7945.jpeg,ok_front,1,1,ok_front,0.99999154,True
/kaggle/input/datasets/ravirajsinh45/real-life-industrial-dataset-of-casting-product/casting_data/casting_data/test/ok_front/cast_ok_0_7946.jpeg,ok_front,1,1,ok_front,0.99988616,True
/kaggle/input/datasets/ravirajsinh45/real-life-industrial-dataset-of-casting-product/casting_data/casting_data/test/ok_front/cast_ok_0_7997.jpeg,ok_front,1,1,ok_front,0.99393564,True
/kaggle/input/datasets/ravirajsinh45/real-life-industrial-dataset-of-casting-product/casting_data/casting_data/test/ok_front/cast_ok_0_8008.jpeg,ok_front,1,0,def_front,0.6188067,False
/kaggle/input/datasets/ravirajsinh45/real-life-industrial-dataset-of-casting-product/casting_data/casting_data/test/ok_front/cast_ok_0_8010.jpeg,ok_front,1,1,ok_front,0.99510175,True
/kaggle/input/datasets/ravirajsinh45/real-life-industrial-dataset-of-casting-product/casting_data/casting_data/test/ok_front/cast_ok_0_8011.jpeg,ok_front,1,1,ok_front,0.99997795,True
/kaggle/input/datasets/ravirajsinh45/real-life-industrial-dataset-of-casting-product/casting_data/casting_data/test/ok_front/cast_ok_0_8172.jpeg,ok_front,1,1,ok_front,0.9990563,True
/kaggle/input/datasets/ravirajsinh45/real-life-industrial-dataset-of-casting-product/casting_data/casting_data/test/ok_front/cast_ok_0_8177.jpeg,ok_front,1,1,ok_front,0.99991214,True
/kaggle/input/datasets/ravirajsinh45/real-life-industrial-dataset-of-casting-product/casting_data/casting_data/test/ok_front/cast_ok_0_8189.jpeg,ok_front,1,0,def_front,0.6187538,False
/kaggle/input/datasets/ravirajsinh45/real-life-industrial-dataset-of-casting-product/casting_data/casting_data/test/ok_front/cast_ok_0_8192.jpeg,ok_front,1,1,ok_front,0.9995919,True
/kaggle/input/datasets/ravirajsinh45/real-life-industrial-dataset-of-casting-product/casting_data/casting_data/test/ok_front/cast_ok_0_8611.jpeg,ok_front,1,0,def_front,0.5961074,False
/kaggle/input/datasets/ravirajsinh45/real-life-industrial-dataset-of-casting-product/casting_data/casting_data/test/ok_front/cast_ok_0_8612.jpeg,ok_front,1,0,def_front,0.5861749,False
/kaggle/input/datasets/ravirajsinh45/real-life-industrial-dataset-of-casting-product/casting_data/casting_data/test/ok_front/cast_ok_0_8614.jpeg,ok_front,1,1,ok_front,0.9974049,True
/kaggle/input/datasets/ravirajsinh45/real-life-industrial-dataset-of-casting-product/casting_data/casting_data/test/ok_front/cast_ok_0_863.jpeg,ok_front,1,1,ok_front,0.99996877,True
/kaggle/input/datasets/ravirajsinh45/real-life-industrial-dataset-of-casting-product/casting_data/casting_data/test/ok_front/cast_ok_0_8637.jpeg,ok_front,1,1,ok_front,0.99668,True
/kaggle/input/datasets/ravirajsinh45/real-life-industrial-dataset-of-casting-product/casting_data/casting_data/test/ok_front/cast_ok_0_864.jpeg,ok_front,1,0,def_front,0.5806931,False
/kaggle/input/datasets/ravirajsinh45/real-life-industrial-dataset-of-casting-product/casting_data/casting_data/test/ok_front/cast_ok_0_8644.jpeg,ok_front,1,1,ok_front,0.9992889,True
/kaggle/input/datasets/ravirajsinh45/real-life-industrial-dataset-of-casting-product/casting_data/casting_data/test/ok_front/cast_ok_0_8652.jpeg,ok_front,1,0,def_front,0.6524844,False
/kaggle/input/datasets/ravirajsinh45/real-life-industrial-dataset-of-casting-product/casting_data/casting_data/test/ok_front/cast_ok_0_869.jpeg,ok_front,1,1,ok_front,0.9994312,True
/kaggle/input/datasets/ravirajsinh45/real-life-industrial-dataset-of-casting-product/casting_data/casting_data/test/ok_front/cast_ok_0_880.jpeg,ok_front,1,1,ok_front,0.9975979,True
/kaggle/input/datasets/ravirajsinh45/real-life-industrial-dataset-of-casting-product/casting_data/casting_data/test/ok_front/cast_ok_0_897.jpeg,ok_front,1,0,def_front,0.6207564,False
/kaggle/input/datasets/ravirajsinh45/real-life-industrial-dataset-of-casting-product/casting_data/casting_data/test/ok_front/cast_ok_0_903.jpeg,ok_front,1,0,def_front,0.62738615,False
/kaggle/input/datasets/ravirajsinh45/real-life-industrial-dataset-of-casting-product/casting_data/casting_data/test/ok_front/cast_ok_0_904.jpeg,ok_front,1,0,def_front,0.60924196,False
/kaggle/input/datasets/ravirajsinh45/real-life-industrial-dataset-of-casting-product/casting_data/casting_data/test/ok_front/cast_ok_0_907.jpeg,ok_front,1,0,def_front,0.56166255,False
/kaggle/input/datasets/ravirajsinh45/real-life-industrial-dataset-of-casting-product/casting_data/casting_data/test/ok_front/cast_ok_0_925.jpeg,ok_front,1,1,ok_front,0.9999567,True
/kaggle/input/datasets/ravirajsinh45/real-life-industrial-dataset-of-casting-product/casting_data/casting_data/test/ok_front/cast_ok_0_927.jpeg,ok_front,1,0,def_front,0.6032869,False
/kaggle/input/datasets/ravirajsinh45/real-life-industrial-dataset-of-casting-product/casting_data/casting_data/test/ok_front/cast_ok_0_932.jpeg,ok_front,1,1,ok_front,0.9999598,True
/kaggle/input/datasets/ravirajsinh45/real-life-industrial-dataset-of-casting-product/casting_data/casting_data/test/ok_front/cast_ok_0_935.jpeg,ok_front,1,1,ok_front,0.99994564,True
/kaggle/input/datasets/ravirajsinh45/real-life-industrial-dataset-of-casting-product/casting_data/casting_data/test/ok_front/cast_ok_0_937.jpeg,ok_front,1,1,ok_front,0.9958389,True
/kaggle/input/datasets/ravirajsinh45/real-life-industrial-dataset-of-casting-product/casting_data/casting_data/test/ok_front/cast_ok_0_942.jpeg,ok_front,1,0,def_front,0.65130466,False
/kaggle/input/datasets/ravirajsinh45/real-life-industrial-dataset-of-casting-product/casting_data/casting_data/test/ok_front/cast_ok_0_952.jpeg,ok_front,1,1,ok_front,0.9999769,True
/kaggle/input/datasets/ravirajsinh45/real-life-industrial-dataset-of-casting-product/casting_data/casting_data/test/ok_front/cast_ok_0_960.jpeg,ok_front,1,1,ok_front,0.9998091,True
/kaggle/input/datasets/ravirajsinh45/real-life-industrial-dataset-of-casting-product/casting_data/casting_data/test/ok_front/cast_ok_0_973.jpeg,ok_front,1,0,def_front,0.6508547,False
/kaggle/input/datasets/ravirajsinh45/real-life-industrial-dataset-of-casting-product/casting_data/casting_data/test/ok_front/cast_ok_0_975.jpeg,ok_front,1,1,ok_front,0.9984792,True
/kaggle/input/datasets/ravirajsinh45/real-life-industrial-dataset-of-casting-product/casting_data/casting_data/test/ok_front/cast_ok_0_976.jpeg,ok_front,1,1,ok_front,0.9999944,True
/kaggle/input/datasets/ravirajsinh45/real-life-industrial-dataset-of-casting-product/casting_data/casting_data/test/ok_front/cast_ok_0_989.jpeg,ok_front,1,1,ok_front,0.99965084,True
/kaggle/input/datasets/ravirajsinh45/real-life-industrial-dataset-of-casting-product/casting_data/casting_data/test/ok_front/cast_ok_0_9918.jpeg,ok_front,1,1,ok_front,0.9961402,True
/kaggle/input/datasets/ravirajsinh45/real-life-industrial-dataset-of-casting-product/casting_data/casting_data/test/ok_front/cast_ok_0_9920.jpeg,ok_front,1,1,ok_front,0.9994758,True
/kaggle/input/datasets/ravirajsinh45/real-life-industrial-dataset-of-casting-product/casting_data/casting_data/test/ok_front/cast_ok_0_9925.jpeg,ok_front,1,1,ok_front,0.9947923,True
/kaggle/input/datasets/ravirajsinh45/real-life-industrial-dataset-of-casting-product/casting_data/casting_data/test/ok_front/cast_ok_0_9926.jpeg,ok_front,1,0,def_front,0.62776047,False
/kaggle/input/datasets/ravirajsinh45/real-life-industrial-dataset-of-casting-product/casting_data/casting_data/test/ok_front/cast_ok_0_9928.jpeg,ok_front,1,1,ok_front,0.9981542,True
/kaggle/input/datasets/ravirajsinh45/real-life-industrial-dataset-of-casting-product/casting_data/casting_data/test/ok_front/cast_ok_0_9934.jpeg,ok_front,1,1,ok_front,0.99965894,True
/kaggle/input/datasets/ravirajsinh45/real-life-industrial-dataset-of-casting-product/casting_data/casting_data/test/ok_front/cast_ok_0_9943.jpeg,ok_front,1,1,ok_front,0.9999782,True
/kaggle/input/datasets/ravirajsinh45/real-life-industrial-dataset-of-casting-product/casting_data/casting_data/test/ok_front/cast_ok_0_9955.jpeg,ok_front,1,0,def_front,0.5846257,False
/kaggle/input/datasets/ravirajsinh45/real-life-industrial-dataset-of-casting-product/casting_data/casting_data/test/ok_front/cast_ok_0_9961.jpeg,ok_front,1,1,ok_front,0.99966407,True
/kaggle/input/datasets/ravirajsinh45/real-life-industrial-dataset-of-casting-product/casting_data/casting_data/test/ok_front/cast_ok_0_9967.jpeg,ok_front,1,0,def_front,0.5930401,False
/kaggle/input/datasets/ravirajsinh45/real-life-industrial-dataset-of-casting-product/casting_data/casting_data/test/ok_front/cast_ok_0_9973.jpeg,ok_front,1,0,def_front,0.57409185,False
/kaggle/input/datasets/ravirajsinh45/real-life-industrial-dataset-of-casting-product/casting_data/casting_data/test/ok_front/cast_ok_0_9975.jpeg,ok_front,1,0,def_front,0.6371917,False
/kaggle/input/datasets/ravirajsinh45/real-life-industrial-dataset-of-casting-product/casting_data/casting_data/test/ok_front/cast_ok_0_998.jpeg,ok_front,1,0,def_front,0.65985996,False
/kaggle/input/datasets/ravirajsinh45/real-life-industrial-dataset-of-casting-product/casting_data/casting_data/test/ok_front/cast_ok_0_9988.jpeg,ok_front,1,1,ok_front,0.99997807,True
/kaggle/input/datasets/ravirajsinh45/real-life-industrial-dataset-of-casting-product/casting_data/casting_data/test/ok_front/cast_ok_0_9993.jpeg,ok_front,1,1,ok_front,0.99992657,True
/kaggle/input/datasets/ravirajsinh45/real-life-industrial-dataset-of-casting-product/casting_data/casting_data/test/ok_front/cast_ok_0_9996.jpeg,ok_front,1,0,def_front,0.6016202,False
